PC0,PC1,PC2,PC3,PC4,PC5,PC6,PC7,PC8,PC9,PC10,PC11,PC12,PC13,PC14,PC15,PC16,PC17,PC18,PC19,PC20,PC21,PC22,PC23,PC24,PC25,PC26,PC27,PC28
-2.6572561237042804,-0.5533113916638124,-0.332296035917078,-1.8268256338437248,-1.2830388423465413,-1.0728536505153685,0.9727488280382016,2.718838816619667,-0.7373174553754505,0.537440206272486,1.8358584412464736,1.5015244655651343,0.1813043565082319,-0.8484616189309933,-1.651398140920814,-0.23844263495665288,0.4612955392743416,0.4530058462465278,0.8721208436201052,-0.7934559450554127,-0.47950961965930206,0.09328292981933037,0.39336899629713923,0.382766502886082,-0.014424890866497658,0.5370359656135716,0.16506399472337796,-0.25128149771388547,-0.32509877158039424
-2.658106945015266,-1.416540141672476,1.2847193242285775,-0.20254627393268934,-2.10175928813167,0.00682264848757203,1.616919870146513,-0.734884772167145,0.18670654222519775,-1.2411945978569352,0.4258367212330684,-1.1288173391102518,0.5336343910869209,0.05311388048184853,0.8002327072407457,-1.0051740058460037,0.04784643958089871,0.669960884895579,-0.30362400776890314,-1.1611594314232683,-0.20317079681047048,-1.202697704764864,0.0011144542080117276,-0.022056028684868844,-0.12487843806193002,-0.40592563448994384,-0.2915133660107415,-0.23584084436161354,-0.1371980891310404
-0.012754145666017295,2.8138631687393674,0.11596908507892792,-1.1224870239097606,-2.3636836311533225,-0.1789758585698078,0.18849999447892998,-0.9979158882557035,0.47271403629600095,-1.4374558791149727,-0.0663574875839873,-0.3734938254208888,-1.1296220499741028,-0.21694132072234543,-0.2723270265057405,0.4554491517000099,0.6243061806314658,0.5809643265242537,-0.8273205154158939,-0.6659223982458502,0.24975897445601314,0.21828116838982012,-0.6577590044038872,-0.25063136745920084,0.2608273289872122,0.15491857667142292,-0.081810116718396,0.24362334861467091,-0.48400578135509603
-1.3764230406059677,1.9153379532257016,-0.41649259258076804,2.047633158779547,-0.34347630870332474,-0.4632568133798602,0.34552523240823074,-1.92093649626022,-0.25337952515207196,0.11236157151820281,1.3958517285719816,0.47119859790375934,-0.05724818250805148,-0.7495294201887821,-0.6959669397221491,0.09519059816316035,0.4323515786442039,-0.2643490061746661,0.6854596489226432,-0.061199260947435115,-0.009607421560933447,0.7845998937301876,0.17504310155533123,0.8309302421988273,-0.21688554302432245,0.5429007476712095,0.4327748941923989,0.4863757872454128,-0.4418248926523686
-3.0011001227475886,2.9998991727122184,6.045997573434823,0.050877716734650684,-0.06398743532906802,-0.7332411851797691,0.7936088524757241,-0.20731902583100353,-2.1158808898046155,-0.05739542188191989,-1.0387245778403407,1.208366586280558,-1.2713892638072202,-0.6433317893477546,0.30149742321835754,-0.19579079188488746,-0.5912885576471866,-1.5680603796771777,0.0935340325438315,-0.8697621109805499,-0.4755175040234338,0.26725109890074544,-0.3278188374627022,-0.002154210308528679,-0.5026033306526453,-1.1295682308686152,-0.27681941195306764,-0.45462995516172944,0.675338516162579
0.36855815721727864,4.214240100404996,1.904315691725295,-2.464530316833052,-1.4702618511464707,0.7428629666932527,0.7528270337001598,-0.36989480699786226,0.6830779948760366,0.3015574078455931,-0.43959979316833236,-0.13851951575870552,-0.4449100681439854,-0.014117572761305533,-1.2433553283799899,-0.7801322972602083,0.8668426103421013,0.1879383345926611,0.9053476952525614,0.904701928246137,-0.6433136652797451,-0.5443515454553697,0.23656239197347675,0.11836190927775386,-0.15614471926372542,-0.6558812621274251,-0.4836416216037867,-0.20620846157033104,0.13881665860966355
-0.7778082403583337,0.6610821537051591,-3.686159269518606,1.3223584960635621,-1.8843556635552703,2.2670502822118457,0.06959219354139759,2.1093541837736747,-0.7855537747334227,0.9436966092059927,0.27658701408337116,-1.2361337175919918,-0.9200647330364612,-0.44050858927946224,-0.8859023826804748,-0.17904469735986975,0.6578796478467799,0.33415442423835645,0.09026525343719105,-0.07024703709155322,0.4027167125448369,0.15568358699008308,-0.7467716127072238,-0.41687146865920766,0.8110578486541347,0.23308517735566975,0.0032637437019097135,0.21626112662072855,-0.31059613985804885
-2.765425827714731,-0.8697027699602794,1.7189571636674823,2.2804560866612897,-3.000843691843792,0.552152340146561,-0.03022747356827011,1.7265553765487864,1.0180438027436813,1.6049337046117247,0.31090491645755186,1.645773338120728,-0.5372759261275603,0.2625874793331148,0.13383201191343294,0.8674246235757875,-0.3976385557945723,-1.0180665459992297,-1.5956788995471487,-0.3437671857012414,0.8031198203034438,-0.6552368021742735,0.035102465121147286,-0.22121152817223583,-0.04214955112828987,-0.3566521810690795,0.015658080517886797,-0.6604424496208968,-0.6307493230537176
-2.1261325385345273,-0.904351305621871,-1.90826703215273,-0.5655778353931756,0.9312068405832923,-1.3009910701530256,-0.5473003341737918,0.312357250918512,0.5441898784025139,-2.5442073831910634,1.861249380613798,1.290547066993532,-0.6739171954799552,-0.9657445060805957,-0.12711548541832424,0.45894595817122835,-0.4134335342892198,0.004740498114764514,-0.13172718925589652,0.9435651207700376,0.29261625728695734,-0.6110989068868358,0.6581268010612076,0.24683045362129077,1.2151193314661912,-0.07756509231244856,0.5697224896425463,-0.3782194987166169,0.16831645356084912
-1.613055157553301,0.8977898960482875,3.912490635011468,-3.6341133455541823,1.4972498746566412,0.9510901507790619,0.5001655735411128,0.969350404345841,0.6198195875097454,0.8988655244955713,0.3794153313081062,-1.4429685642856063,1.246287456957159,-1.6905728504895698,0.023274453227671854,-0.03760431020715632,-0.7083370969671321,-0.2839609602481472,-0.2717339316955765,-0.39536900537996006,-0.24336804407719304,-0.2038705996783064,-0.33922766001708404,0.5868413910075445,0.7112943077886612,-0.8681731808180208,-0.9381673529387085,2.066060090480251e-05,-0.3625205266977387
-1.4083086658995336,0.9123235035199456,0.6541633275796095,4.026011866303867,-2.747038363042213,0.6842194084359665,-1.4041089056781824,0.49720799357390844,1.3546526613651506,-0.287165754008703,-0.38855154536417,-1.0257229965716832,0.6998819364279545,0.9479412042690598,0.4348513441352099,0.19308426607585788,-0.06831839432336914,-0.02640361078376751,-0.4301975388321791,0.8817616530228075,-1.1725100736419571,-0.23590145245668692,0.09287245298969611,1.1996130484113934,0.49382519175461376,-0.4033862379750192,-0.13792360394787828,-0.28067200376264984,-0.19783783176933606
-4.423382982914613,-0.7979806570309887,2.866238225101112,2.1048835204596075,0.5709052030718231,-0.9588170822414821,0.9557315782506904,1.5609459749727446,-1.987778287345089,-1.6813373910493874,0.08166953046140277,2.0625118946560153,1.2127999824805202,-0.30247396923704045,0.6860580367469552,1.0125945965317744,0.3598558119478958,0.12450163506065626,-0.12504772407628084,-0.13716978045237724,-0.029525874997303962,0.10191808258592967,-0.48541016959632416,0.9763403090000037,0.6384179630633242,-0.21908668930340378,-0.12705260390512071,0.013020689923277338,-0.33595105655087976
-2.4201887469708225,-1.8389931700290512,-1.23306539020478,-2.183534448453781,0.6805061780457904,1.8924608825460678,2.0574344576192622,2.7035245771646763,-1.1219773588552988,-0.7149034807227378,-0.2637263464455562,-0.4626919255024618,1.411376626070069,-0.6883084222227082,-0.7965345825794492,-0.677860036256843,0.4123844779777305,-0.3759256518184824,1.105536625657925,0.04503243649841605,-0.423274915092758,-0.8186414918427362,0.19146601703631316,-0.1341572047957935,0.9636387277960065,0.18800606866088138,0.4406818206364757,0.43926352948908043,0.5045918951475774
-3.6123425009002643,-0.6928192070923475,1.2448085735189225,-0.3414755887771614,-0.4126679795316162,-2.7059360676768867,-0.6253365330247596,0.37897770823024995,0.14904577071186698,0.7550965362145564,0.1425848475636477,-0.005142679931572985,-0.39227629799452357,0.7475322683449804,-0.3020860391477107,-0.8289790117280655,-0.5892381580792911,0.5131356383747887,-0.1414456085760169,-0.19458402846137576,0.11163460905759917,-0.44395249499265343,0.977350565618601,0.32667898321554184,-0.2962244520761471,0.2835608565191035,-0.40189276508293603,-0.006790249278286074,-0.35902397666695823
-1.4852405469028267,0.12203912332001207,-2.988572628414957,-2.5961428344600788,-2.618315461752884,-0.014474978927183703,-1.6615078067231492,3.053311165775618,-1.8544495106582348,-0.113825421296617,-0.9033057787490841,-1.420183436525005,-0.3679878723124766,0.6363228790450406,-0.5933255978184888,-0.4020760003405562,-0.40191552875420067,-0.32024713759050755,0.21452532703096763,0.221820445047418,0.5682958553824872,-1.5013404845921967,-1.0037464450203508,0.10004350586172463,-0.12506650655994725,0.04121540071482009,-0.17767885291088678,-0.02702458276272884,0.21990881244649232
-2.95390562047833,-2.2183244945863922,-2.5737725128318476,0.6761171368541421,1.092189516112399,2.55115305918839,0.8039443933626419,-1.6301737210630387,-1.4253042006273433,-0.3598495064181745,-0.9886096281795175,-0.2452252408535711,-0.40313634483380817,-0.6270823958877262,0.8789885998109209,0.2814541331437065,-1.1465784811434998,0.3166850778634438,-0.8028681151735246,0.6734016418057109,-0.5299868480839602,-0.35173477889506954,0.25314288709008553,-0.1271928864045992,0.73727253483752,0.5691292406263369,0.06007565911994417,-0.01643552280284915,0.4550256228112918
-2.3118391006826906,-1.1796771807041573,-2.496137443835338,-0.5117276479039686,0.31862036712677483,-0.9959412444589477,0.07683348003307709,-0.13765802413489678,-0.5573413039338262,-0.6199528156504148,1.2281292027939288,-1.310616294570753,-1.0358294502146832,-1.424122217957531,-0.2615501881555129,0.6682880796046626,-0.11669072978316228,-0.4075739158014031,-0.12921820960089977,0.9545048045372173,0.09931601271103313,0.36025961383660765,0.06828403309971644,0.5740105246069992,-0.7931259305118362,0.5598565947290773,-0.5626610318265338,-0.35955758317823205,-0.03854187957181856
-1.2485274378946885,1.2206559626401317,0.6275690205291744,-2.4416392312450457,-0.5213310483191951,0.4136874724853421,1.2668674716494321,-0.948134223281133,-0.19662041120648185,-0.2010226230127047,0.3471942909657842,0.6089380355134358,-1.8419516738013657,-0.03161906172550518,-0.8126980100248962,0.3097652474235129,0.19798896828485865,0.7883793383270008,-0.6290173647307556,1.033692654985898,0.8188690982336634,0.5981758199201611,0.7162768673334682,0.09884379175212557,0.6754084770215459,-0.573360692532165,0.29910845901866817,-0.604545070827063,-0.018218829610389328
-3.763832910574348,-0.9646524064542522,0.020624351493919106,1.1649907103378838,0.771933697135111,-0.6457450027112185,-0.8954908336371115,0.7658418642916452,-1.3738882688732195,-0.36742353299661445,-0.6323528405419278,0.515766079728263,-0.6857097470995277,0.17416081185436133,-0.31770459066376694,-0.10566034150919489,0.28559305346084785,-0.10116138635465925,-1.2793356980698192,0.30172968510213977,0.25279883577032836,-0.23625438886350936,0.5956694832776099,-0.6539038371234908,-0.4856378175896104,-0.3439308190067869,0.1393817649821313,0.5194605831223219,0.5922402249541989
-0.3076534725458054,3.008682468137983,-0.15008882050357827,-2.009055916712519,-1.217689403126532,-1.166704087677059,-1.1682332470768189,-0.7812811092643932,0.26366864867231804,-0.07866446159446681,-0.7650835081633922,-0.8537178395880436,-0.3041262999812281,0.36348333252226006,0.042807028900824065,0.3435179554850689,-0.7348867126173121,-0.2329983015871967,0.15822395976484588,0.22764748553833006,-0.5912196816818417,-0.6109879179587072,1.1819541454092977,-0.4258808213686606,-0.2469371700475489,-0.22241309237552506,-0.09074279658585276,-0.1736285932175327,-0.1377923069335476
-4.444616027976647,-0.8357928624133334,3.7886991159883543,-0.13878814046367188,-1.8066955145363934,-3.0564767575554233,-1.3034602868328002,-0.481080184187311,-1.8919901432166322,0.39406124111770624,0.8238426230995455,-0.6263825757653466,1.010217898036249,0.009541291896065044,0.47486077976631136,-0.4692418415635427,0.14471553283122365,1.0301401369829357,-0.16207317763758378,-0.9437142764655978,-0.3768391674620634,0.49593629097063585,0.7531622096797839,-0.39477153698170986,0.4357359910661792,0.04047102861979797,0.3921811948413971,-0.8595691915639189,0.3036051085349645
-1.24450650040924,1.3429399036120069,0.1642895974877109,-0.08318311842004573,1.3510666075231426,0.044582948192557856,-1.194316178990405,0.045683268606547416,2.082688792740085,0.42883795580241674,-1.1025332099850518,0.08769744699534429,-0.6626308338921033,-0.5950505354684497,0.36461305820711254,-1.3764518031742738,0.1914563028732077,-0.6415318415839802,0.5147322477507782,0.23431362666041453,0.8262857885125412,-0.3685538585072121,-0.9068665014385882,0.09337922035263285,-0.22836319338308828,0.46891918050989323,0.21891238992882348,-0.21081796356616572,0.5848849406506532
-1.3886189719327198,-0.140309944696498,-1.6946912649243433,-1.0705818299421552,-2.7374916953372024,0.4784231021695169,-0.7246908023834029,-1.2073295015536953,0.2927048537499186,-0.017410376345849812,-0.18442247966931738,0.47557404697063616,-0.4150505127800746,0.22190077433080593,-0.15756105442978838,-0.1339506511501559,-0.5165889376623654,0.85670906728369,0.6491478548509269,1.0314416644471396,0.24470547449490276,0.09271604257298384,0.13307869543245676,-0.1527602893822355,-0.3628638963489966,0.6663199293978049,-0.644337852444644,0.6176662934003628,-0.11814695921105405
-4.468907977857037,-1.4106379577607988,1.8490111946059482,3.632144477549875,-1.3284126099402267,-1.0112380019316918,0.6726231735343375,-0.9787092448786926,-1.6240640730494682,0.31479337511007377,-0.07379795724880814,-0.5365307055972353,0.48186749091650816,-1.0444956189327586,0.21320917173024204,-0.17822840542795587,0.6549309019178314,0.7472951205930018,1.2830373828515882,0.05698084619140376,-0.7055195846848129,0.21195543380424858,0.013394391994495825,-0.3374035190869089,-0.04102852773499002,-0.5184054341677647,0.4944234392313198,0.016920660018593783,0.12727828741125952
-2.5126560847679804,-1.0694689722291983,-2.564925181792985,-0.815471065676022,0.9803478637115968,-0.4754079714179705,-0.3747698412810711,0.5315128761895748,-0.8375549856823457,-0.33728856762565707,-0.872601890229038,-0.4701150614829189,0.2390552011571679,-1.3162995490497849,-0.5483594502116125,-0.08210907527711853,-0.709660762096292,-0.04804246409398342,-0.1956729614068059,0.07940068994011197,0.8267806687359653,-0.1439050271951929,0.17704347442393636,0.06915935698064916,0.025836186987538035,0.7945346022198114,-0.832847276819084,-0.42966750178273533,0.05343151928925662
-0.8365466548967752,2.8267237131485645,-1.6553933145700237,-0.2425789013649907,0.9236947810153351,-1.1991662591639796,-0.7453900643791282,0.7022279898927962,0.04183498492042947,0.6423404515684861,-1.1836994938067023,-2.008166380695798,-0.4554219182221047,0.8850821663382922,-0.48089813654819275,0.3110982459046204,-0.8103590941262357,-0.6206909791655271,0.8671113262164104,0.0958513861945944,-0.26259317917114805,0.4410495299923429,0.8290770174955209,0.2880776004701262,-0.8374923618260931,-0.6881094312621095,-0.8665833937893784,-0.027409637267395644,-0.30576301229603536
-1.465692142822324,0.32403968115238196,-3.3481334336868502,0.6821916617699663,-0.12363935233052163,0.7865800000442555,-1.852406762655947,1.0484159621936016,0.44596745714607006,1.4724765067944023,1.1882766774948135,0.8856307552761398,-0.989644571643379,-1.1237595812097372,-0.46920904426206256,0.16790146703998476,-1.1382735570682487,0.30917532120115604,-0.28591598205777263,1.7202533338193517,0.031446613165795466,0.7635907247487536,-0.29345701684103154,-1.2295939712522292,-0.22258419675270383,0.4237333740497919,-0.6502883738821986,-0.4042454658197207,-0.3303530165276169
-1.7084542265047888,0.9100377701891312,0.39176129046018376,-0.8091304992452402,2.6959053957804993,0.8507888702334365,0.717852138148682,0.389951684497078,0.895910612085541,-0.7761646821681767,-0.3762213780327173,0.5832133973760899,0.5260638030266693,0.24962426431870946,-0.8734642524939805,-0.9118155328077255,-0.6200075140007983,-0.5302059201790229,0.13610408105929953,0.5054358210209285,-0.3585964428848769,-0.25355762400179327,-0.1292962476967757,0.3598016439475657,-0.36750566034048193,0.13611385627741063,-0.3035053757149952,-0.5160412887970534,-0.5405519669934302
-0.10158888968556778,2.978780533529599,-1.850131402021389,1.4615691593268842,0.3133870755655486,1.7608598588045525,0.7332972863553168,-1.5661531045096513,-0.47027726500005196,0.8475704074890352,1.465340084871084,-0.10566317570778089,-0.2615817343588242,-0.5982489198593637,0.013939092233290783,0.616649427326824,-0.22702012687456052,-0.41671024995306544,0.03444272835806795,-0.2690978540880346,-0.8878617500223096,-0.022881464091485452,0.24339312805759747,0.39318211672718123,1.3088452239524608,0.05355937008488644,0.08331080237684169,0.2826965803394403,-0.1946915198729138
-1.8186395472478594,1.3899415943555076,-1.7947434346209192,-0.8107966497854536,1.9906210854607522,-1.698548260367112,0.2929579668870561,-1.0432843709607738,-0.0672235829250494,0.8865074493219691,0.09434806591835669,0.18668457568562988,-0.1072239523701321,-0.09011499101793925,-0.7779473219409828,0.004672388452530837,0.34641179111955617,-0.5523742103717856,0.14064181251470723,0.6170398120643916,-0.7494662770070847,-0.5485894930286231,-0.23117006882312766,-0.5872991525213598,-0.16132930036406087,-0.17271807594857674,0.5818084496211766,0.46835070660711803,0.0033000294514203593
-0.22980136349256983,4.121893394761787,0.23941375358251796,-1.6624906975551808,0.017927523573734453,1.2292230785250142,-0.9033563250390221,-1.1282573448380169,-1.9798383940443904,-0.41233921585587463,-0.9673221251814023,-0.5986710965082033,0.018374671485445828,0.01828302082246695,-1.151174193500296,-0.7514657514889824,1.3745578182116447,0.15866615342316623,-0.9921774009126489,-0.22861774777859936,0.6772801005045217,-0.0007417813460218918,0.12941414765094975,0.2250297773109099,0.3663916643837447,0.300676066190835,0.24757031375591665,0.1376757290840196,0.13162212116605107
-0.17627499429634122,3.66419417358175,-0.9334153228069637,0.9291293331288717,1.761762245923628,0.5208627521630171,-0.5192226106250616,-2.823123662722901,-0.8373577965175978,-2.3717914671995484,2.6098298057967275,-0.7896972861928049,-0.5128312748692853,-0.02727281526624692,0.7631760741812301,-0.6903620188810247,-1.0319346769862017,0.6981433287315557,-0.5116803410333333,-0.6939199173968205,0.6314461608077129,-0.3624639293644638,-0.23703365483108385,-0.04750164320218327,-0.13101804887980356,0.4370658048210823,-0.1432404439329577,-0.5717573010221211,0.18056546502293447
-1.9095805004863904,-1.0770278127549304,-1.1047581406870806,1.0579193095532933,-1.132341855002686,-0.24337673063687051,0.752006286801254,-1.3569374932006093,1.3225244619196797,-1.1380880880844841,0.1901776142136674,-1.6445890102526552,-0.22902424586450915,0.10330510349674911,0.04543582604496094,-0.6954711497628707,1.0631779834114778,0.17515185677909267,0.16628800301570001,0.08375740888157712,-0.0450235756573627,-1.0645131660954967,0.020743241465242028,0.59549248001129,-0.05234722341173076,0.4568748639262998,-0.6020435369389684,-1.0678113173918646,0.02295789824801978
-2.573109543646724,-1.865305792868562,3.0203965039126874,-0.947887087645206,-0.8850660196985618,3.682890066878675,0.6934193307614557,0.4800790510317083,-0.002787355621666912,0.06232393443097757,0.10103924869468697,-0.6249848543502831,0.4287402092284635,-0.34468571939786113,0.19069046549200225,-0.6869694651466117,-1.4215935224628964,-0.630722183272168,0.24306954579424356,0.00017045761272677792,-0.9435668070690346,0.39058566966218194,0.10338355565634483,-0.34687060815420817,-0.019699907209006343,-0.2585982296223021,-0.4251881427918589,-0.5512262870585042,-0.6464252518314456
-1.5875957343174738,0.0001906311027665046,-2.7018960325612915,0.598894844219538,-0.7288574122731559,-0.4549540170965036,1.5415288843302772,-0.47562384222074205,1.4206543045741216,1.0270595667123052,0.42948268865373584,0.08917034992400054,0.38566492430543786,0.34710450337807136,0.20688442111407906,-0.4388497293573619,-0.8466719693738834,0.06564554164450734,0.3336153616361169,1.427890805442815,-1.2393981423043943,-0.09404253805093574,-1.1984035168901142,-0.21989212754383977,0.17124413711990852,0.3143368539602353,0.6548283702970427,-0.6848492809893849,0.332343507027019
-3.0201358433027883,-1.69089479615456,1.141788604368338,0.9496770406424514,1.0408629232834654,0.8545526461342925,-0.2640155451202806,-0.5786095277083562,0.7349519313806873,0.5499896213077021,2.9382455534962837,0.3626641716477994,0.34584826407465286,-0.1642263786152237,0.30995363423019184,0.1509849381924472,0.20258902290161493,0.4018838547542527,0.3388963028098311,0.701619910480655,0.44737643746878125,-0.5395834528799209,0.3099507503928006,1.0298746380366062,0.42159685739842057,-0.27446932912656896,-0.15847003425134282,1.048191564098342,-0.2746953597887702
-3.1648131769834924,-1.3449423653299863,3.295020766641864,-0.821113618601744,1.501754931625457,0.6288503528284105,-1.754089821435744,0.7413451911843886,0.8928920312939002,-0.41886501767958845,0.07382174081041654,-0.2004257434761341,-1.170094847632002,-0.4485516214039475,-0.8329899768056999,-0.5848757187560762,0.7374847156053818,-0.6966809367707346,-0.359842908891082,-0.5207462778918058,0.07536663190029433,0.38382045383751545,-0.13756905922074308,-0.3658290600415536,-0.3239464233975578,-0.2199638741474596,-0.10238944794154461,-0.005103567381253152,0.08054613257600814
-1.9992360443711237,-0.9568532983080797,0.9419891685197463,-2.5618349383846004,-0.8418365958680801,0.5185285583910715,-0.17158452264130247,0.19755789120704903,0.8344759973858105,-1.330905425902773,-1.188593702792651,-0.09828409040527164,-1.6446045358727603,0.4439940399769185,0.08318700665333376,-0.5588697297161409,-1.2692042927967064,-0.26819015769586746,-0.5708783269150632,-0.22341166827316827,-0.568572776130386,0.9540249325396555,0.06533795711553027,0.020645302019753838,1.310267805711481,0.06265515975170602,-0.4183232798603388,0.3153674321567328,1.3692995916765676
-2.3300637618621427,-0.6536808123380828,-0.4892536467962582,2.274127287230878,-0.6838051039929146,1.7128546457891478,-0.6949113273680114,0.2570827060573667,-1.015303343229275,-1.3447584020732835,0.5420693816237019,-0.5203390369720161,-0.22972434765173627,0.05053989217163227,-0.025476919168959302,0.8009121904914501,1.062571559967449,-0.41320187495154737,0.1679617074879612,-0.2667878827101029,0.4659574925028921,-0.6224054926051856,-0.5171715559645913,-0.5749785489839703,-0.16436680826650313,0.4796130412915305,-0.8102834902451602,-0.09168351692426324,0.2613082277740433
-2.48295831399773,-1.3477485822297757,-2.948365056502265,0.5190895307564003,0.08345907934208303,1.475740454288911,1.2024462409152623,-0.28990513609198626,-0.7541373641823232,0.6378558811711518,-1.6993932321034055,-0.7248412948339461,-0.8314519007017888,0.6185754496729754,-0.06068314614221182,0.2449050691251768,-0.6820636672064366,-0.03726596489708698,0.42630679937439736,-0.25738258237601896,-0.6759518451079051,0.1928527182754097,1.0566413970533501,-0.2422353954256785,-0.34268754743635815,-0.12923602339942805,-0.5136272301120002,-0.30479719728982174,-0.7966103694298463
-2.055215196429464,3.5597595916149487,4.228166464015809,3.0887484473621547,1.2754901686762141,0.3573106994414691,-0.6345499936245321,-0.8989515804509727,-1.067117942011685,0.13748306032126767,0.04387242993089302,-0.9566638886796771,-0.19856352282851542,-0.14838355739114176,0.09994782457755713,0.5061889546841097,0.27115103847988414,0.5735238691264022,0.26878219971878287,1.5250450727177576,1.7330973734906137,0.1017820307823076,0.5710937659623185,-0.9426293349562388,0.6313484250650409,0.669330650070654,0.5061643795433685,0.15991785963169242,-0.3331720578225908
-4.176296626382096,0.023041076646446522,1.5027466864513523,3.2592840534921517,-0.6314120991507193,-0.9808802725882858,-0.0916458470681173,0.23564849588485612,-2.3923935182815064,0.6467880654405378,-0.7851144042124307,-0.8323648262514475,0.580711182599153,0.11791130269982403,0.7076273096185199,-0.07263259760148583,-0.30621525722497767,-0.46893546987912055,0.014324521668027269,0.909727466527438,-0.6988831236284152,-0.17587470693518517,-0.29398304014091264,-1.3276294503254835,-0.38036518556531107,-0.22230682690073603,-0.014337449149990151,0.43178591986136383,-0.9338163762676384
-2.114239360013012,2.216166092288016,0.371063351236265,3.3201144146208486,-0.5284614035763704,1.9691005100878727,0.688533959812736,0.493660540910833,-2.6079296367878606,0.006618602424186404,-1.0974262999081261,-0.6431716591097456,0.42136661496634853,1.7105100002164344,0.45137414936726894,1.1014539986866845,0.023350535943780372,0.03066965660537109,1.118203998183386,0.04874905805000122,-0.5236989096429078,-1.268854460616099,0.14781889744684112,0.5313746817570228,-0.02241575143107913,0.1285439186628911,0.46999695256871593,-0.28132441889722637,-0.041339859996794986
-0.731283683868175,2.52688942697498,1.6874837143766042,-0.23854078398285408,1.6903126240927102,-0.02085443703900458,-0.8228682844812935,0.8357084643492385,3.483123968575635,1.2347922700913643,0.5678724878328683,-1.0037199489125017,-0.8135834538919231,0.09706114290690168,-0.3150322082850621,-1.2693316793230052,-0.278124197164445,0.6100213090499629,-0.3001206833952273,1.0392150371276627,-1.099146584933446,0.039407359175681216,-0.30657739526500233,-0.4681263877039557,0.020984798474167298,0.22577139889882666,0.7551655251993227,0.2868794201425824,-0.6137329680954899
-4.090424556551894,-0.5252054389496816,1.9323707243776052,1.735035379007801,-0.822613002451285,-3.387486916381588,0.23825377067181283,1.7076818962028826,0.32714303073861545,0.6916713700336922,-0.4897241808771658,1.1188904503044557,-0.08155170553586155,0.1262738410001508,-0.7194378688372811,0.10881774859896907,0.41739176458151295,-0.34459580665600126,-0.8848158284152032,-0.4140132743215798,-0.07286105622691418,0.5548711954664396,-0.4364464517731689,0.19157436579691162,-0.5390837388451512,0.5234273109631418,0.4888993611422643,-0.3830189177401708,0.326865332339609
-1.8017854560264832,-0.044345657069016185,-2.389015529091967,0.6261581730084019,0.20236002010138462,0.12200107224613423,-1.8706974027273975,0.30732890657492634,0.33117647483998963,-0.6296513014494282,-0.4645755602749088,0.6091196131398019,-0.8587816600292955,0.1604515349322826,-0.7938405898602303,-0.8618869670452763,-0.032811748605271265,-1.0661774112489102,-0.22990509535243372,0.2240303622226863,0.12281366264795553,-0.5178224503011065,-0.43690499334568544,-0.20391087781414768,0.10978058286168188,-0.3790683173837378,-0.4197550222738642,-0.15006032340197528,0.4291316168875471
-1.9499654456598003,0.11844393874446177,-0.012050933108227765,-0.5354819141888753,-2.8340860624336095,-0.6547268356589522,0.5322492060943655,-1.478031824815813,-1.5146716598138794,-1.140424254133539,0.20754764194077654,-0.8334577612733932,0.28021689308114,-0.35399257540916584,-0.6272656057406958,-0.7156662106207322,0.1665539740889451,-0.6037435265580469,1.0811932755562488,-0.41565146771741185,0.9141255842870678,-0.2317498661930655,-0.4304975969031443,-0.41602775095232036,0.2809502753045237,0.2675125198909387,0.9158939076752253,0.20976746860268008,-0.25401019553694626
-1.3245307576132608,3.3798630977399093,6.765466015696865,1.0496220776119078,-1.7148644855991009,0.7285348833124765,-2.3181395437300942,1.6753581076787247,1.4683886185836021,0.6601762856245834,-0.12479335133092406,0.012501297773717626,0.5586468737767468,1.197585013778227,-0.17730563457111392,-0.11119474177117143,-0.5271733065014806,0.19022718497215665,0.19321145351597613,-0.4335380797171755,0.8021785467291607,0.45102044903335964,-0.5591834119245404,-0.3969262042022008,0.2032131237218507,0.2056807074547112,-0.6752599084884034,0.3218117969661033,0.6770829058080424
0.8926094219436415,5.381481001694348,-1.4278990496376516,-1.2303150524664936,-0.6692217561043824,2.306515227020486,-1.5238103064686823,0.5553613583824735,-2.0330865553508963,0.22065270288955438,0.6858732605291222,1.5806179290575335,-0.8090412622884535,1.1247447823928152,-0.9339258173890453,0.7474017070880041,-0.7624773219561336,-0.6354931890573406,0.790310317832045,-0.0751673301218206,-0.5883371980403953,-0.4980596541885882,0.16960554996727586,0.6462749722145378,0.4299899934200651,0.18452118259095604,0.8462285852440222,-0.29602876075565343,-0.10288835413113363
0.5728093041042273,4.159858124641925,1.8862287913639637,-2.5915817898027007,-0.9865555036745199,1.3925532924972515,0.30737096704318523,-0.5652500649330732,0.7282827218636163,0.5112143939496545,0.8705463978431558,1.0836769806224709,-1.275562766963644,-1.2331817863734658,0.8328210619528083,-0.23761568328016797,0.7461314028141043,0.7183580790762408,0.9106010993437264,-0.40282821058197643,-0.19310653166745106,-0.38171363775828143,-0.8517660313544434,-0.49722087585808405,-0.039531787596482494,0.025374156793370385,-0.6657755456011606,-0.28907403155665495,-0.24733503392085798
-2.154518150597537,-1.5549686932680853,-0.6597927904867724,0.29058065513293746,-0.08823677750818404,-0.035273988938780886,1.1927810180921483,-0.673867289921998,1.9362225361059993,1.0027473131853242,-0.28450977134963756,-0.9870369335878004,0.0605167404432718,-0.2474649211640193,1.915694329998734,0.40207989043367487,2.1672424951914313,-0.48343859257806804,0.038623234794374586,0.4118608881226369,0.2209127976528425,0.15825079144174667,0.5521285099175596,-0.11539643590262,-0.46446753381269273,0.6013975539541224,-0.8545902467284666,-0.04945662963204192,0.9327280556399924
-1.810965018191668,1.376721930413462,-1.4581777245185943,-0.7428303704701973,1.7038735163319048,-1.7764898174416852,0.685546118945045,-0.9128968678314996,-0.11689214592660085,0.05341174873120571,0.4446429593260032,0.10526667501287813,-0.01392787448009391,0.9739646729881971,-0.31498810826291557,-0.11891838201828078,0.80882789094883,-0.6266555589283994,-1.1830873864971743,0.23821926652988754,-0.8944917239529171,-0.27821604864251176,-0.1999449568954894,0.8914435692816164,0.48842533245543873,0.9305882153082103,0.024543480525955324,-0.34598889495885193,-0.5039571598945196
-2.583502088746232,-2.4692287606555428,1.2257275528121396,-2.8660702294180154,-0.25776618960902686,1.2485290237291131,-1.0266800930121054,-0.3275273124014551,0.06695935522378556,-1.706739518606615,-0.4805571848421769,-0.2545949391551946,-1.1923244370175947,-0.49635673715666845,0.2327928634289072,0.3450697488960972,0.7641098003323247,-0.365660175154997,-0.5796908609201179,0.16785363365349357,-0.47482092277446264,-0.8702469836599991,0.4716834907876293,1.4764781063172372,-0.22343361210097734,-0.5203319585857797,0.10925637695706202,-0.5798633865187988,-0.15697390653172047
-4.5874419000363345,-1.2106533336603438,2.319082290261535,3.2037575823266873,-0.7535690083695578,-0.45474653354480965,0.55110744354284,0.6611180852932937,-1.2786932854218276,0.7587042418461768,0.30900308446467983,1.1382989815339202,-0.2216328285693365,0.2715100074559146,0.0036701470703106266,-0.12199552987890636,0.3028967608291667,0.5756437094541361,0.5038554332284741,0.4692326450479964,-0.24454998988820162,0.5141195954648592,0.008779641672496072,0.4597980293221732,0.2116273885803109,0.07947385858859425,-0.1968855330630667,1.0647547822823984,0.12331160608521928
-4.00460009589663,1.3543835950579461,3.5795807923256278,1.7993552977942333,1.196076993374709,-2.597555152564458,0.23837579968606984,0.2396902883885522,-1.1520668014344702,0.7804202797826991,0.24794083697719707,0.5361033774573394,-0.25003429081797013,-0.5577024273602171,-0.1328098763669519,-0.1940983990678838,-1.677039247514766,0.3867999312872328,-0.21111439453003972,0.438575661428098,0.4893063750936466,0.04125771379913664,-0.6409595261172423,0.13014202262219138,-0.7870477613072939,0.9335003687563302,0.049830113189495824,0.25208915983791885,0.28386339575910335
-1.2899781592476482,-1.9986527200596325,-2.2341292618810913,0.49356044005964866,0.26316143830293615,-0.7100143465374598,0.43718853723528783,-2.2640587434343318,0.5089211647271081,1.0087192299765364,0.5901716525583941,-0.9035421320329403,0.8804812936667538,0.6975663941901625,0.6351628773504491,0.8739356428675589,-0.616270541493081,-0.018504912956739745,-0.10341499097867218,-1.2476084760472743,0.16051415164475616,-0.7674955328399097,0.12725995760901812,-0.4588410708883095,-0.1925199524034332,-0.18430949565590543,0.011197589878351642,0.023520364850294198,0.31644994573072077
0.7933440233763837,3.174057477263633,0.42095732552579174,0.6821226160301713,1.7591631578605318,1.0258830042511364,0.3570920129555152,-0.8509512632248747,0.7675152206018858,1.9485900066347062,0.28729728824817474,-0.6752966255770555,-0.18853927848835622,-0.30344625494729643,-0.49781657341361674,1.1455740846738685,0.36008356084324816,0.4822525204764239,0.5756957820263194,0.7714126054158633,0.21972230070536236,-1.0629448013902982,0.7386721405295591,0.7363064098992169,0.0070190115781946895,-0.40552664206232425,0.19480409673934673,0.5482537216016596,0.4536028226793138
0.8866559035972548,-1.4872271811313678,-1.4195367362740947,0.300537196268684,0.5193354927159964,-0.6210909561443064,-0.8528278893230203,1.17091437899187,0.40516036144375905,-1.2507446450735475,-1.5959334554322702,0.02954265954498112,0.7979086869481824,-1.0274683670773117,0.11311236867103625,-0.40271977712534496,-0.5982964898813397,1.885854341284198,0.14329407904121455,0.20915271370065766,0.09574240893144007,-0.2518830069317966,-0.8926668153126542,0.010316254392658214,-0.5400745585136438,0.0650806876120404,0.35346984397084436,0.1831218849136313,0.15524358127940768
0.6836530745961458,-0.6248101758456088,-0.15880849991716223,-1.3616202182856787,-0.9769764242243089,0.33377874314231354,-2.9424332282191905,0.12024330181618657,0.03197182934015755,0.8329237731532373,-1.43754784854043,-0.4828544536717606,1.3238142795113967,-1.2127608730217343,-0.6597186280735982,0.1254084363683664,0.30166558186375314,0.5382051093813913,0.0210608996104672,0.5038677563106863,0.5176907679890445,0.7638811802183969,-0.0735494897337323,1.2922207978104012,0.14823350250707845,-0.4597522586281313,0.7583042144425078,-0.1164676057619366,-0.16851906296626049
4.674567729777518,1.6196334537771144,2.163331026288155,-0.4591266307797457,-1.3002260325307728,1.3806031855690044,0.4212471183879374,-2.6962721659956017,-1.4149333516327929,0.8957216915456241,1.2386845100288286,0.6110847907322223,-0.9110041064945869,0.42238735672175415,-0.7419599172372372,0.37483144863246226,0.5286955816461405,0.23105809769814087,-0.8674681975366956,0.6732965995054878,-0.2449367665418897,0.2719149762229171,-0.4708626168324531,0.6104339191125638,-0.6077040733328593,0.022569774299168663,0.5274800991932388,-0.896926513629696,0.07738592575409442
1.7785286894339003,1.2959765169578328,0.16171464809673608,-0.7149536120332829,-1.553674188660373,0.678438987041277,0.12146394478526228,-1.0610719342061865,0.4288730029844844,2.5679560369923697,-0.6117979617886254,-0.5308237477324484,2.151607010972491,-0.9542125131070124,-0.3963371366701879,1.4004209524951539,0.09433026186166378,0.09028850413244086,-0.2625851754997035,-0.0015099524937371247,0.4452928207599362,0.706554475690206,-0.20626741516114383,-1.0926255847680257,0.06656909618315741,-0.8663823162029599,0.5142123849771797,-0.9685431727108087,0.5595746141526895
1.297268712976474,-2.9435221153462683,-0.8338044810416665,0.9951847047945331,0.5308105918485879,0.24733395965176855,0.8612380218240495,-0.1777819377762335,-0.05358925421425363,-0.39842035952646443,-0.9139035021913461,1.4052349354303915,-0.5100749565165491,-0.4520997341564852,-0.07868813014155152,0.3958152573076647,-0.24249320013088632,0.16156780436775206,-0.9089081705259033,-0.5330109534127344,-0.09570853448727748,-1.1955745315719541,-0.2104369751426576,-0.2880698083022125,-0.5435925639709829,-0.07473392170438678,-0.0838408007659879,0.44741811068765613,-0.42592670137367955
-0.9135554804645252,2.0133227878021986,-0.7737134474789878,0.17851661921451636,1.9454622273276445,-0.8880087276924846,-1.4332369503590825,-1.6923557937730356,2.002730296211469,0.8344039422723907,2.0281379783371474,1.8604758680651097,0.23243848580519516,1.1023030415529709,-0.5224937430756532,-1.091037644899317,0.22631560708817497,0.1669895868235983,0.07448167855350976,-0.12044567475439939,0.317048065137139,-0.45901292453684817,0.10194387990255792,0.019552108797188602,-0.18846194939228256,-0.31650389540122775,0.022825769333475524,0.33621407489816746,0.16459380525879996
1.5804227149186127,-2.894988763542446,1.0354721339835622,-1.9660828190492157,-0.6252169547395002,-0.9052582242694965,-0.3488468103640464,-1.186910087768715,-0.6262537419651059,0.5501830442585415,0.42074285520145116,-0.6184655056347832,-0.31957812927504,-0.1258774197232663,-0.5103681393802918,0.08018089950618096,0.8903940660264896,-0.8655184928615708,0.2851698446688532,-0.06835612137569272,-0.2913541868827391,0.38196804528518313,0.03864604352520109,-0.3393934702848943,0.6778790548013083,0.5541170439968572,-0.06107751084886779,1.2109885564572886,-0.4800057407392231
1.841425746661955,0.831550528407398,0.8112534010572799,1.0321147582793464,2.2383417904992715,1.5578427481342283,-1.4232199092951219,-0.0796196110477836,0.018734092152708333,-0.26239699322457266,-2.5440258630659534,-0.4803488991798594,0.6444311682891207,-0.9323063095780794,-0.42449004854583755,0.7093132673159217,0.017395420764353943,0.8078746757066565,-0.06766234793844343,-0.6578684560953548,0.020482585221296805,0.3086761381014091,0.5336477397532665,-0.03808891983723863,0.5397995573347691,0.6033789336484126,0.1629023943794131,-0.5178026254584033,0.2220476651049755
-0.2824581404316709,-0.8396913734798906,-1.0483290337942213,0.1771033952884595,-1.9438897273435969,1.7027424979739416,-0.33247363991084733,-1.0384031714252866,0.14042165021746028,0.6652349311477334,0.1394230004998938,0.22903915553490167,-0.3378131351116094,-0.895251590915373,0.09946534601728735,0.5975409475215869,-1.2189541091117666,0.5783115972133299,-0.44306406019601596,-0.9792132133942383,-0.048418430492734296,0.8975481514362738,0.5266023287573944,0.841573704956976,0.2721119499355156,0.7032231988275085,-0.034595397317841975,0.08763642349594375,0.3092703385858594
0.14263765891048327,-0.1385271069770925,-1.0519631661460944,-0.8165389966089986,-3.303872565562335,0.35726787304866914,-0.5191205799088261,-0.6648366395317401,1.4388086279429229,2.0198283127287295,0.028119001326722754,0.6152618074116072,0.17006057246386688,0.9004218162141769,1.9333155087071803,-0.2767674502066203,0.6786870997072691,0.513489070318871,0.5338914157144043,0.24026098183124323,-0.4612538979061387,0.4447553588774462,-0.4454082669898881,0.6287094963316008,-0.30574907179632166,0.28379802048954883,0.2563631665393427,0.46571560705935133,-0.5722536242120168
-1.1243716129425194,0.4077578893662748,-2.072369672678779,0.9859035650696059,-0.6648960405347764,-1.573558584629936,-2.1954541218204384,-0.5684263628337607,2.290873359413592,-0.5932500331369849,-0.5930636186436571,0.7789937470962189,0.8491243954207328,1.062220381844563,-0.11856832834805489,-0.2656914683064067,0.05156251610748753,0.007110062310652612,0.1752010130768479,-0.5102074940363845,0.05398450280566614,-0.16033072888752553,0.17702797993848246,0.09282090732854607,0.32109219769899466,-0.3437878349484133,-0.5394064320495776,-0.20511587132962342,0.2164617156536644
-1.8996024456439042,-0.9258608680823299,-1.7329322790303894,-0.6616091259729552,0.658743235488879,-1.21800946666658,0.16291135447873986,0.8074451514761166,1.157630480133779,0.010020812224039626,-0.705759494216012,0.04911077100690553,-0.6487802165474267,-0.41284121000398083,0.28014748298415404,2.3079188813064504,0.6031556500541713,-0.5473238570330959,-0.3495191293416658,0.33408497246117286,-1.2725019328239937,-0.37921138417071903,-0.4535727336587065,-0.34996413041967084,0.6366788709711835,-0.47374059050445566,0.09195390372960616,0.117763005378672,0.21471858877560338
2.1315215560389644,-3.4957158221212783,0.7186760056344881,0.0993678077523232,0.5176152527920995,-0.14053216251425027,-0.017818963635600822,-0.8290507246173959,0.16160672332869827,-0.05670334848768312,-0.2682685791170351,1.5691108965396159,-0.6958473232479032,0.9860385612529959,-0.43743212528475467,0.555333952645389,0.47091787997282925,0.5306419460167626,0.8892593464693865,-0.44200636976767266,-0.08281926159928268,0.10401471415948217,0.32546390142477044,-0.7519261933017582,1.33132454774297,0.025384698482152402,-1.1100338202829676,-0.21296042789894898,-0.08245599720863571
2.398837241861287,-3.4026111364735123,0.24705012947899394,1.0071161900991294,-0.30929817945322685,-2.0463637724019965,1.3685730439080785,-0.49337577813023165,0.7201476370381366,-0.008828273471155192,-0.7767406577977065,-1.1762374362502575,-0.24211274651732204,0.4086832278656308,-1.4062247096748794,1.1197393241223552,0.14978396612982464,-1.2300224897506853,0.38095933594038534,-0.39750049965669837,-0.2915495502512383,0.31174525360639516,-0.4440136838648184,-0.09074619704761859,0.2532987581694998,0.22929435019371575,-0.44205882458673906,0.1094889005363775,0.009662030103626323
4.591673274247051,-0.4567873472805133,1.7933426333229978,2.538524912386544,0.7997015200101931,0.10341759208304431,-0.09332030378166532,-2.1655981327879137,0.42852273931267976,0.9862701894338598,0.24067594907721532,-0.9864952841478457,-1.046403335345062,0.39351637934665445,-0.4463774488965132,-1.2004141979738392,-0.6273201870138858,-0.8069917243851882,-0.5452154038429636,-0.6581537523439872,0.07660848608899709,-0.04262953032230752,-0.1653676317267881,0.7042363707479502,0.222019659826877,-0.061766252046122974,0.21464037583349838,0.3699151230487855,0.2542103237462085
1.5969168930782398,0.6359963980901666,-1.7338744776451385,1.9099947191581357,1.5054584070263186,1.6501768956799459,-1.441480730523563,-2.219943506779277,-1.639579661992456,3.1864970356983657,0.9636699854988844,-0.004441833303178918,0.7919060585681549,0.1601411537076512,-0.979684109289396,-0.8939752615830698,0.3864836164668419,-0.08944831439565681,-0.274068717707169,-0.31392346121445597,0.6482129834713678,0.5241565973401312,0.1632607310996097,-0.27984154740906714,0.5093137111719899,-0.7596883899812368,-0.8151648994417457,0.07952839706150906,0.4022411491041017
3.5419581776937945,-2.1981046425532242,1.2282897895705913,2.204353246116098,-1.2387448390344313,0.12245382588991141,0.5522372835756151,0.6793618744330822,2.59370350433595,0.9966591971638635,-1.820746426512056,-0.7635062212488443,0.1606455748263032,0.08136543464765447,-0.5402495830274788,0.46793344231183615,0.16878839658343991,-0.7670494429233379,-0.062658031645817,-0.8056773011875712,0.07956288125132396,0.25722419827214693,0.19845320130834035,0.22838711443460138,0.3106388132201515,1.267064457091661,0.7581426904546814,-0.6333831956222291,-0.47959375451328917
1.3108520497722325,1.6528536388792647,1.3813378534543137,-3.400520240795062,2.1779193575947144,-0.7245261827226819,0.6444195473840645,-0.6854554951880314,-1.7969483130686676,2.726254739858162,-2.3488441880785613,-0.6410051328839,-1.0725778853526888,0.47353700772416746,0.6945748006826793,0.4984511603739164,-0.34523215381982775,0.3686748317488956,1.076623649530348,-0.049181085686947464,0.019932680497619357,0.4286908889427385,0.5051647712127688,0.05834613254975024,-0.315471359474675,-0.6254692046585592,0.34664078813761984,0.10199902282436167,0.44333171000360194
1.352214157934929,1.7530064289217635,-0.7671870740229504,0.8005570503102076,0.7254212139668569,-0.5232239733567375,-0.32403232547797395,0.2295109524438033,0.7412469632855337,-0.9074340368901503,-0.9307304912580212,0.890363377133287,0.2951855354430655,0.7128539659996345,-0.23390021960770657,1.0691316197323149,-0.11632089874934835,0.19758303688330048,0.38961168836729354,-0.7863136062606656,-0.666649725252066,0.1752004696915027,0.032123800719315435,1.2694925275284206,-0.7706876510299916,0.8418709281247424,-0.019525825600996062,0.021867060934128407,0.6709402747416896
-2.0826940138642245,-1.585215368787683,-0.8284600583720834,-0.2129309108775356,0.31513285442689315,0.4483125908613903,1.2726058884297764,-0.10841811125674465,2.0619049498359714,1.8782229709956253,-0.8189306709465799,-1.3358454269840792,0.08756136595107832,-0.13782525951273242,0.5424262869358227,0.21446024321184495,-1.260341802837528,-0.0028123826097443978,-0.4938069996557735,0.04389519647438208,0.3772135314979558,-0.30785588674457565,-0.2892845985593327,-0.13003105064784262,0.47531514218188153,0.3996411881989981,0.24595615772026316,0.12851807091139578,-0.05133605696295085
2.2872856458384296,-3.5002126055038807,1.0759799329150856,-0.27335747027457696,-1.6057625975895298,0.6434317803837408,0.5490709652524262,-2.100446605797643,0.13140895679862338,-0.014505709921967851,-1.5715472401947619,1.8724535498227592,-0.8177450058097833,0.45240498407899177,-0.3737318942789306,-1.4711563735594213,-1.2990426387732104,0.16405515658407696,0.2402046815045616,-0.0465084597309038,0.037109770704203376,-0.5285756589088897,-0.7056169360725738,0.6524657333484921,-0.18931723272658005,0.29377201033943123,0.04968269621752724,0.03613447241716332,0.609385055057797
3.7259405651880524,-2.534228613919952,-0.442562454702845,2.3742546452541657,-0.19331509583278045,0.949458564415401,-0.5740227411163407,0.39085247840770115,0.03414475176613881,1.4940519759946396,-1.254997412331064,0.2900379888559146,-0.3191552289735367,-0.8963552316155983,0.1517987163302111,0.21012334897061866,-0.4072213880015094,1.4289334320692952,-0.6251715921490819,-0.31001807038339885,-0.5302436033298684,-0.7381753576838344,-0.4869043055705372,0.9141633002721528,-0.11461384638655707,-0.573880669506271,-0.1891924950144034,0.3255687400720118,0.020685594725774283
0.9589117517165566,-2.8382778179312025,-1.4995498253046635,0.21650538839098782,1.81956777516936,-1.8710096544846913,-1.6169047021719736,-1.6451485868091762,-0.45765597219180515,0.16382604845257173,-0.9703684357846606,1.1261969317948626,0.33010942411383143,-1.0014206532036374,1.2700057905247109,-0.2570560822375395,-0.13144562634252374,-0.2618784464567926,1.6485021635253383,0.2114161216752944,1.1441092703520885,-0.34187350454509496,-0.1026955448112331,0.6985556171106404,0.48377071500751473,-0.14008918426949277,0.5484537937345765,-0.38630666870187186,-0.05967572184280439
-1.869697229371587,-0.7925668908107261,-1.910272852306325,-2.871843198732209,-0.9729467992012685,-1.8730166922659246,-0.34548021937386947,-0.4563318666073111,0.431677892524519,0.10743336889904931,-0.9126218361898938,0.4867065616758049,1.319781071115372,-0.19592279815039448,0.07491365306761799,0.1408143553647589,-1.2482375114567943,0.912002174257374,0.5599657680018185,-0.14692995493971933,0.2535223291091007,0.36049659299083636,0.06524788647857001,-0.46020718206461414,-0.13461447577600452,-0.5330624445655675,-0.037624136059754364,0.12100926825861019,-0.5009738497222705
-2.0537417978445665,-1.148609945314635,-0.15030357197218452,-0.015028189852592525,1.8151175314544752,1.4090220192653098,-1.9957051521605285,-0.29913074392788463,1.3532174063850955,-0.3291091864947082,-0.6514387198124875,-0.07654830334114969,0.23305498315406192,1.4400420909179126,-0.6416462917842374,-0.04590014352281436,0.3298197642973694,0.29543237361549135,-0.18962806237242646,-0.6260201339120884,0.6253348528925052,-0.0054262630433618885,-1.0096225600186102,-0.15508186173162147,-0.18338367460629484,0.05734906474014702,0.3518654888308642,-0.10100652859581685,0.35233204669093154
-1.7766020860575569,-1.3834301031898637,-1.8079715437640274,-0.27233006788017994,-1.4656658359951318,-0.38312731533336813,1.0238483408685066,-2.0696265624062047,0.5789906111000098,-0.03295740800764824,-0.44784914482573607,-0.4249171286812552,0.28216727566438393,-0.013364186208928423,0.17480297267280592,0.007294245125438904,0.2992495227309203,-0.16360204806955067,-1.385917457024172,-0.8599593971207542,0.8640756897462578,0.28875784335045895,0.13928212005207533,0.2239907727497854,-0.5812770354400292,0.03509549189963101,0.21574195104833188,0.5556764101386504,-1.0402513970080636
4.929991052640343,0.44697116708601387,0.11395996386909862,-0.5093507986786611,-1.3420143234057185,-1.4641873722618863,-0.48234988918527527,-1.073004104179284,-1.570573989611371,0.47797553071711385,0.28114157288882125,1.1325324318953267,-0.8296621143501651,-0.8655329002072991,-0.16218788567215078,1.0226985487826763,-0.0296970504132167,0.7995207055505859,-0.31619719748044556,-0.544211200211255,-0.4220466412527157,-0.4724222276156268,0.03586658007237052,-0.10491725149295472,0.295724231362914,-0.8212603952229826,0.11005718094935356,0.12527421459105237,-0.05970148297881314
3.513455793787622,-2.3326639557738145,1.4118046614417048,-0.09889707819651906,-1.6753309630862976,2.0598818753141077,-0.9739036856969765,-0.1884074159092202,0.09967747646444225,1.1196918182486428,1.0271916640034906,0.3980405056253117,1.1391521759941872,-0.9658623771288966,-0.2949455343756012,-0.20613517171449172,-0.5281127083309762,-0.26073411445773664,0.680434333700119,-0.17621668021390602,-0.39210267017723904,-1.3238062281436573,0.5768442806353706,-0.1617261715335296,0.1837007295551334,0.3515731289448963,-0.17103740237252052,0.592493547961223,0.08027517655645833
1.1514645770209448,1.7187475034241604,-1.4556654419973223,0.5332545089258293,0.9939403719970785,-2.3609353351836906,-1.2520275635334865,-1.2182957071489227,0.5403092405513203,-0.24249775032487988,-0.540589066553641,-0.5720016572856441,2.121276399728693,-0.40976752827924745,-0.3430443394695167,-0.01535612446069765,-0.7191269513636199,-0.2077653565224538,0.511446575632875,-0.38833689612922434,0.7628929662178748,-0.8284760983373407,0.36138770590482305,-0.31034425752254635,-0.5352815658059333,0.055390487967364246,-0.01076821431656981,0.1538136523498567,-0.5050374253690019
1.9774555602159019,-1.352083386699663,-1.1449299442677254,1.0496850865799172,-0.4124729650453948,-2.1822636459761626,-1.288979349576298,0.6141997160249955,0.5338126661616809,1.4234489456209478,0.7236342498539715,-1.309605753402599,0.06743476886480598,0.2624331635523297,-1.327861557902232,0.6803421930886343,0.8367793422268116,0.841893901658983,-0.33579935026129754,0.5558636874514228,-0.9104313027036475,0.4552945352764696,0.49898563826121206,0.7433230712137752,-0.7157287305249097,0.401438156153855,-0.28236926662126144,0.1290216022605601,0.9913501765885046
-0.09419679601002695,-2.3353678424757898,1.4663212760982356,-2.0447524470586056,-0.5745666761636918,0.14731074810447634,-0.8229865653875439,-1.44100479279797,0.8357331742497798,0.0342762439644591,0.007630290569127009,-0.08248885027872287,-0.10165629676746292,0.24160315475281507,0.022548693806374958,1.3646791749030531,0.8968040060913861,0.48576644059012125,-0.05497994772922641,0.169351398330312,-0.06524712299464809,-0.0879727775775668,-0.2904643158007042,-0.2854002969133078,-0.6301368453853337,0.05401075999076457,0.6686477165622834,0.09490131139245377,0.2822740788180062
2.660119780080592,1.2310413633750326,0.37602841310446655,-0.42040253374626224,-1.3221986289350653,-0.10742965496520097,-1.0811302501705655,-1.783176904214936,0.07966536683453611,-0.35862272375504706,-0.08425387715839928,1.4564129839411664,0.3057903849217945,0.317763361964098,-0.23207105816732793,2.112423424382665,-0.23652457621642162,-0.5317958922334932,0.10082234685957338,0.21471745933914174,0.7122182153953462,-0.7537213478088387,-0.6142113379043892,-0.581398711719017,-0.13164523412175505,-0.3753381196671226,0.07946216170976872,0.21436024916754265,-0.08631355470815787
1.9775655845092373,-3.0348531270194994,-0.7446176774261866,-1.9634585155596935,-0.6133628139418751,-2.2065302468313632,-1.0987974239033116,-0.8735104837099553,-2.0218565547001917,0.46014808994846396,-1.6205129371552864,0.3237421712044987,0.5982048542885309,-0.04134389045096772,-0.4350024739922619,0.2351604259174985,-0.7469214635178664,-0.4446479801913929,0.32142585165537807,0.500251291275059,0.63451375359185,0.1287125249016008,-0.8371638637672245,-0.23307531803220846,0.4509301343021869,0.6559192041391705,-0.4710860474278683,-0.5290515495088416,0.9322626583239557
-2.4980167406058,-1.8604499424443874,-1.083786885317031,-1.437591901720787,0.6188890419164054,1.76167570744757,1.0465904355538702,-0.49100258652629974,0.3807085829383908,3.226571685298286,0.04023044720101854,0.672280550909112,-0.9319800013822049,-0.5179009726012784,1.0582615679016205,-0.6411630578743139,0.3974566757003229,0.2144912638746999,-0.45178410818001935,-1.1382842707453429,0.03753255292430631,-0.11970600855870701,-0.24803940079559375,-0.034380394072653864,-0.5548699961750381,0.1031707156689941,0.6998308344669301,0.160348534998658,-0.06466334230838819
-1.4868505159921812,-1.9757241289087415,-1.1884664240604037,0.0005103758771566892,2.4307020691481362,1.7100881069661862,-1.9032675110659052,-1.063646982221849,-0.4966104650612921,-0.26972875931336804,-0.5793049544926222,1.2293189647518632,-0.5373202273153375,-0.35092046851478026,1.0562193392439834,-0.5336481141903473,0.75600130875896,-1.5340502469672812,1.1023582499229345,-0.8660332748507173,-0.09378974841307933,1.1558640429567322,-0.16288627541238626,0.23354163144789952,0.42164866293307834,0.31574658761057606,-0.4674900200747859,0.22573088072515668,-0.7293531347325345
2.7210675484222406,-3.4630392492667768,-0.9978479673056245,0.7480218589573446,0.6282089267291484,-2.3713802284543655,0.1512894192114009,-0.7817745671865264,-1.0369689106897328,0.21194271720216198,-0.6896729856907303,0.05298144535940913,-0.8927897529423807,0.025624190021393194,-0.8091204582647475,-0.07986888452653854,0.7643897909404518,-0.2766917662864786,0.45172427705196755,-0.5923301940824002,-0.3760150547940926,-0.7181265025865421,-0.7373144922387633,-0.5728309497746076,0.16948578242297746,-0.44914280849716026,-0.8049033170700833,0.9304388417103302,-0.16939295180071326
-0.6970586599518926,2.5989739353556898,-1.8904355120394345,0.5726086570559967,1.0242086207111527,0.5997807243862048,-1.0223432719707302,0.06862935477893362,-0.6569210038561457,-0.4284557893466545,-1.5714356897091388,-0.005853672809151094,-0.5587052913793965,-0.3879858930529002,-0.7050825712425167,-0.3146004099306917,1.2082411800620398,-0.31297904299695906,-0.5518143161727677,-0.9661860340360449,-0.39702121344749164,0.1971732260918974,-0.7445572243428844,0.18016256455320384,-0.815804301309508,-0.051229678514495294,-0.6176646302731243,-0.19514118617463824,-0.60909463920344
1.6446157862466033,-1.4681271060775076,3.250420892086403,-0.5110181550882089,4.522663510856073,2.8461816633370742,0.2573275073502031,0.967893322850503,-0.4128585252063714,-0.3823651304288744,-1.3418985787270552,-0.7531710201180217,0.9720284318424632,-1.076797285409586,-0.6366481423850257,-0.14290654235644074,0.36189232663023024,0.18073505231992995,-1.0298818422418616,0.35647892063898146,0.5758667347361908,0.5321815393535262,-0.16245882378109,0.18143952397075616,-0.30080895732236257,0.9227979948340033,0.2674762228253539,0.7280858340832317,-0.19605451781824146
0.6559514493000057,2.9646032685874713,0.989880890983425,-0.04705299630806937,2.3089344837032373,0.06628852847998985,0.7805995985740569,-0.11867260013579001,1.7233613386169606,-0.3842172407178359,-1.332009007781434,0.4853760735137061,0.8056536900051469,0.2502244551959614,-0.18336911693890373,0.23253986811540633,0.18837411069473287,0.42260843760364086,-0.34663633319716364,0.137186931272888,-0.6507669393878414,-0.2320647086803341,-1.1003954548268426,-0.26591390358879907,0.1003092236070308,0.0034783265750292936,0.027317450138931998,-0.09291199747112606,0.26637261275818364
2.95223190189942,1.2793650269572872,-0.8607079790030822,-0.4201958245312022,-0.0844462080799885,-2.237136665044183,-0.06495128544106707,0.27869737943616585,-1.7701023538216423,-1.108972601363328,0.12094577747511483,-1.4889603297804226,-0.04765285708004787,-0.04714649796801311,0.49184607250865187,-0.9151279495692158,-0.4049788699482763,0.3391443167773981,-0.7951664287200018,-0.5611406553938616,-0.2586178509894358,0.3070280048677512,-0.11655968176710839,0.14544562740776074,0.8825972506226272,0.2775446404936024,0.6093920290995687,-0.49806986991976404,-0.4560329820854438
-0.6745685319317348,2.420572002638816,2.0096966095579503,-3.769552683797985,2.022519028332651,0.42678603326802905,1.262277683103477,-0.30613226594786164,-0.6152053870866904,-2.342143650563214,0.9889549564983126,-0.6644545542180306,0.925333603611203,0.3580714615711931,0.6338225959372518,0.9047055486249541,0.5184048167546125,0.83518559450317,0.8100862348092486,-0.03283901213377939,-0.7123290598191732,-0.16415996581632447,-0.7369858066829904,0.01210336766578047,-0.748205984605089,0.3146604081630841,0.0456157780262396,0.3687831066734611,0.7617912838743641
0.11710841589987933,-2.477637003406859,1.239423672264315,-2.2791528387702433,-0.6225983513363883,0.3102051697577951,0.3516563879764627,-0.4207458584971165,-0.013729102159567741,0.13408845499454045,3.3438720033438445,-1.84996514532795,1.097193161183101,0.38825259437865695,-0.5667908751166758,0.889647843018869,-0.02519738695784375,-1.3487981850313273,-0.38870545092705494,-0.34155253600039587,-0.5641280739890934,0.48292072531917474,0.2756699793754759,-0.2662462431073814,-0.7814484669190822,0.388244107007092,0.04208088913045347,0.36437467636565696,1.2549406743786657
4.229537611698649,1.6094931910335661,0.9484174490165488,2.232085072415627,-0.5454884497060389,1.0112877269732559,0.49600165348350717,1.269882170580082,1.4014423298240435,-1.4363703846537692,0.9289950021360708,-0.3845015508189107,-0.7787973121463861,-0.5994956658944754,-0.23826956594532706,0.27234378296212586,-0.36926392082795756,-0.20902697311278537,0.042329849045861935,-0.7961767185578729,0.09049572146198093,-0.521045796913433,0.4819091612718487,-0.6749265611001909,-0.2882742447397625,0.7009912266351999,0.6895718351349069,-0.9237701703785699,-0.44506913167922796
1.2206486586494154,0.16037241110148143,1.1967292177968738,-0.5411994651824354,2.1649638548025476,-1.2963392260464173,1.8167035723731724,0.9967230791655828,1.3890147197519225,-0.2860263591258287,-2.1628739617603534,1.2151188630496566,-0.3737490796747381,-0.4448191801504191,1.3445071238333137,-0.45845370386520784,0.8535532413159624,-0.49177035339619324,0.07895497107083564,-0.082227323231677,0.2468486126433746,-0.693877350026286,1.1993061732873225,0.04229303250457345,0.06070432998628995,0.25146700040886794,0.2230662230639001,0.5549573067741599,0.17813018188099633
-0.5055150787220896,-2.5489400667857174,-0.6632273085127393,1.2229297579090113,0.6513352499174714,2.195414969072579,0.9831254902553923,-0.46656653429308825,-0.2266181198997995,-0.8273130067028875,-1.545746760496252,-0.7457316923869806,-1.0993802301397078,0.17522652603085462,0.6724265089891758,0.1550592771721204,-0.5937495691763695,-0.22216468072399792,-0.5631207038605167,0.12977827815539827,0.41889117017989175,0.7712363748989238,1.0450949390324658,-0.226224029347165,-0.2852823775041625,-0.8386086378419427,0.5547819624370418,-0.27317730601751183,0.19072798889190576
4.654849900747972,2.1574535321543817,1.6474577236377859,0.02200945007687441,0.3273311010102716,-0.45284828595811144,2.2715010782763705,1.9403542261669722,0.28352702428645343,0.08183477603922433,-0.6106008375695218,0.6832962043853009,-0.2695988617713305,-0.3318492400124936,-0.7388619150389321,0.2521542439032706,0.10435630788054594,0.28916597997162774,0.21793673073493797,-0.056000469109961794,-0.07725227452988104,-0.6058444001973571,1.4809732912620948,-1.111275294721554,-0.038880484375438375,0.44423069908859314,-0.1223513125594995,-0.7262466620508201,-0.09493421887800425
1.3661829345320071,1.9872449036305444,-1.3896265554675795,0.46508811928893984,0.7190341203839714,-1.4766674495276766,0.05715531296716585,0.7879761153408632,0.19136884747423222,-0.8783968198475189,0.7321562559046465,0.5177116604591636,1.1722327297069017,-0.7182198865259388,0.1942772881211405,-1.5003020774397717,0.09279413194516666,-0.1393102995623941,-0.21478785639750392,-0.2138755328546203,-0.5892819561626446,0.6005439783936193,0.5471800331720837,0.2878481896761884,1.097936874507438,-0.37333836656764263,-0.40105266601965883,-0.1999752925173927,0.36778633834358904
0.1545928112197547,2.557402371358669,-0.613710451528088,0.584500450788579,-0.3548401767584124,-0.04721178380999825,1.2843597356330514,1.3033794561762226,2.074012720983751,-1.0250654469532683,0.7431021529745241,0.7344120402154782,0.32562536374665413,0.3151571186147423,-0.5679392679590457,0.6535246796855054,-0.37520771808681397,-0.27984151917713335,1.1330790753490276,-0.29661259370104043,1.626394260618933,0.423315342882136,0.27504388581711336,1.1438527213350955,0.046922472233817875,-0.4416837977995867,-0.6377172037869584,-0.0641746317487154,-0.19670386541651633
-1.037678475958512,-1.1871316188061496,-0.49981853195791703,-2.443457371776431,0.5827989260109248,-0.5591786527216024,0.5087015105740478,2.8594311704586843,0.5261300730587375,1.0191441956209408,0.34013692710652504,0.7404254351311687,-0.7034597624754356,1.813010188795307,2.0331027369386434,0.8486522658289225,-0.24451414972534813,-0.8373479983814704,0.0316984956562164,0.32660361178379105,1.6477247148514456,-0.25983103894982185,0.11287056416253613,0.6097478067766187,0.7832460909017989,-0.08101056294677775,0.882894252420463,0.11768407177476096,0.37694722157489763
4.326357037198407,1.139844637543315,-0.09717666718210784,-0.7165758668295205,3.718188227471233,-0.9389830873492833,-1.1654257874529046,2.3326238602172342,-2.2577400140799035,2.391753805814251,2.377784649810434,0.10868059599213188,-0.907810842631152,1.2713778415929569,1.4708394780673282,0.12297203691339739,0.273396047079633,0.1419632309528278,-0.27179531106048327,-0.453148394481966,-0.3634455441709436,-0.22525810978864583,-0.652665228434896,-0.8802231498808377,0.4243875681863725,1.1033208392910054,-0.09208600302795886,-0.5301439413200857,-0.4410012601752196
4.036865806487897,0.2213808064055798,0.07548041839568312,1.5977008097283645,-0.0607831361952628,-0.1118041084526809,1.9830254311076865,1.1497003468530507,0.03604653422344061,0.49568478141904293,-0.1187429527985586,-0.6193124580897709,0.8844089632265604,0.13769735281673695,0.2467843118847264,-1.5483959254250774,-0.02243985122172058,-0.8416252548775174,-0.00988063699327159,0.9447336047251336,0.22702381096476643,-0.03441722484966856,0.30474389769451865,0.7810591937726038,0.1292782093931865,-0.7422393225381638,0.21425052299954617,0.09222135515474306,0.47185455863882086
0.0996241705651118,3.9236472870601706,-1.4333341033104765,0.6684676624164573,1.7772459883825267,0.3726020005521084,-0.5981246286729233,-0.9843139253878344,0.24800907391763488,-0.8491952511615296,-0.5234440253784837,1.185313601741663,1.3347756315899804,-0.11497393549596704,-0.6499564828433247,-0.7642820011192666,0.528997816565049,-1.0020423019740956,0.16179344484786096,0.28118088875972497,-0.1637407923734263,0.5885296817441332,-0.22356946497713986,-0.20165829973002014,-0.9250637116811785,-0.625751963635481,0.5183442191721944,-0.5899116121284361,-0.6019730000735468
1.0521850644514636,-0.39315433667479766,1.370986943554309,-2.0853027977864826,-1.3117435167961924,-0.4355886318439352,-2.1094873059431367,1.0742531102495223,0.5719136877529041,-2.2031346692719787,0.3098947236217489,-1.3192107572866558,-0.4315034875185595,-0.3022873279741726,0.8285478524041371,0.6830945726838632,0.9380525548109089,0.32877677602331196,-0.8784049912124354,0.4958163536501457,-0.042837094869709554,0.22265475629463136,-0.0029858951499642738,0.013868503201445406,-0.20683285577800076,0.033524851135634554,-0.02750129220065205,1.153749940851524,-1.1457616614140447
0.26547285555108907,3.2862491197755817,0.16423805910827188,-1.6702718277026507,-0.33628241989129204,0.3208835286030756,-0.745822553349686,-1.449906503892353,0.4052015671390314,-1.6267331706269066,-0.6004098371479781,0.47046530317232665,1.753503872016036,0.5118010824280443,0.7995586131359574,0.054581151291803326,-0.8110383139964874,-0.5078376831813439,-0.15740552054542842,-0.02647931292033098,-0.2555249705134655,0.14618517952797935,0.6517995201982402,-0.45856304525887304,-0.28355246573718607,0.3887445876366047,0.28710276010445,0.7464756262735833,-0.6223502869853076
-0.48672011967177703,2.876762679296542,-2.804236289289633,-0.16226774381228293,0.5407642172320729,0.0010698159457095072,0.7289754030591391,2.611642191267628,0.021459000373456407,0.5159027861788408,-1.4798543799013246,1.0689842697869874,1.2407180985955482,1.5898360281169535,-0.12298426389275108,-0.015315212809539857,1.1059513099757987,0.7833941253391385,-0.25527522516470463,-0.1787529962542806,-0.36218902926861296,0.7686453009925065,0.06599294107272201,-0.7032345640321183,1.0029177324520187,-0.0787931991002454,-0.3078991077321831,-0.1767799451927803,-0.5328851703013124
3.085425216247755,-1.6904759528362077,-1.2469601598997655,1.2975569868765606,-0.09201742535285966,0.41611089367442566,-0.2922589268309993,2.4184511329213643,-0.7031516801821569,-0.5819486930577543,0.3566645651938104,0.5257350768720902,-0.8482380093670516,-0.8104037202235824,-0.5966340517894362,-0.3134230193702504,0.4513454717477373,1.3979206591180942,-0.11011830326501404,-0.10981905132368798,-0.39238744601428555,0.47503333580222723,-0.05970389108458164,0.08206277811522895,-0.8886749387373717,-0.8625984873025285,0.1962533288073182,0.6145784335097838,0.2909384843604004
-1.8017633485423832,-1.0292862219040415,-2.435989427583047,-0.2343388914805854,-0.7821835909977218,-1.4504461051049276,2.1104538087224776,0.633996375713355,0.8146607402971954,-0.6484720902132605,1.351930658938305,-0.6857590921439701,-0.3647121291572474,-0.6489858098413961,-0.45148733570113164,-0.6339782906030019,-0.01876606225982516,-0.09091304294587625,-0.385040076544971,0.018397684737639954,0.6113373701413384,0.0724417181972674,0.8443156474319963,-0.8613173879593471,-0.5399269212936202,-0.45153047494856896,0.3724247504791222,-0.10655616963016505,0.840812281716095
-0.8157696163701594,1.4942065252080532,0.20630248801600265,0.5797848075574812,0.6434188566063663,-0.23435867175473685,3.343555207297029,-2.041022882668132,1.686687328579151,-0.44569695423074224,0.8244663865156773,0.021913425608823377,-0.993011528622044,0.8370323204679555,-0.06015496987493048,0.08946953302042272,-0.015270841566560457,0.39825258315932094,0.6152377399990198,-0.3816224973893783,0.7627110726598755,0.7835620584410427,1.0758213274747666,-0.20960231735819845,0.13025032522154906,-0.030332233565945315,-0.7003503943373444,0.2208395432672397,-0.35565956834140294
-1.3186784467918526,-1.4248548468388436,0.646195526302277,-2.3584836303425596,-1.4294045837909106,0.968663850313471,0.6490851979705067,0.14158537196026086,1.3427565828759849,-0.8596870822467749,-0.4961960807295719,0.5261521271361997,0.6149098922642053,0.6296393210639174,-0.9006634736790189,1.2240997435378844,0.10541998750731309,-0.4719328791737531,0.2551648760282398,0.5164932008278682,0.7283354845876668,0.7453969593122177,-0.19617093324670937,-0.5941990028897144,0.033803405038728744,0.0844547775357509,0.22044320655333563,0.37372068191805335,-0.614502796406128
5.1814165812335355,-1.316525895821919,1.094003129379427,0.037255030965370736,-4.006692985210791,0.7760049712839711,-1.0260806924523276,1.4335423816575295,-0.7978445076761419,-1.047478737573847,0.3926570530541309,-0.4257859438007945,0.5681532770932327,0.7801960340878893,-0.29647595187264847,-0.6424563852833288,0.5370852156400929,0.0798705881439276,0.5231296893085848,0.04272026781008512,0.6075436915942719,0.49136158746968706,0.47594064389757684,0.12271129151118153,0.4934716593198839,1.0404542423413286,-0.21707310273250233,-0.15011452167824274,0.492188554581629
1.1903241237694053,2.3711346118997336,-1.3158188206944939,0.7889289964846481,-0.6336265771845169,-0.009590473312204124,2.0871314279645565,1.6336882893118339,1.8779358628611524,0.5717119461330992,-0.011603912736746226,1.3667867512504492,0.05636771496105293,-1.996860165374286,0.8879915397799395,-0.37267241406638413,0.6702548612578779,-1.0045293696736157,0.42563086320631877,-0.8118353440915611,-0.46882027831886625,-0.10694416912776915,0.27890544375231435,-0.7366104560755478,-0.26462466400840035,0.6635684327455418,0.6957076344462878,0.26188074071338047,0.5274080694094959
2.402278966682235,3.050933061918221,-1.4830849153423125,1.2699641226329397,-0.4006991420835581,-0.10588895497453756,3.276068795302827,0.31979254652906114,-0.14018729091498408,-1.144412977730105,1.3925523803704667,0.17476916331901168,1.3832557432229728,-0.8500941912092926,0.7141109359492688,0.6219048369131613,0.009262686296096846,0.04440916163609187,-0.31910460178655375,0.13116943974630874,0.23543612325099914,0.13354932408224768,-1.409878695128507,0.1577572156579394,0.11404226225007806,-0.33357168683243255,-0.30099633989799246,-0.03749812377609357,0.46441098068740894
1.9523172271006435,5.10700208297357,-1.369094375175127,0.13483690218565328,-0.6566470751155065,-0.8099917206320527,0.07486621042093869,0.6023185936490482,-0.1063528756912709,-1.7376152525537727,-0.02951885862942292,0.19608098842994268,-0.6628203567016856,0.42499893427500096,0.6775521333619686,0.38278442082457664,-1.2041474165582597,0.44678918473374385,-0.8661314137967824,-0.25116936436719306,0.3059171695043002,0.08487679411323719,-0.12543058671211252,0.10701750517199865,-0.5856871536840985,-0.09217031357073723,0.5207317310433477,0.3949628142332057,0.2965296440802955
0.8064087992428767,2.0759468334039903,-1.0539583311809833,0.6824374305909331,0.17865853170993407,0.15948221075601696,2.607996495944254,-0.662933308922689,0.07560854966341014,-0.20550625101674563,0.7491053091773511,-1.356768385589813,0.01745564346734536,-0.3916688098128383,0.3661194577538742,-0.42351174851904333,-0.060718760850458374,-0.36579431655177397,0.04564757002751794,0.08618036565531766,0.8821989675426116,0.19523515104694447,-1.3650777263156864,-0.37644405210172316,0.7091157641131619,-0.7427904402216547,-0.20710604160148252,0.5186597800588382,0.22520330687650103
1.4119396706618268,-4.4894458117763385,-0.17901187021309853,-1.7378899238542285,1.51946315496531,0.031761103453338456,1.9735988984446007,0.8171912050760485,-2.1645547444554056,0.9493261661754219,1.8544882993458431,-0.3270511509136867,0.9330619647922562,1.0321335135549046,-1.6087001363618532,-0.7786840411129043,-0.40237942174670693,-0.5705425478530911,0.17009395243493944,-0.5774191617894007,0.5173200371618266,-0.4766845637452061,0.11642204843557688,0.5156153927260023,-0.8303292265063802,-0.1777281336085584,0.8079774133790204,-0.1294067000671292,-0.9741602142434173
1.5310966140912077,0.44641987401101,-1.6839325264893301,0.15460036059868484,-2.4699330524273306,3.710301044169007,-0.06977324904341012,1.4236002388214812,-1.1976923833103754,-0.37143523207487694,0.3563224025849014,2.337360619605369,1.331355276694974,0.2889710114465724,0.5171694962897064,-0.7780310571748996,-0.28385350502519974,0.1946246292111201,-0.9936102704177381,-0.0693484006755584,0.18253666157909887,-0.6590549388295989,1.10072808224207,-0.7889695892286023,-1.1225645087548057,-0.003376475615852031,-0.5576326706009422,0.8883200342311396,0.662617284311623
3.821068846456016,-2.2086499553331835,0.7186303708955926,-0.9164595375418736,-1.3632537786293832,-0.9428887466548536,2.5689056845702667,-1.0916498438874942,-1.1451828467891196,0.4850004648560636,-0.48999816640205796,0.9831018901900476,0.8158420560428635,-0.32224147900934663,0.3966091820969357,-0.5032600522308565,-0.027285643617470122,-0.4607852935781534,-0.7148984525788499,0.9056124139391827,-0.5980270447027246,0.8259664619372874,0.15584258753054497,0.3046167738023135,0.03265932943991171,0.7196475386143002,0.002503262530028821,-0.2663485899149312,-0.16571721897872962
0.7496693693604828,-4.145155562082005,1.5185165702652146,-2.9117759802949568,0.9114300282272567,-0.7176232676660054,-1.1738584062563617,-0.42027391501555,0.5255328647531563,0.6782399017235995,2.1880947212334343,1.403685450802921,0.5272477938131322,0.658065701985495,0.7581815462272122,-0.44280249895249285,-0.905223713930617,0.6011829416408361,-0.638814399861501,-0.010432150186200332,-0.8148017415114555,0.026781723055991424,-0.14768965614793073,-0.5404204271669342,0.14328309840193754,0.11591288287620445,-0.27470404823372363,-0.30987859510308907,-0.36034349194765475
5.072987458086568,0.09248106822356901,-0.5225044504493993,2.290389112362313,0.2879234674333083,-1.1387681005699097,0.5820887778610061,-0.22045891350636568,-0.5613744655134396,-2.19433505967612,0.34110880441414954,0.9580999015544535,-0.3815118396052062,-0.17248688770142417,-0.17896123831882,0.5094399463454184,-1.1071918844796356,-1.7911324482387672,-0.044064476495061095,0.771496546641627,-0.6564434387998361,1.208257669124536,-0.022509189863453488,-0.31486624939284236,-0.1858394517306264,-0.2612542982442275,-0.35085267449467045,0.48332980693592276,0.15984514534378821
3.0254588180562294,1.338079440838952,-0.06479375847440778,-0.9411703152435033,-1.0638248413258415,-1.6285551841653703,-0.7684229974537236,-0.5533760900754762,-1.1463816933846722,-0.7215207761048527,-1.432471219169092,0.6689316484657896,0.5888776655332892,0.0605478537719017,0.2864092743177066,-0.7763326992352829,0.5695536104959082,-0.28643496391092055,-1.4810877110794325,0.7861138010037104,-0.28674399416861396,-0.09407165939652515,1.115894799925222,0.008813851771188784,0.5222977311626967,-0.26738925516595663,0.2894811139341382,0.8766420676305751,-0.1978847461757106
1.9502401235942084,1.3562668848466135,1.0241720771101077,-0.5205617310012759,-2.203748564214217,0.551673733581901,1.0878754992011288,-1.2703811907616305,0.9581105413106283,-0.6574707911211083,-0.5812147558306588,-0.5233645476764088,1.2906808649770452,0.8119203877809703,1.0311601424186732,-0.7275191366130708,0.19630909122570386,-0.3755114972929426,-0.22412605058085436,0.5696700338038687,-0.6248436184893775,0.14856776618833922,-0.6196274120818502,-0.11388940247413906,-0.11971211167037821,-0.038242302705980856,-0.5230699373567163,-0.35407618064328883,-0.25092358236903106
3.1427358099074545,-4.173106725228382,2.065321058262715,0.7601184349268642,1.4626443939113378,-0.3963369819315971,0.4093501019018992,0.03184292073976527,0.5628045505171384,-1.789228602980643,0.31278472796091455,-0.7682235677720517,-0.5474823190860181,-0.10257633700882382,-0.1257378875350773,1.711295291612605,-0.22164407425113658,0.7715653599869359,0.3702421651832434,-0.2075003031499652,0.02668761979616331,-0.2781932590328999,-0.5454060928717693,-0.26371875309731013,0.3829986194806577,-0.7817410942098284,0.016399024813990075,-0.4694094171233024,-0.5646082959499419
3.906752806503413,-2.41400518540977,1.7778601342424132,1.3991168014275877,0.5171769859293949,-0.9423602460572678,-1.2263121978522313,1.0021657292000712,1.5803037982754826,-0.2105579989157616,0.8192487295412187,-1.3187368765146321,-0.694498582604115,0.2005887704729921,-0.23401971354166956,-0.9887534689637768,0.4846559162530567,0.14077374493627143,0.2070374830271376,0.2633552761448363,0.16266560670753372,-0.8970441665438106,0.6622610220849873,-0.7236097667536471,0.2932166330047804,-1.0053094734327457,0.5626708545492909,-0.40060547463953633,-0.025743808854168614
1.4840729977244191,0.5615773271377176,-1.0506725230127998,0.9218289956883446,-0.2802176611701535,-0.3971788459670813,-2.5452617795888206,2.274364573289971,1.2690102956707399,-0.1277289060479697,1.5486650382587561,-1.254826350763702,-0.07004061698217022,-0.060846564726894994,0.23956881632847296,-0.2020727950688877,-0.4324682555536418,-0.7136773696583154,-0.5536550168960058,-0.8486714079888942,-0.25557536723087343,0.45131892113564814,-0.46795908053132285,0.16094637119021782,0.787088962218703,-1.1144698062561238,0.5877871378539821,0.8557382000680103,0.1334321884082334
-2.3703108015825873,-2.2720626075019985,-2.745464999022498,0.45573590850679263,0.028827473713446856,1.6136703447130925,0.7449209635675914,-0.12469046983782502,-0.5658788253695899,-1.952071666140972,-0.20416864306066543,-0.7389224763124361,-0.9044431476506055,2.019094110754996,0.2220276311389742,-0.9159533715815564,0.033515157167389065,0.9060875405409726,1.1947827685664218,-0.6822341446558547,-0.46770676513802006,1.5676957901726805,-0.4107929828624577,-0.6669059107878181,-0.1557238890323364,-0.507285376933656,1.6094827324667302,0.23549903393259686,0.36828420512122617
0.18276086379060802,-4.221258640100289,-0.21545635567923416,0.22920863413387169,2.67073103232416,2.255135493867254,-3.1636960501637956,1.2022681996137377,-0.1412395424739594,-0.5748253894531563,1.9345515316182953,0.0226843259291062,1.3225600388636767,0.2576025666429189,0.7926658643324329,1.2147932815846876,-0.4003349585151229,-1.318831566355199,0.19012789736946534,0.2640892791993701,-0.25847735927779614,0.6156428246660657,0.4458006953489045,0.12031187644357143,-0.8912099877391803,-0.3839473974954499,0.08377376439458155,-0.6305458025788897,0.12667339920108484
0.6981895854977043,5.615289031700982,-2.622571416726209,-0.2633802310469459,0.6545708806691802,-1.0264968527056817,-0.08381503675621006,2.202492035825868,-1.0054385214377113,1.178573248815619,0.4634756604227819,-1.3397875842480047,-0.6662626954427211,-0.26592842588768745,1.2517251725463043,0.7652214698049523,-0.05810583437293821,0.44339519946108613,0.4763082428546287,-1.0745780866479595,0.004263973235567548,0.5310889481592459,0.502799524621661,0.4987726625046715,-0.6869609345816481,0.23756431404451275,-0.5027288394203238,0.32828159517552524,0.1946214666974726
1.7978505211689932,-3.94412181294641,0.8050821532841156,1.2942118809802825,2.036088216028498,1.0944201120668413,-0.6961837774923699,-1.1970227261915138,-0.361163172387168,-1.9348493397370243,0.18105853635140348,0.7205773365252788,0.015769943780081813,1.219986800259744,0.11446161050229514,-0.5124235641429352,1.702302377157056,0.5414494850245133,0.3023584747012594,0.8493702835945185,-0.26473685793437707,-0.3139795110226702,0.32619504874667804,-0.6525434163030653,-0.2662596008986324,0.20703758108323142,-0.03975051225961067,-0.3187058444557503,0.5455870677615701
2.87143943206538,-1.108565715101818,-0.027382295878383405,-0.9217514615131602,0.49949547395053007,-0.16953389318572046,3.860607729099412,1.6910138907362393,-2.0293779777627132,1.1331432312345087,-0.10713406490752364,-0.4874202752486905,0.13683001707496023,1.6583648203522379,0.5093548202296073,-0.28382413122143435,0.658138466172786,-0.04353475511687114,-1.1928913703152335,1.028735832355823,1.3435649159820942,0.05916825669980912,-0.7451089582602958,0.6950545038486476,-0.4459656652216725,-0.4863170350460661,-0.8303893963978349,-0.3161399890057119,-0.31361818305233
5.051181770433087,-0.9994229976302222,0.060223544058128936,-0.1235034965123104,-2.6263871076234535,-0.7365165542638232,-2.6313863797901296,0.827978495541464,-0.9455104345980894,-0.12764974583942465,0.37664680964561886,-0.28476086410701346,-1.2304777046852895,-1.3827126087672916,2.5753750657941947,-0.9430934678962604,0.8634340021695527,-0.8583921379378533,1.4555967495311581,0.7387725429422356,0.45220782218654404,0.4603173619472778,-0.1673141079521117,0.10218108104219677,-0.8721068816381119,-0.2542662635771217,-0.0074901183606962745,-0.7715407220624974,-0.428145910741529
2.415572258786649,-3.594081607447027,1.275556293353215,0.5382795806596964,0.6085138360089901,0.16536871279223386,2.316279207795056,1.4951327443042517,1.6117180231113128,-0.6797768593468837,0.3345012744303381,0.5604913080210288,-0.787663348187101,0.1958149379509716,-0.9354488424102344,-0.0947687023948516,-1.2260973372380333,1.4798794643407505,1.2780477313328473,0.20895688564898546,0.12956155552753873,0.8125247624448944,-0.42992831929541814,0.342427821208999,-0.6328705433137577,-0.20183215632639082,-0.23174524576968397,0.17408200073200614,-0.5434131200099138
4.278113419052981,-0.18858826054122357,1.2957088806903225,0.6835023461017253,2.6403158553437276,-0.47054405070597255,-0.8152067492406414,0.4917688828928444,-0.7327681397784422,-0.8413542221181226,-0.17667911786486093,-1.4920961689834966,0.122797158173168,0.4282227482290711,0.9908333983882983,-0.3970024264636148,-1.142400094857426,1.0942092644723955,0.08851723110901871,0.005633129604157426,-0.1562955316257125,-0.11659640020612726,0.299655704056026,0.016666603059660196,0.19562073298622584,0.42069960280207136,-0.7531964994909984,0.25604957995768113,-0.2208481779696525
-2.2735611689881816,-1.423641875423541,-2.3444162613645734,-0.21697250295023182,1.1291794265831394,0.2744274868935129,-0.2039765600555109,-0.08966450693657793,0.19256481869681513,0.10233157974531344,0.5670781742204741,1.0872102324390323,1.3732434483238194,-0.194382889260212,0.39923675882234055,-0.00805741951049792,1.2934359285306405,1.5377572801713835,-0.7229534399544258,-0.367679871982073,0.334296158211196,0.8227811319308596,0.3479770930018748,0.03711403942889093,0.047595060129971396,-0.8245432723778479,-0.3637423933666497,-1.1837732815566884,0.09294027972246371
