PC1,PC2,PC3,PC4,PC5,PC6,PC7,PC8,PC9,PC10,PC11,PC12,PC13,PC14,PC15,PC16,PC17,PC18,PC19,PC20,PC21,PC22,PC23
-2.061262,0.19321543,0.36326355,-4.226619,1.0014185,-1.7982297,-2.612411,0.17618802,-1.3014828,-0.5568355,-1.6912462,0.98402417,-1.6111763,3.0073907,1.1891286,1.3443551,-0.30379888,-1.3299948,-2.9170232,-0.20602928,-2.6567824,-0.19595124,0.011580009
0.110969245,-0.70959127,-1.3277028,0.3874571,-4.665646,0.2841191,-0.20280007,2.8575675,-0.82716274,0.22831546,-1.5280292,-2.6884406,-1.353576,1.1185606,2.879453,-1.5946809,0.58671314,0.3292491,2.8667216,0.06450143,0.4718884,0.033664662,-0.22873157
-0.2280856,1.0014359,0.27162993,-1.2547433,0.51501906,-5.0267735,-0.75284296,-1.430029,-0.7114005,-0.4002405,0.59237534,3.3700633,-0.9659692,-1.9212288,0.4290364,4.0929995,-1.0672497,-0.6381077,-1.5271165,-1.3715541,-2.4847662,-0.40730923,-1.0685627
0.27228653,0.33019882,0.060033973,0.0008004135,0.04473097,-1.9604173,-0.027092952,0.30189416,0.76926994,-3.152754,1.0138307,-0.047795657,-2.7013245,-1.7351515,3.1426103,1.3243709,-2.7732432,1.8136774,-0.4198719,-0.6091029,-0.83402437,0.47378996,-0.7907222
-2.4741688,-1.0608476,-0.22105841,2.8902493,-1.7502917,2.5541546,-2.6791387,4.45576,0.6995696,1.6061504,-3.0823114,-0.88145846,-1.7399019,2.111065,2.5332193,-3.6515954,0.50281024,-1.9851893,2.3278909,0.8294017,1.2142684,1.2206036,0.21587418
-0.43343288,0.13355753,0.23229249,0.7187594,-1.903859,-2.0188208,-1.495419,0.17110403,-2.9424462,-1.3468077,-2.1164443,-0.67402196,-1.4659497,3.1801088,2.3825588,0.8523469,-0.26711714,-0.23326777,1.7363318,-0.10291918,-1.9682453,-0.8081202,-1.3679402
2.3252523,0.71765786,0.21104318,-2.7458415,-0.25959322,-0.5675433,1.8339244,-5.729729,-3.4858916,-0.42118752,1.9677067,-0.5068269,1.6043762,-2.4871995,-2.5491004,1.6824942,-0.3086896,1.7820054,-0.28683257,-0.22174416,0.59896535,-1.5361121,0.041339803
1.5779142,0.99916625,-0.36303896,-3.4216096,0.06172876,-3.805062,0.91918206,-3.5946405,-4.3039074,-2.0139234,0.7803744,0.2546244,0.04392664,-3.073741,-1.2491835,2.4091256,0.038234413,1.6495383,-3.980493,-0.9444393,-3.467232,-1.2307198,-0.070964925
5.109873,0.21517935,-1.0834876,-0.7592251,-0.97563,-2.6600502,4.463918,0.6928196,5.6981983,-3.1786332,3.1047873,-0.011073707,-2.8884575,1.7031993,1.621834,2.0782428,-4.2260227,3.252959,-1.3888577,-1.4221404,0.104318485,0.41816118,-2.7591014
-3.8943663,-0.8504114,0.1420505,1.0797256,-2.6731412,0.6772828,-4.069245,2.2216523,-3.4349136,1.2056434,-4.8625603,-1.8282809,-2.4649353,1.3319807,1.6372435,-4.3429565,2.190223,-2.807721,2.4166627,0.90805274,-2.5652688,-0.13196835,0.47282228
0.4493512,-0.73933005,-0.6705537,0.66641974,-2.1901598,3.9758902,2.3624237,2.0577605,1.3831673,1.9426883,-0.98248315,-1.8180653,-0.14201999,0.1285832,0.5368645,-3.1426153,2.7916186,0.105562635,4.42228,0.9433289,1.5106524,0.49497312,0.82403696
1.0706356,-1.3732556,-0.5274266,1.9839139,-2.9125016,1.2203466,1.2645288,5.729895,2.988833,0.74150705,-0.9672051,-1.0136718,-0.4453246,2.4307508,2.3071318,-4.017516,-0.56536335,0.14686912,3.6633632,0.099481106,2.9628844,1.3010795,-0.3651633
-3.8226128,0.7953425,0.9138694,2.761435,0.029178688,-1.676584,-4.1554756,0.32290822,-2.435509,-0.3010149,-3.5045612,0.115737654,-2.78268,0.3088403,1.585477,0.116804115,0.45534423,-2.1571786,-1.2166764,0.32404852,-2.6229293,-0.29249302,-1.7349279
0.95876884,1.0036185,-0.0024224839,-0.40366,0.23522069,1.4359831,-0.98752064,-2.3442502,0.14775701,-0.10610658,5.2997165,-0.07251873,1.6714675,-0.77427506,-2.6286674,-0.34988618,0.43678612,0.69201994,-1.2309263,0.10411029,1.3916783,0.20872456,0.2640926
4.772831,0.6621619,-2.0531838,-3.2324667,-0.08576519,0.121489845,4.1563106,-3.4764156,-0.13827182,-0.5199676,4.195397,-0.26021126,3.4946399,-2.8360755,-3.373365,2.0772924,0.59208566,3.783488,0.13077384,-0.7701066,2.9077964,-0.3472497,-0.45703232
3.6844387,-0.4370572,-1.91379,-4.1152883,-3.7266173,2.459843,5.245595,-0.66598654,-8.369785,1.0167532,-0.82337004,-3.1109047,4.5764346,-1.3341607,-4.1686296,-1.7234334,5.07231,3.058527,4.076359,0.67884576,0.20757806,-2.2042222,0.6695123
4.983446,0.760422,-0.8729998,-2.7555258,-1.9319949,-2.4275126,4.400879,-1.6657243,0.0010562264,-1.756194,3.8100617,-0.57540953,0.2798549,-1.3195106,0.15424202,3.0611577,-1.2950983,3.5934384,-1.5485419,-1.2823458,0.47226354,-0.5188527,-1.421365
-0.9428768,0.63577086,0.30788112,-0.8186539,2.1878786,1.8816898,-0.97058827,-3.6777196,-2.6851282,-1.0515724,0.10181074,-0.1556033,-0.29057747,1.5012921,-0.57221556,2.787727,0.48130184,-0.054930806,-3.94785,0.28649828,-2.080624,-0.6499847,-0.471134
2.332923,1.9739932,0.038679726,-2.0612996,-0.1553125,1.014345,4.1606927,-2.000651,0.687265,-0.18957116,2.3089526,-0.2124775,0.57626134,-1.2570761,-1.0432097,-0.31569058,0.2178079,2.5388048,0.61435205,-0.16851348,-0.9392807,0.06553461,0.41287267
0.27874967,0.6079038,0.12444994,2.2668402,1.289805,-0.5559054,-0.5621486,0.9825585,6.4893,-3.6696641,-1.612102,0.29467195,-0.26165342,-0.83510685,-1.3963385,1.9284744,-4.5578666,-0.4200679,-0.3687917,-0.8801364,-1.7837907,-4.891108,-0.7639237
1.8240651,23.157211,-13.769562,10.509868,-21.572613,22.330864,-10.526859,-0.36333928,6.5134525,3.288694,-3.9622848,-37.554497,-3.5968757,26.592216,-30.632265,-6.346775,-28.313362,-11.062925,11.356148,-3.947339,32.953808,0.02397056,-14.5827
0.8664397,-1.1105285,-0.14554225,-0.48956642,0.617706,-0.3285785,4.095833,0.43768638,3.0370436,-1.0788268,0.17662805,-1.190709,0.25846785,-0.7006266,-2.095156,-0.11906372,1.3289863,-0.7377845,-1.2834835,0.09966832,1.5270255,-0.8502507,0.35532406
-5.31352,3.5905654,3.0147045,-0.37815174,1.298671,-0.46231076,0.22047736,-1.0759168,-0.0831469,-0.6897986,2.192537,0.17023419,0.32785907,-2.259356,0.6150686,-0.96133494,0.09369439,0.15533441,-0.34864494,3.8812559,0.21509542,-0.119839236,2.6357996
-1.858829,1.5599627,0.7217908,0.4369015,1.2392468,-0.6122001,-0.6842946,-8.846747,-11.753817,0.18236908,0.42670742,-2.0617564,-6.4758854,-2.3364239,0.01812355,3.4806895,-1.8291991,-2.4469314,-0.27419147,-0.18963885,-11.53329,0.05694996,1.5708715
1.6108474,0.2614773,0.66557467,-2.6916096,0.119404,-2.9752474,-0.47194043,1.4844257,1.8890216,-3.4384217,2.0681548,-0.98492545,1.8112055,0.94118536,-0.14352977,0.40428483,4.2545075,2.1111789,-5.6615744,0.021134574,-8.456951,-5.623253,2.8526936
0.75153416,1.1225336,-0.81051075,3.5652952,-0.26137227,-0.05776383,0.12439538,-0.25571057,4.2244267,0.7340575,-2.9317727,3.543859,0.09060971,-0.17576666,-0.5561389,-0.45241967,0.042884525,-0.13387941,-2.3675857,2.068839,2.413346,-2.3649147,-5.800053
3.7408576,0.44585043,-1.5194542,-3.5695963,-2.869499,-1.8919736,3.8074522,-2.3529742,-5.1082864,-1.1274807,1.5218196,-2.0672488,0.90164006,-1.3178014,-0.8913767,1.7438593,2.1252434,3.078482,-0.21954352,-0.62642217,-2.012707,-1.5310656,-0.76155204
2.1874933,-0.54437864,-0.5998357,0.60692614,-0.5560401,1.736905,5.910369,0.684568,1.114279,0.5886099,1.2331511,-0.28196803,1.044589,-0.2049708,-0.6411792,-1.4952234,0.5132334,0.79796,1.2729862,0.15976335,5.5189905,0.06403924,0.6218284
0.66751003,-0.14530864,-0.0474479,-1.4129122,-1.0937853,-0.07389738,-0.68701756,-0.36097014,0.47063816,1.1187778,-0.01344654,0.6229869,-0.5120371,0.15392977,-0.62506884,0.46840912,-0.84715736,0.32973102,-0.11566004,0.5663185,-0.88058484,0.23249333,-0.3461128
-0.1298514,0.038370647,-0.19201759,-0.60888225,-0.32630706,-0.09166784,-0.24877451,-0.9316313,-2.914718,-1.9959769,3.4058926,0.4352618,0.4703117,-1.2830697,1.8396287,-2.3880565,1.2965955,0.74334556,0.1736728,-0.0958714,-1.1539305,-1.0718753,-0.087587126
3.288701,0.39206523,0.14487629,-1.0919052,0.44172716,-0.23039877,1.7971946,-0.9148573,0.84520894,-0.37070918,4.4533195,0.3556918,2.123022,-1.0957298,-1.1448833,2.3303416,-2.84316,2.2359705,-0.08321168,-1.1251211,4.402224,0.019454192,-0.6027609
4.7046385,0.2639108,3.8811023,-1.1561317,-3.189066,-1.0550998,2.6980343,0.38308468,5.6651244,-1.5152814,3.1981118,-0.9692655,0.24613121,0.44137362,1.8075862,1.1323158,-3.078214,3.2811294,-0.52725166,-1.4551089,1.7398262,0.13970384,-2.2851934
-0.09489694,0.23272397,-1.1387,1.7967223,-10.076142,-1.1008981,-3.0060596,0.11723845,-1.2673016,0.10162236,0.8650956,-0.77601963,-1.0543003,-0.18197133,8.067997,1.1629301,-1.7750957,1.2853305,-2.8988338,0.17730123,-0.70210457,0.7397061,-3.4777849
-1.1239775,-0.9097134,0.1720152,-0.16494404,-1.003061,-0.7170744,-1.627465,3.066354,-0.3064964,0.39213547,-3.7114515,-0.21158482,-1.8520852,1.4005028,2.1054256,-2.1588998,2.9376328,-0.9994468,-0.7306554,0.36027417,-1.94898,-0.009003372,0.13498393
0.15756087,-0.00030733325,0.6232367,0.3597861,2.0780952,0.07930673,0.84391564,3.416481,0.031057041,-0.16270539,6.3383994,-0.32559088,0.32802236,-0.6193347,-0.15682682,0.042252816,0.4318391,-0.193617,0.036340315,0.15343674,0.07709283,-0.09625209,0.07313213
2.1933424,0.4335709,-0.41738847,-0.99053705,0.19872062,-2.0835547,1.3546511,-0.80702996,4.5373087,-0.5210638,1.7864333,0.7424804,-0.8763665,0.098344244,1.9907259,2.458569,-2.3758445,2.347335,-3.0804293,-0.96425843,2.2526257,-0.21973068,-1.9518071
-0.7306207,-1.9762601,0.23995207,0.7502154,-2.2649972,-0.013949435,-1.0055711,5.989902,1.9894799,-0.12621821,-0.9668551,-0.39640218,-0.8625559,0.13622445,0.8458373,-3.3237038,-1.3665862,-0.89382005,0.108472794,-0.10232289,-1.139786,0.4593599,-2.1010306
-0.928174,-0.52622956,-0.38178033,0.7000438,-0.74676275,44.76038,-1.7773454,0.2699918,1.1283464,0.9362662,-0.6708689,0.059898276,-0.3532677,6.049363,0.968591,-0.06558119,0.1049777,0.30241227,0.86040324,-0.011730424,-0.79787123,0.7053061,0.13193642
1.7523209,0.22039723,-5.344295,-0.65720844,-0.0014260863,-0.18160826,2.7353199,-0.59994036,1.8631297,-0.15549614,2.106922,0.166574,0.25071448,-0.07283675,-0.723986,1.0704259,-0.7794856,1.4536813,0.3405355,-0.334934,2.5258865,0.10243718,-0.23707098
2.5004635,-0.9801156,-1.363811,1.0306296,1.9650149,0.88303775,1.3278487,-0.26739493,3.6693332,3.330025,3.8989232,-0.0012915409,3.6207376,-0.5889598,-1.6798944,-0.7718365,-0.32137465,0.7720601,-3.274138,0.0823477,1.7646618,-2.9737978,-0.45882833
4.5803795,-0.07607871,-0.0692952,0.5762581,-1.5645356,0.0013567322,4.144264,1.683485,2.117682,-0.7091421,2.5196419,0.22395027,-0.23528029,0.42811924,0.9806582,0.5241597,-1.7479107,0.57833767,-0.12875593,-0.80465335,1.3648312,0.9107116,-0.8991454
7.7269936,-0.99046963,-1.6040968,0.07289182,-1.1072696,12.057334,0.8718145,-0.5983828,7.611602,-1.0462099,-0.986561,-2.6875384,1.762084,-1.9330965,2.9801974,2.854708,8.589735,-7.0711617,-10.012479,4.6080537,3.2344613,0.43118587,0.30979708
-0.7958009,-20.017641,0.77780616,3.5878873,7.3590336,-2.889538,-7.605491,9.480324,1.7032741,-2.7139845,-25.08028,-7.177692,-4.0237174,-1.655844,8.882196,-0.964842,-3.2469745,-22.320148,-0.23675634,4.9299865,-0.34222978,-0.10497086,15.073707
-2.139601,-0.9731712,-0.47630435,2.676911,-2.4070585,0.76552737,-0.30471876,2.7554612,-1.4239913,0.6624027,-3.546693,-1.6864017,1.0937616,4.2166386,0.32891914,-2.3498402,1.0834159,-1.986762,2.9338927,0.45683634,-2.8491104,-0.08601545,0.16917665
-0.31761965,-3.4118729,1.132279,-0.5487643,1.3342621,-0.29879287,0.0626938,0.09093252,-0.4801427,-0.74967253,0.020976605,3.6332855,-0.22623608,-1.2857937,1.9492358,0.5243137,2.4049304,1.0015068,-1.0568142,0.089252256,-3.7181914,-0.0045134304,0.4963337
1.7419071,1.3068662,-0.094148524,-1.5657201,1.2422891,0.4066732,1.8753442,-4.284592,2.258757,0.14009221,2.5052788,1.07363,1.7885543,-3.9128797,-3.4754744,4.1865554,0.30631268,1.2104055,-0.02637331,-0.40619415,0.8148642,-0.018504065,0.5646545
-0.4993549,0.36024246,0.09285641,1.16678,-0.29667225,0.387081,0.075624436,-0.42172477,2.0783455,0.081820466,-0.41843018,-0.13664907,-2.9415998,2.9981656,3.7641637,0.074554205,0.8867286,-0.5015742,0.4722889,0.12111185,0.93513477,1.5972143,0.07104471
-0.2916881,-0.100027956,-2.5274997,0.10321523,0.186583,5.6707892,-0.8260074,-0.5607567,-6.6309867,-0.36742398,-0.52850443,0.4915515,-0.32723582,0.3590911,0.65930754,-0.5996445,-0.21495982,-0.22610877,-0.07547026,0.19779795,0.4147925,-0.08285855,0.010187103
-0.77191,0.0011580811,-0.43679875,0.47336414,-0.028314995,-1.0542526,-1.9333231,-3.864242,-1.5112159,-1.6262952,0.6558825,-0.3205762,-1.2451909,0.5634915,1.3632491,0.030515231,-2.922244,-0.38523936,-0.021772508,-2.2929413,-3.1807785,-0.0016699575,0.6045186
-0.04635919,-0.9402969,-0.10611537,1.2029743,-4.210686,-1.3257229,-0.102422334,6.1382365,2.2749672,-0.28474328,-2.3658206,-0.11824637,-4.9169865,4.3334827,6.5022807,-0.9308067,-1.246247,0.07004069,1.4180653,-0.6195949,0.33877525,0.6532157,-1.4909136
2.0826938,-0.07236791,-0.36935323,0.06541991,0.5536822,4.5236063,3.1701782,0.001833661,2.2241864,1.6924908,4.5983887,0.25153852,4.9687185,-1.9588686,-1.5617687,-0.52501315,-0.046849832,2.057644,2.5416064,0.3942077,5.1760554,0.5212809,0.97405505
-0.37413734,-0.41987383,0.16799147,1.7018304,2.5053315,-0.08967329,-0.24384438,2.5147812,-1.1804303,-0.4729687,-1.101503,-0.91397077,0.6541623,0.46591026,-0.6169478,-0.4331515,-0.13064797,-0.734249,-3.8773477,-0.5465021,0.38714322,-0.16606496,0.28753662
1.4512684,0.012706405,-0.48080537,0.902522,-1.5235485,2.1586304,0.7916929,1.3759012,3.5791454,1.1402628,1.9423622,-0.2673775,1.8207008,0.8518013,0.6904764,-1.3198817,-1.2031853,2.1754353,3.4991124,-0.037984762,2.6238027,1.6279712,-0.50449914
-0.7945387,-0.6459586,-0.14296009,0.51112336,1.7975498,-3.6277978,-0.980185,1.9944422,0.3772719,-0.7682945,-0.8523751,-0.45020854,-4.163799,1.7648435,2.5768979,0.08325784,-0.5160085,-0.9645372,-0.8845771,-1.1706846,-2.7881734,0.20721672,0.23082829
-2.5682027,-0.7009195,-0.8009459,2.285167,-1.7530127,5.5974383,0.7277702,4.3234754,6.9875264,-26.246468,2.6458912,-5.393663,-10.021077,-4.995092,-4.577805,-2.4327369,1.9964079,6.6226873,-0.67945355,-8.718426,8.234584,2.385043,-14.105403
0.97922474,0.052769914,-0.22488223,-4.129755,-0.8014063,-0.6091917,0.5103858,-1.0447661,-5.1485243,-0.2706556,-1.7281471,-0.85612094,-0.2341279,-0.26217848,-0.30495718,0.15338244,1.4286689,1.4507891,0.44227964,-0.338574,1.1974646,-1.5064528,0.24843849
1.5385449,1.4953634,-0.3852691,-0.3563611,1.4512591,-1.0941262,0.28252715,-3.867285,-0.17446142,-1.589954,2.5410736,1.5548587,0.29103273,-0.17268382,0.87161314,3.2847724,-0.47046673,1.8358806,-1.7062443,-0.54037136,0.33832178,-0.4089934,-1.0131139
-0.23494455,2.6674194,0.21793038,-0.6063622,0.24535355,-0.3124995,-0.37433547,-0.37031513,-0.63105905,0.73011696,-1.3952874,-0.055754595,-7.019632,-0.7751504,-0.42591894,-0.77724344,0.27555063,0.575155,5.448584,-0.80650604,2.2213016,0.6509435,-1.0305694
-5.141352,-0.18217136,1.1574206,0.8340118,2.2351944,0.8979131,-4.769928,-2.2695072,-0.74078923,0.87143606,-4.1953115,1.072724,0.4725878,-0.6377793,-2.5016472,-0.64068437,3.1361113,-3.6355698,0.38789815,1.1601447,-0.41389573,-0.16140604,1.7013913
-0.27543464,-0.0046940236,-0.02175666,0.8103632,0.47507298,0.33395547,0.07438341,0.95151997,-7.1041193,-1.359287,-1.1651444,0.28892583,-0.16838391,-0.23151717,0.15141281,0.2571078,0.08877287,0.7397754,-3.8434837,0.29482916,-0.26426598,2.16429,0.2980918
-4.526879,0.9761636,1.4131197,2.0018036,4.1820793,0.4035644,-4.6355724,-2.552553,0.029836202,0.31891227,-1.397139,2.8365424,0.32751855,-0.6754555,-1.4559662,0.47911108,0.13565432,-2.9782426,-4.1412783,0.44377667,-1.7705404,0.039781965,1.1146097
-0.07287146,0.46101353,-0.67236036,-1.49189,0.40068865,-1.5126393,-0.49878913,-4.209229,-7.748069,-0.5303577,0.2110612,-0.50303596,0.4127901,-1.0571469,-2.9909394,1.3809946,1.4125438,0.23400332,-0.7819448,0.1603507,-2.1467013,-2.1806793,-0.024742376
0.63023823,-1.7820107,0.00050477905,0.09884615,0.5843659,2.8132784,0.31318006,0.97315556,0.70515496,1.6700095,-0.08448246,0.6349724,0.8550213,1.1176008,-0.45356333,-5.907232,0.08745297,-0.4107545,1.2829467,-0.06398252,4.1384854,0.25966486,2.067102
-0.32372424,0.32578292,-1.1537473,1.153621,-2.1839924,-1.1915721,-0.5614597,-2.949721,-1.2237179,-0.49647522,1.3935215,-2.4902012,-0.16508408,-2.6526942,-2.4262128,-1.5950611,1.2100394,0.6471667,-3.0374987,0.3852142,1.5254023,-0.060422536,0.4739669
-1.3449695,-0.3723555,0.1811541,0.6365542,-0.0037780055,1.9885244,-1.0571488,1.1459315,-1.9970651,0.7886733,-1.7280065,-0.45012677,0.22094826,-1.124358,-0.36200595,-1.3528318,2.0137296,-1.535352,3.037373,0.36141068,-0.33610764,-0.06213769,1.1224484
1.0381539,0.5277173,-1.2713507,-1.3952124,0.06631332,-1.9207296,0.421657,-1.044864,-2.3793943,-0.90494245,0.43916816,-1.3909711,3.1805015,-0.8042052,-1.1562365,1.3604977,1.6900171,0.79189724,-1.0334597,0.08223469,-1.8762356,-0.33365825,-2.0385125
-0.46381825,-1.4223634,-1.1977443,-0.05248522,-5.293849,1.2663403,0.21023741,3.6174555,-5.465433,1.1792542,-4.662842,-3.590628,0.55899495,0.35790497,0.35872057,-4.2086105,3.7862556,-0.5120316,4.3184214,0.94485027,-2.2121484,-0.5727916,0.32884777
-0.39621577,-1.3660667,-0.468789,-0.33673427,-1.7942296,5.1826262,-0.10401374,6.514343,-1.4899731,2.5315046,-3.561404,-1.066178,-0.093098514,-0.72463864,-0.34802988,-5.6708913,1.9150089,-0.5640815,3.0170743,1.3862367,0.15497373,-0.1915257,1.8185295
-4.019088,0.7657258,0.24671216,0.21031517,1.2456772,1.1647084,-1.0434909,-6.8277664,-0.33279413,0.07300141,0.7832042,-0.20418774,0.4183619,-1.3081546,-0.9238769,0.25009653,-0.31358746,0.026745593,-0.4643968,0.3010027,-2.3085506,-0.00230356,0.2450949
-3.4427464,-0.4369689,1.2651873,1.0038512,6.746945,-15.437626,-31.255762,-2.311417,-0.60722345,-0.10288715,-2.5420318,11.785488,-3.291465,9.404183,4.796177,6.984988,-7.169808,5.1925974,0.0152067235,0.5445467,-11.142464,1.1342477,-4.8348107
-2.687387,-0.05521045,1.3380492,2.5113423,4.2338943,-1.5524999,-2.719487,0.61901,5.242483,-0.6399043,-0.1415066,3.3650422,-2.0539167,0.78144693,1.79871,1.9966391,-2.700944,-1.9247831,-2.6238635,-0.39424127,0.849999,1.1012634,-0.6885157
-1.5330034,-1.0878718,1.1582463,4.1927114,1.1333991,2.1436105,-1.0843992,3.2032194,4.7476315,1.546027,-1.0435452,0.8141548,-0.63499594,0.9555131,1.2745723,-4.172994,-1.2344552,-3.7904177,1.2895565,0.47716182,0.844715,1.831662,1.6791817
-0.6857027,0.58243054,0.56649333,-0.1609819,3.6219838,3.0135992,0.2619418,-4.2707825,2.653725,0.9323339,3.06863,1.7353631,4.0335164,-2.7753377,-5.0326242,1.3839959,0.5079742,-0.5250225,-0.5651824,0.47182983,3.7609167,0.3850461,1.8516892
-2.3052025,0.6869339,1.7526407,0.5404137,2.2766016,-0.1691063,-7.6184673,-0.2042077,5.4896197,-0.28602803,-1.5960714,5.2480597,0.7462796,0.42111677,0.07981632,1.135,-1.7151688,-1.3628435,-2.896436,1.5751745,-1.4295963,0.55684465,1.2024482
1.1308573,-0.07932401,-0.83034134,-2.4842777,-0.73778474,2.2213912,3.3057253,-2.374286,-3.5489476,0.7289901,-0.028944427,-1.2979689,2.9774306,-1.9101468,-3.9342988,-1.3750676,3.1672146,1.1657996,1.8953018,0.4996816,0.56265175,-1.1566062,1.3178836
-2.6862555,-0.19787838,0.0021229521,-0.72022474,1.7106106,0.8856749,0.12800793,-3.390684,3.1379921,1.1027832,-0.6318315,0.33176416,0.74875903,-1.1812475,-1.3536918,-0.5502647,1.6752794,-1.8845454,2.1467226,0.97124183,0.110306956,0.2698246,1.062721
0.9674392,-0.8664008,-0.89357674,-1.1226391,-3.7572243,0.4939481,0.13387515,1.0914865,-2.698066,0.5196662,-2.4483283,-2.3055725,-1.1761487,0.15278225,0.05910675,-2.043333,1.7591851,1.0159768,2.152574,0.34991834,-5.016962,-0.6415275,0.18259855
-3.3874755,-0.90363455,0.5845266,2.7227907,-0.34597012,-1.1646949,-3.6793199,4.426177,1.5779704,-0.114654705,-3.5140376,0.27530265,-3.734759,3.065277,4.2212186,-1.6073257,-1.1435232,-2.710768,-0.20217147,0.1706656,-1.7011911,0.83684325,-0.425614
15.26626,5.740294,3.2447355,9.6223545,-7.690195,-4.0642734,5.084149,-0.6709102,0.40184516,9.9860735,20.282856,-4.774391,-11.344814,-13.197639,6.522462,-23.843956,-6.7945166,3.9269023,14.414021,0.20355779,-12.278833,-2.3260908,3.879123
0.3467527,-0.6268366,-0.9510366,-0.22898449,-1.6788542,3.4777553,-0.30300304,1.0559077,0.08856038,2.3437307,0.8712898,-0.95871055,4.349615,1.6038387,-2.9390285,-3.4254358,2.2108052,-0.1630744,4.3503222,1.6226298,3.8228617,-0.15036637,0.968656
1.6515751,1.3080567,-0.60995215,-0.075265184,-1.4986038,0.056584194,-0.768408,-1.7801822,-3.187863,-0.3513808,-4.1289306,-1.2084714,-4.056034,-0.24396455,-0.45338973,2.0192144,0.12880072,1.4262723,-0.565666,-2.3366468,1.2351451,0.6541999,-0.7540366
4.4187627,-0.2121471,-1.2753533,-2.1238158,-2.4887478,1.4300452,7.9908175,-0.09219695,-0.40379107,0.24192676,2.5522513,-1.0335634,1.8668401,-1.1778727,-2.5570722,-0.3410935,0.45618597,3.1277456,1.1654379,0.03674571,2.2501862,-0.20041062,0.27222225
-1.1168022,-0.27226257,3.1634183,0.9122395,1.1998836,-4.5652986,-1.2460982,3.0572822,-1.916711,0.75275224,-0.2400046,-1.2751045,-1.9043295,-0.081818245,-0.5633558,-0.9633912,-6.4658804,-1.8982755,0.9478352,-0.14340453,-4.4676023,-0.7087498,-0.5376493
2.9653223,-5.688354,-1.0024294,-4.549156,2.9606361,4.835525,8.089823,7.9215302,-0.6959179,6.6113453,6.24502,-0.83411753,1.6825552,-6.0307446,-5.6939173,-12.050302,3.254325,5.4715924,8.977812,-0.07804086,-5.4169035,4.8973246,3.5867233
-3.8866208,-0.09095938,0.7662252,2.6403697,1.8021047,-0.108222805,-2.7326725,0.61095047,1.0470935,1.2909325,-1.6056356,0.94468856,-0.091582224,0.94652593,0.33744386,-1.570594,-0.7965209,-2.2006965,-0.2946146,1.1258744,-0.5396856,0.36965108,1.3776176
-1.3597884,-1.6796771,-0.44951317,1.2567061,-1.2992387,4.4348755,0.17465025,0.14516681,-1.0927386,1.9968411,-5.140299,-0.9140773,1.3437072,0.06727245,-0.825878,-5.720279,2.5782278,-1.9125898,3.3152907,1.1929528,1.5140312,0.020479169,2.4714334
0.69080234,1.5076627,1.545665,-0.8862052,4.559325,-1.1754977,0.8148506,-4.6057935,0.18940997,-0.75551724,4.2113137,2.5153232,0.9503891,-2.5984383,-3.0724218,4.4005,-1.8833493,0.6550088,-4.318131,-0.9021273,0.37935284,-0.22009528,-0.33895892
-2.2622368,-1.154583,1.6887925,-0.2695473,-0.3252212,2.4725459,-2.5607104,0.12876233,-0.37036273,-0.8767264,-2.916265,0.34450418,-0.09646899,1.3530867,-0.30511993,0.23838836,-0.5063114,0.07890478,0.010736676,2.2446158,3.3465538,0.32625932,0.5456104
1.4405216,0.5007527,-1.2747552,-1.9299468,-0.29077876,-4.1574383,1.5311707,0.14744821,-1.1904504,-0.92439365,1.804599,-2.1233659,-0.96896803,-0.7130234,-0.22238363,2.8736181,-1.8784771,0.91099906,-3.263003,-1.2572055,-0.90273136,-0.06621241,-0.32372755
1.1625869,-0.02631875,-0.22455391,-1.29137,-0.1429807,4.5046287,-0.7045931,-3.4842274,-1.2323265,1.5482075,1.4264163,-0.12774464,5.075789,-1.621336,-2.1719046,0.03902509,0.8169974,0.88787484,1.4184021,0.46713197,2.3697147,-0.18970367,0.32206604
2.0831642,-0.6684434,-1.3952955,-1.3570693,-4.1019487,1.703407,2.26032,0.12450241,-3.9358044,0.9096522,-0.95696557,-2.7378025,1.2857052,-0.4184137,0.21309696,-3.1140702,2.8347313,1.2951326,3.7027705,0.4727066,0.5833522,-0.79960847,0.3901622
4.4336905,-0.25235093,-1.7405716,-0.62088454,-3.673378,1.9538201,6.799737,-0.5055179,-2.059187,1.393186,1.2807893,-1.6758778,2.3986406,-4.406,-1.1116798,-1.7547405,1.5336667,3.7269936,6.3424277,0.26271054,2.3794155,-0.05895681,-0.08565765
8.793438,-2.2251303,-2.8148053,-2.8937528,-1.9065164,5.3944745,6.2800655,-0.14425756,-24.97164,-6.1386566,1.8618795,12.922009,7.6437817,-8.1048565,-0.21930167,-3.3209965,9.315273,1.5710461,1.0960994,-4.6445646,-8.447144,-12.985893,0.079255626
-0.029483937,0.24392991,-0.22129592,-0.6230055,-1.3828586,-0.031401034,0.35194576,-1.1082768,-6.0173287,0.34595856,-1.1547844,-1.366121,0.7302474,-0.12198778,-0.22799712,2.094551,1.5812151,-0.14445521,0.86622596,0.13198192,-6.4486747,-1.0757003,-0.019174358
-3.9186168,-0.31035694,0.09440459,0.63731194,0.39910924,2.281381,-3.5720563,-0.19009559,-5.977374,1.4350915,-3.5898015,-0.18735588,0.6415222,0.4863855,-0.6001425,-2.0695593,2.3899045,-2.7813034,0.71672,1.4061835,-2.347239,-0.1331512,1.9975845
-1.2835342,-0.46154165,-0.36333984,1.0697744,-0.8930216,1.0016047,0.03548005,2.8103364,2.7390835,0.3240653,-1.2520937,-0.5870787,0.20209183,-0.34953192,0.20685428,-1.1639438,0.25571305,-1.8670968,0.20391747,-0.52677363,3.532307,0.001289367,0.22502285
-1.2298338,-0.03321255,0.05328536,-0.5730165,0.62767273,1.8953215,-0.97105896,-3.5717273,-5.211329,1.5711615,-2.199187,-0.37141204,2.4082408,-1.8648863,-4.1280675,-1.154496,3.5401092,-1.4786515,1.3233382,1.5413693,-1.507887,-0.9568986,2.2539165
2.6757405,1.3196819,-0.14487258,-2.6410465,-0.3766157,-2.607354,1.853545,-3.1953738,-3.6963973,-1.1733894,2.3953376,-0.74906623,0.4717734,0.007290824,0.42270562,6.625759,0.38959944,3.059459,-1.5249493,-0.45288098,-1.3947251,-1.3855736,-2.560605
-0.918961,0.89667517,0.60119,-0.045878153,2.3555243,-0.019171953,-0.4919433,-2.980754,4.037625,-0.18350264,2.0470753,1.3758893,0.93158185,-1.0158081,-1.6192106,2.231446,-2.4676218,-0.62189424,-2.6037357,0.010198759,2.3345077,0.8258862,0.2735981
0.7224495,1.2675773,0.86745375,0.37737367,1.1177286,-3.0648282,-0.98810595,1.5334071,2.987125,-1.26635,-1.2938218,1.1275853,-1.9238523,1.3050948,1.9075981,3.6524904,-2.8719125,-0.1065753,-4.5140843,-0.8474831,-1.1512009,0.612919,-1.4623637
-2.2512012,-0.6206775,0.4574137,1.8681303,1.2705305,3.951796,-1.5468035,0.5072746,5.105182,1.6599922,-1.4175751,0.8510152,2.213855,-0.042879723,-2.2447724,-3.4060295,0.9145206,-1.4970726,2.077103,0.99436945,3.2037606,0.9488705,1.1159124
9.288346,5.388629,12.283803,1.3356929,-13.780587,-7.843391,-23.676046,-15.930694,12.628119,15.201788,4.0534534,4.46556,-0.32903582,1.4252462,8.479122,3.4212759,-15.711347,-6.7184863,-12.597555,19.843435,-4.3958783,2.4968984,1.7062228
-3.2741413,-0.3771385,0.6132305,6.1234446,3.0534804,1.4068274,0.1919984,2.0129862,1.5278425,1.4599922,-0.4149664,-0.47255096,-2.29128,0.7945942,1.0972635,-2.2064114,-0.9552284,-2.92859,0.06568002,-0.65228266,4.755676,1.6395122,0.03752174
0.77657217,0.25759268,0.51684874,2.4668128,-0.61081547,-1.4857339,0.85590136,-0.007071415,4.0704293,-0.7023911,0.50149536,3.4249372,-0.39543483,-0.50436693,-0.50083184,0.1450783,-1.0307628,0.69849735,-0.24123085,-0.344476,1.5593859,0.22084728,0.72460026
0.75352395,1.001498,0.32435226,-1.7746978,0.27005765,-5.9407425,-0.39909196,-1.096111,-1.0724639,-1.8213577,2.3740823,0.2473999,-2.7243311,0.3209118,3.4080808,5.251862,-1.8514497,1.7118784,-3.694047,-1.8567411,-3.388634,-0.79033655,-2.6915221
1.0198565,0.37103608,0.6282552,-0.46060467,0.4964367,1.3156387,2.9669516,4.0753484,1.6706562,1.0429509,-1.6151528,0.44930187,1.4088776,0.29645097,-1.580238,-0.6726133,3.0081577,1.4203055,1.4808962,1.7945166,2.3410163,0.555998,-0.8256055
-0.10810693,-0.6652858,0.5112667,3.2189882,0.9472322,3.3782716,0.5281722,3.8026648,8.163171,1.2872177,0.98048127,1.2401022,-0.06593527,0.4401839,0.39429706,-2.4495306,-2.2402549,-0.6304306,2.6729038,0.18372759,4.316529,2.0770538,0.37256703
-3.837671,0.16584577,0.9932609,2.2179396,2.4476657,-1.6470501,-4.8815427,2.1161728,2.7590778,-0.8725522,-2.8501487,0.99048793,-1.9166969,2.1142905,1.2646229,1.1449461,-0.8654309,-2.911653,-3.7427547,-0.2975069,-3.1004496,0.8991209,0.13690193
-1.7786802,-0.44619614,-1.3304418,-1.8533822,-0.0039743898,-1.6547776,0.10767361,0.36356798,-2.2097406,-1.0971781,2.1690276,1.1869161,3.358042,0.6380942,2.5085025,2.0777948,1.4112451,-0.01764724,-0.4595289,-3.2617288,-1.2512966,-2.443131,1.9385045
-1.6123283,-0.17784928,-0.24807489,1.5141146,1.9956235,-5.7110786,-7.4401917,-1.8402057,0.31134254,-4.5901823,-0.09155464,3.9476676,-7.446379,3.4615839,1.594152,1.0667506,-2.48336,3.6903932,0.89572364,1.6042831,-4.7417054,0.5774557,-0.69470674
-0.40221524,-0.6374382,-0.5756336,0.16886519,-1.700809,-0.73034257,1.096315,-1.1772232,-2.1343658,0.41539228,-1.18078,-1.4010396,1.2830036,3.8219104,-0.6036185,-1.824246,1.9137814,0.5024342,1.9886378,0.45238608,0.77687573,-0.26419228,-0.7733016
-0.52683115,-0.46714163,-0.6207239,-1.0468669,-1.473834,0.11972014,-0.1396056,-0.93892056,-7.0832853,0.3773256,-4.2921906,-1.7977777,0.7265565,0.08021226,-0.6876142,-1.8667103,4.487947,-0.13584884,1.3628992,0.5879549,-2.277888,-1.3471365,0.54455996
-2.504106,0.13189064,0.70259863,-0.66639197,3.1521602,-1.1690743,-2.2494123,-2.3447316,-3.3106062,-0.19135568,-1.9745924,0.44181472,0.22542053,-0.0042206896,-0.4953667,0.09977283,0.46787584,-1.9500006,0.50330824,-0.007858977,-2.0426228,-0.50657386,0.1320858
-1.1739074,1.6229017,1.1313277,-0.6317248,3.624126,-3.4039314,-3.1389642,-4.636276,-0.58104235,-1.1750972,0.8756441,1.6464427,-0.09969029,-0.57417,-1.3080659,3.8901896,-0.7122406,-0.12073088,-5.197286,-0.22430992,-1.69031,-0.2621155,-0.16949154
0.28963834,1.569989,0.48106527,0.6366505,1.8345664,-3.8637843,-0.43660885,-1.399809,3.8573902,-2.0765135,5.7962494,1.8829993,-1.3428922,0.90265185,1.17847,5.1366925,-3.1333919,1.2775636,-5.570196,-1.6203784,-0.8074779,0.67829984,-2.4889061
-0.41583923,0.52633387,0.0220077,-2.5330043,0.4457193,-4.881143,-0.8530299,-1.6431767,-4.3674803,-2.0317438,-1.9407358,-0.32124516,-0.7296897,0.36387983,0.60842454,2.360764,-0.33365348,0.38038018,0.01910586,-0.12244313,-4.078774,-1.3644398,-0.41116816
3.5909867,-0.25548604,0.18633781,-1.2417117,-0.67456114,-0.02610123,-0.89876187,-1.8886055,-2.932839,-1.0532253,1.9130387,0.13709493,3.7862175,1.056545,0.5116153,2.1820455,0.055474713,1.7610979,1.8394743,0.9085916,2.3794942,-1.7048194,0.29461107
-3.1741767,0.8611503,1.4527425,-0.09572935,3.6132662,-3.857671,-4.133323,-0.6683328,1.0072446,-1.372271,-0.2908079,2.1535003,-3.3166714,1.4953964,3.149213,3.4233048,-3.3834288,-2.0684743,-5.202341,-0.44202498,-2.0915945,0.217434,-0.6146066
-2.3218858,0.30314004,0.48307458,0.38556266,0.9701972,-0.79250723,-2.1847713,-0.31943706,0.21499342,-1.3788401,-0.31777394,1.6878798,-2.1522682,-1.9558607,0.84920645,1.4268987,-0.5014834,-1.2093776,-4.2532015,-0.016334318,-1.9603577,-0.098394975,-0.12676486
-0.80160415,1.8358837,-0.21503846,-0.6011641,1.1864715,1.5444545,0.61973554,-5.092373,-1.1595975,1.530446,0.81341296,3.4557836,1.9278527,-2.3335443,-2.8871381,0.89392567,1.3967465,-0.72144186,0.78931725,1.1548157,0.17011547,-0.29523924,1.1074756
1.5950832,0.09721134,-0.33727226,0.7571097,-5.0586247,1.1289732,3.013127,-1.5697318,2.7223732,-0.3796335,-0.2645769,0.18077943,-1.7474186,-0.6850927,4.5816565,-0.9652142,-0.2809282,-0.55328465,3.2241673,-0.11427928,-0.89387757,0.16588625,0.15724643
0.46882206,0.07588888,-0.2900584,2.3967972,0.2318209,-0.8284832,-0.8272744,-3.9315417,-3.1213517,2.5769677,-0.2196363,0.08495297,1.4009025,-1.2702506,-0.45020798,0.08515857,-0.55718863,0.30254117,-1.8053128,-0.17850143,-2.282618,-0.9271888,-0.32781345
-5.0217266,-1.8089406,0.43149358,1.58486,0.45676827,-0.6749172,-4.649035,2.5725327,-2.6747437,0.24918908,-5.9152317,0.031286843,-1.2525657,2.1713142,1.0517846,-0.3356988,2.2259042,-3.8779385,-0.78942204,1.0835116,-3.0767787,-0.17481992,2.7018883
-1.5813936,0.35144404,1.606696,0.8870425,6.8777537,0.015543628,-0.9427201,0.10606948,1.4707303,0.38905087,1.3020481,2.7496097,0.12554161,-0.19912443,-0.4501305,0.80320674,-0.57260543,-1.1281091,-1.6016737,0.064821586,0.24607542,0.4095886,0.43731385
1.5103948,-0.6051794,0.45588523,0.79307765,-2.1775572,0.7773773,1.4589258,3.5442715,6.44105,0.020161461,1.4297494,0.17755213,-3.0279694,0.9086522,1.508848,-0.6800161,-1.6252089,-0.9865582,0.90359354,-0.046035018,1.9859495,1.3885217,-0.5779122
-0.26698846,0.5431454,0.3633313,1.2993907,0.7263989,-2.3178837,-0.061224468,1.7560284,6.1310773,-1.1050838,4.295724,1.2389035,-1.7470942,0.6252875,1.7034497,4.029997,-3.8283174,-0.9387055,-1.6663188,-0.7271642,0.28116798,1.2135006,-0.15936457
-2.1779945,-0.016847087,0.8127405,1.6662042,3.393101,3.9018106,-1.4443886,-0.57163686,-0.592963,1.3542813,-0.66403705,1.7179521,2.1719453,-1.2608842,-3.1903813,-2.0483274,0.2536755,-2.0489628,0.18206176,0.71398216,1.0225793,0.96350014,1.9748611
-0.67988175,0.13384895,1.0584718,0.80639225,3.1164505,2.8502703,-0.32559335,0.25607276,2.6856575,1.7443137,0.7039891,1.2023889,-0.5666748,0.63468724,0.78817534,0.35779724,-1.459604,-0.78742874,1.2408766,2.2024915,1.559228,0.76736164,2.705861
4.0127115,-0.6946201,-1.3586054,0.7684987,-3.8240988,-0.44929695,3.091433,4.6778755,2.6584234,0.176235,-0.18439062,-2.6609192,-2.0513048,2.3045774,3.9854145,-0.605483,-2.0000396,0.8777563,1.2531092,-0.6775643,0.8940054,0.658461,-1.44743
0.22813803,-0.07062123,0.76232857,1.6012253,2.601852,0.2227967,-0.86897725,1.7182343,6.9237967,0.0375389,0.91953146,0.9484889,-0.090275735,0.8322578,0.83665144,-0.28525367,-4.729187,-0.03899329,-0.8447154,-0.54194224,2.3150086,2.0023117,-0.7199403
-1.8253913,1.1216427,1.691868,-0.42814878,4.8099055,1.0885576,-2.6251001,-4.192726,-0.71643394,0.30777067,1.7999829,2.3940554,2.0651817,-1.921714,-3.634672,0.8660665,0.26210123,-0.9801877,-3.3769891,0.3774233,0.9422591,-0.05206056,1.3004457
3.20055,-0.16147983,-1.3357065,-2.3321068,-4.398962,-2.0832822,0.56737655,0.5750567,-8.673355,-0.30464104,-0.71168447,-3.1357267,0.3149825,0.45553377,0.32773656,0.32465962,0.7826496,3.4310846,0.40542302,0.11875522,-2.5449102,-2.2747765,-1.1339
3.8232453,-1.173266,-2.0957074,0.2812274,-4.5971785,2.5003786,4.4130964,2.6631231,2.0468178,0.74004215,0.64032984,-1.3910577,2.0611725,0.31519344,0.01529769,-3.7004097,-0.17114948,3.1494207,4.322504,0.019929377,2.7586644,0.4573196,0.06320336
-3.398384,0.9039257,0.82609844,0.76191866,1.8485975,-5.545521,-4.4775677,-3.1476192,-5.380822,-1.8388618,-2.8155382,0.30909872,-1.7006035,-0.33510715,0.67860836,3.401656,-0.05585372,-1.7059065,-4.73811,-0.04429072,-6.486138,-1.3106527,-0.23715734
0.93442523,-0.25804478,-0.57514966,0.03370528,-2.866349,-0.62584454,-0.50418746,2.3426473,2.0598361,-1.8553821,2.253354,-0.5293179,-1.2546176,1.671944,2.3049595,-0.72158325,-0.4970113,1.3902476,0.284776,-1.5367448,0.94642246,0.40483308,-3.3605258
-4.619425,0.10963556,0.15440266,-2.753019,0.23919395,-0.68997943,-2.279443,-0.54700303,-7.6405244,-0.35172886,-6.206149,-1.6597548,-0.34657562,0.38681564,-0.6712547,0.5141931,7.75048,-3.1580307,1.3432165,1.8124592,-2.900678,-1.216844,2.2044287
-0.27305794,-0.17182623,0.17901547,1.0356343,0.06697106,-1.7065729,-0.19964035,5.028732,3.8708298,-0.61221087,-0.45116016,0.11070097,-2.0560791,2.5811486,4.517092,0.56021774,-2.4187288,-0.25405478,-1.3834788,-0.55000335,0.5751496,0.8470892,-1.4772663
-2.2642014,0.08217435,0.9371852,2.5759637,0.8771558,-3.832154,-4.1508737,3.7709255,3.878514,-1.4922093,-0.8675741,1.2044333,-4.9629664,3.3577225,5.2095656,1.7406174,-3.408591,-1.7339422,-2.9921153,-0.8103131,-1.8350923,1.1555374,-1.5614125
-0.40541008,-0.14771532,-0.33698198,0.77351433,1.2587599,2.7180293,2.0381632,1.1661756,5.1815367,0.40392822,2.314454,2.4140813,1.5752892,0.7424384,-0.0016307136,-0.5562716,-0.7013961,-0.003772419,-0.91291517,-0.33215368,5.572077,1.0690519,0.8136901
1.2308418,0.353642,0.61094695,0.79381865,1.7999007,2.118123,1.4952025,-1.4735956,2.8047395,1.516653,1.2733437,1.2194966,1.529734,-2.479666,-2.809217,-1.1034101,-1.2066158,0.02640521,2.0813346,0.004350808,2.5544052,0.9164358,-0.07354568
