PC1,PC2,PC3,PC4,PC5,PC6,PC7,PC8,PC9,PC10,PC11,PC12,PC13,PC14,PC15,PC16,PC17,PC18,PC19,PC20,PC21,PC22,PC23,PC24,PC25
2.4014142121867033,1.9014120739878106,-1.0624558805837263,3.408490543411719,-1.710595466065207,-0.8070544150056977,-1.056590426222813,-2.4357346593587246,-0.026753777593425523,0.111043323867625,0.30536716632304717,-0.7603881799978155,0.5399172413038738,-0.2876558313402152,-0.14031475848395145,0.08057599874446413,0.26556915622432353,0.1348068824777465,0.9059958460954316,0.4565204821902118,1.2336643714002316,0.3824944041611371,-0.7877640861705526,0.027272563256552418,-0.26957192329701263
2.21183808878015,0.8853108116456534,0.4869168325789086,0.03835002243517349,0.45467311514135733,-0.24563584976699127,-1.5513148937470944,1.1800744662709162,-0.2768798469738592,-0.9984379215358519,-0.09197156698985134,-0.5095029002370004,-0.01836727064058706,1.014661014231287,-0.01745174549383391,0.7340629498125544,0.9753645183278584,0.4629380634278577,-0.020159649154144754,0.18256473296325684,0.43219419705042583,-0.27179786520349297,0.9404894846064883,0.2373511042554714,0.04548773294546206
2.892813801201641,1.0917568381273186,-1.6212588148616667,-0.7966459925851967,-1.3813405007443378,0.38040079349286,0.6737891061032647,1.6199012574701614,-0.25472640715945744,-0.5461189469905362,-0.3831702555049498,-0.8551021517615021,-0.6823283492652823,1.0276919303105458,0.5530385642547242,0.13605903872876035,0.8809625643885697,0.7550925618868081,0.15307021256693837,-0.29776416824205065,-0.29173039069733436,-0.5961146073477784,-0.29009610561144894,0.28780786944633835,-0.14476021217049373
3.032931502736985,1.0568321822817224,-1.5102560346680656,-1.5796758878100525,-1.6216572606408526,-0.5917997985158393,1.0285251395143402,-1.1016824897774087,-1.6346792483774824,-0.7637799020672664,-0.07955785160322576,0.32209963833975963,1.5078023411631443,-0.3158122129464969,0.04929758198317108,0.6576820374600749,0.5116468900392053,0.47833779510707664,-0.02827270470388224,0.8142641655597179,-0.23679226479623358,-0.07238022689093988,-0.2170791451119799,-0.5659365972745226,0.7550602229237791
2.7094422195811885,0.8449703417593477,-0.17270502768232515,-0.5319986386125808,1.6743114109233317,-0.48814586563441476,-1.9069352520029785,0.33800770213496023,-0.507665295038444,0.29390935634495535,-0.22095946996863147,-0.009173399351007402,-0.5733826055843723,-0.31663748643077194,0.7991242747041999,0.492532493145973,-1.1661392850183416,0.8982153132580593,-0.6825794699051959,-1.028671386820803,0.11254577843441879,-0.2910016864475369,0.737778684827846,-0.2749633974491351,-0.10292387916093111
2.388133446885592,2.1140827095776844,-1.0638139266128177,0.12051983268653034,-0.5149706938739039,0.8084404243675373,0.6687523450551874,-0.9721173351383684,-0.07192814615866988,-0.9541150191122025,-1.9013235676015934,0.5158353209900551,-1.1718978662048438,-1.8429838096840858,0.01377410326635821,-0.9613660591786816,1.0945791413649328,-0.6125712946593813,0.5804390095174061,-0.813742351067545,0.3205178023807819,0.23529008470339194,-0.26490089535937467,-0.23749827703151893,0.6552886493233742
3.0099447607515715,-1.9044995510364657,-0.47319570934038807,1.423306572517811,-1.6981347131561977,-0.48804935825983126,1.5079311775020205,0.4448378667485966,0.6459046994872812,1.6531663076250405,-0.4503672606028455,0.5455517449175319,-0.6515398214839787,-0.3587265731720056,0.31196365200812204,-0.5596166215904852,0.23199177623109207,0.697706178095745,0.48278314204443823,-0.8367921537118432,0.09872456239498031,-0.04943072846982944,0.10340446595648956,0.2527812421415338,-0.2725528653778123
3.05493468709469,-0.20325168805576335,-1.1101929627788636,-0.7964092712841944,-0.4692915811455022,-1.7374361845243564,-0.9788868174639083,0.6567856195663765,-0.38638650853636947,0.7443722776465995,-0.42605987557430597,0.7919029847130765,-1.9441628104352902,0.3453441141760809,-0.9884836309647006,-0.000727269056797944,-1.0864861846645213,1.1875356451935761,1.2728018437869455,-1.1401768724334242,0.7782864194163176,1.2020824509694334,0.17191218629224836,0.6632787752235949,0.6155390660715176
3.0474837747450727,-1.6437974125719756,0.5578409220106237,-1.0165972025125711,-2.6529941463271336,-1.860825769956639,-0.4505544337971561,0.12562469511245722,-0.2571185652017172,-1.1971723296954908,-0.6480800939393666,-0.24233055382783353,-0.7486484542890087,1.9192600285922934,0.07365699086389696,0.2758863221899166,-0.13048638423783893,0.9960371143649251,0.7360744322401951,0.6294811971143173,-0.7418781052011849,0.389023089435943,-0.051818198958136885,-0.8928709724220368,-0.5500405277711083
2.9809822090199827,0.6367949731210052,-0.5887336770060082,0.978648396133881,2.4571181024777187,-0.22066282683587907,0.21752191866927978,-2.2717419069769296,-0.33247272230528435,-1.2435056401711027,0.6384439345292604,-1.739535990278825,-0.07498440114672424,-0.29054749465294344,0.09608494447823226,-0.007258946790564116,0.730160730995799,2.227001460022334,0.27781398670163054,-0.14652904279266535,-0.440650734662453,-0.13762994582698548,0.743233403823442,-0.009211291389434884,-0.11654646126507921
2.1672685725845855,0.1257598331695451,-0.015819116839403083,-1.088954784485057,-0.7456916748540476,-0.04769141491752097,-2.7467232878310206,0.12418187216254309,-1.22305514087564,0.18067526316329136,-0.35393171081821534,-0.3179759528176841,-0.4118482892947455,-0.5977248613498893,-0.24243366278814413,-1.0028636226455048,0.17162897276471528,-0.6464512748052224,-0.6965547383569957,-0.25456620563135646,-0.8100581774846379,0.4550194071301103,0.09160630336985942,-1.498198419243551,0.6175892877374953
2.7558822689311198,1.96555163156181,1.8628762124679583,0.7280367269709446,-0.46994613739002133,-0.8774707623397349,-2.751256585132133,0.11339009216207602,-0.6705352368575787,2.054798322898897,1.2445541201692316,-1.3044534704172883,1.1083308150896674,1.079116988876451,-0.9492754855706113,-0.9216358643292117,-0.3800362988830852,0.053650153401282014,0.5400713916075677,-0.27592683228705306,0.5975571447600344,1.3902150199376533,-0.16517675348017433,-0.7571815094884732,-0.14254317530795202
2.0431415100219055,2.9816656985093752,0.7023775603157516,4.369890298502998,0.24494086185267824,-1.0765020519098067,1.136336580241797,-0.8280764657621443,-0.5175938962893204,-0.7123345555601013,-0.5203010817262277,-0.9789550677837693,-0.017733415809923672,0.38639368120587625,-0.24055816574887337,-1.0331267880065014,1.3281800700066566,-0.8741259977296166,-0.06393818701828252,0.5625869608986954,-0.7893108719423566,0.24776848077550226,0.8597934544335581,0.5502919785616909,-0.36397100957386047
2.6107921296570358,-1.4918600628503091,-0.5119175271941234,0.004082516455039237,0.03316050347930691,0.04984358123954813,-2.5099140332889482,-1.110545468630965,1.5329000630920528,-0.7482154518563939,-0.2781654429835985,-0.04754442456189779,-0.40406721406008195,-0.39302191162270944,0.04119796018276567,0.9118137884280503,0.7320772376571635,-0.12544573139524523,0.8732669304559624,0.5694393503350457,0.7794003835263602,0.42554876335132963,0.440234500855482,0.3892831330079403,0.5721518894257923
2.932760741652131,-2.602413408967165,-0.8582607852260905,2.7709625528994555,-1.5925468022184235,-0.1832990350347238,-0.9296425966085639,-0.09368214588905413,-0.024727667568835203,1.634816111237903,0.2102328060914812,-0.8505522379173035,-0.4195183214779924,-0.7664235716096702,-1.2390444529471096,0.9793070549553335,0.26320857579607704,0.008011944951835354,-0.19169659069191541,-0.6646582057007338,0.11051716093602992,0.4350367168657922,-0.9620600790243182,1.5338971555649852,0.11388943563591993
3.055933516355392,-4.645372863222792,1.9640025740741318,1.2820134158836594,-0.10751458819832996,-0.06031385244750235,0.5259756432003921,0.3911581651122841,-2.128535316295453,-0.22366250986607394,0.007599868656836338,0.02605034544691697,0.5300799185652024,0.3207942237749688,0.3059311635394627,-0.80795706852696,-0.8645330252636672,0.2901162642905969,0.1017444830297008,0.8876242726660833,-0.5164758672238995,-0.3275696884802019,0.5540068481723333,-0.17158813664034056,-0.3757380966949267
3.6286889002192133,-2.650675170384276,1.8701997020639538,-0.8434086239474037,-2.622094466042304,-0.06725729277462256,0.5334378018065672,-0.31639663901691445,1.5333909241388541,-0.054860671946312736,0.32411636185081455,-0.7782431263962094,0.4675747257363413,-1.189901366921759,-0.3433082361527485,0.3058951038870303,-0.15520633411979734,0.7487095333647807,-0.012451243218036173,0.12554049579487936,-0.9238186833589351,-0.011469515629545972,-0.2745718458542167,-0.22583289938171847,0.3738412632515236
2.9812023862699264,1.0665233752907404,-0.4880945791995549,0.38842641019029567,-1.6897937044297622,-0.22286829713312267,0.3216775565821364,-0.16211634307887526,-0.0340800265785032,-0.15904590190352594,0.5033687365318851,-0.6680081957002412,-1.1649805563800524,0.22029722449327832,1.9077439064022201,-0.8751170293738826,0.9682498845901202,-0.058428056734793024,1.0696943722529737,0.14839211371560648,-0.1750157791054408,0.172756025551841,-0.38055100394650676,-0.79987469249181,-0.47133129131400353
2.6802515073662456,-2.651409604815581,0.39776851708163696,0.5132930617491804,0.1628616617074763,-0.9794995450708497,-1.3293107744088637,-0.5198798154400859,-0.10071441185804836,1.0645110351356522,-0.48191113284180376,0.26097108160565147,-0.5560911514923867,-0.3955064007379381,-0.11489817792032539,0.8701929912311158,-0.279297951526366,-0.20239605873667177,0.3347936635807856,-0.5465539129896209,-1.0781823930746885,0.32141744408197803,0.5975511980551199,0.09129127052436341,-0.45836999534495165
2.8252668408686943,-1.3675308605224445,-1.9187664201731258,0.4721559169607304,0.35792205661528864,2.7512647030014588,0.005303403665936936,-1.344551818328984,-0.7463237768664173,-1.7413697295584583,-1.1290862043473102,-0.6312236409581423,0.1431582163796653,-0.6080014653609922,-0.6085032131206743,0.4861380481721652,-0.7793738656072605,-0.25630811944913867,0.1850074810604272,0.1277334714361005,-0.31686051610752314,0.27813337830850154,-0.5708612285917116,0.3948242683988287,-0.04666801340913369
2.2602149319512845,1.0128389805566975,-0.7041723143891874,0.6067618919501623,0.994897587265539,0.7473021357791698,-2.718063668148801,1.750638115133798,0.38689834666505024,-0.2093536059567573,0.36008574662796505,-0.29239240750443557,0.7475899852706402,-0.42181575875796057,-0.7547385857724368,-0.2177451718967161,0.8797260048650286,0.47444156548620675,0.5654777540719926,-0.21840532934801063,0.7534510950885879,-0.16537893222171246,1.046767217795718,-0.541212114216148,-0.16629015033531136
2.1636974691784774,-2.3244305569625374,-2.3000381563964165,-2.0973096094449875,1.6845521451198768,-0.7458760075414259,-0.20790429095323787,-0.5633041594255486,-0.15904292808656778,-0.3757695419782221,-0.8684975639903137,-0.664486795448118,-1.3177952316948816,-0.38553242398196275,-0.05736905461051052,0.46620126987260857,0.08931203405044924,-0.05655280888939697,0.10256484992751241,-0.6679380011042169,-0.5400361310830544,-0.8147147103876684,0.05617672590641981,0.23830676191203548,0.4950383060244073
2.820506428848604,-1.5712068337228982,-0.790591721601142,-0.46367923366979114,-2.0940226725916538,-0.5050164252726633,0.07815645212430669,-0.21870466275824238,-0.16611186640138584,0.04386867600903249,-1.1487398935745117,0.054946753431524935,-0.8991893935006864,-0.5075881941010055,-0.991389521103047,-0.03250969465019022,0.8526450058064223,-1.0467981661848085,0.11653841947840893,0.9679296289439453,0.5149891654545963,-0.3967600314880348,-0.0358785140089668,0.37045471572956185,0.8998994072448667
2.116086927871288,0.215552855954721,1.7337901662773536,-1.2336859333003543,-0.31567989877493996,-0.09641140565076045,-1.3817093319358404,0.3606646854491937,0.08608431227642833,-0.003589924300697156,0.23545975584937665,-0.5870740578648146,0.7027633732168754,-0.5153463784408063,-1.336803599547411,0.3247010460831814,0.528062864324165,-0.864169873391419,0.3978601043204047,0.08322843781429623,-0.11647934947996044,-1.167486675436665,0.1957002615798357,-0.6782206092973606,-1.0929616069682557
3.040981383209075,-1.3165846875276774,-0.048586157541399694,1.4059790475336786,0.2342734404762159,0.42899737936248794,0.05706408275876938,-0.32472162879538463,1.245728136964157,1.5971998831257141,-0.10638655438601957,0.29257055465026954,0.5709849123528125,-0.31014482804617993,0.24604617601200887,-0.49820277862010526,1.1533414389628922,0.5221571127703756,-0.4216896994380308,0.16339285933400557,-0.012655555550010036,-0.0023448447573350666,1.1100542491751662,0.6528002864659801,0.22484822471070176
2.8980378971786256,-2.3961676588353398,-2.0578009311989103,0.41577231313923607,0.06060692045765397,0.9200846383476264,-0.680979910967773,-0.9200818637461672,0.7364630554181604,-0.09684204598804774,-0.0011487363411432847,-1.0706665669520483,-0.8089176873425192,-1.567119648669319,-0.157350569330132,1.2693342471420586,0.29525872735046943,-0.4097527535494836,-0.6308699264390545,-0.0012348292699383145,-0.2862909115514218,-0.7774803784573429,-0.01172224937505345,-0.2736944130909472,0.12836019573438734
3.1923616618943784,-2.4074572700768453,-0.08272644583272307,0.5641905877704417,-3.317064455864792,0.33120862713360194,0.5826337927302871,-2.2370454439467315,-1.3817159204601817,-0.16107200821620718,0.7604583261895266,0.5865851312650021,-1.2138771059647142,0.008610179532361206,-1.3290453877825623,-1.859436319694756,-0.5909563258904181,-0.8990861361808361,0.45601805173904714,-0.12350596167995215,-0.11402032421893446,-0.6218796016043885,0.37125956827468076,0.7502801016060134,-0.23329328263423782
2.3012113318781813,-2.0605848796322506,-0.9264095502293368,0.09052097607144742,0.7920711678614838,-1.160489411733266,-1.4507843478902103,-1.479774051033374,-0.6067633167653175,0.21649319528477212,-0.3326205809736916,-1.1869798464724524,-1.046297617276299,0.17225936011024856,1.3311842398764193,0.05782403982023286,0.10595242215991091,-0.6239290661801176,0.6542427556440447,-0.18524071085215874,-0.44697039644055825,-0.9027998362691775,-0.7744200570617059,-0.21594563470636025,0.1694433236081358
3.3399447985363553,-0.5544886555413314,-0.8447308151807742,0.004513009410216304,-1.3881782783935774,-0.4739786629852353,1.4844693619675084,-0.8726435456186178,-0.5628295060478303,0.7192338995388359,0.5216157061158894,-0.3901358605149849,-0.139140265150399,0.8772065123267255,0.8161278977370132,-0.2833693601228916,-0.15527093359734687,0.1385632617946235,-1.0818325326186744,0.8991959484900869,0.3050471643815882,0.22493561120379887,1.0867185862328679,-0.30809978152512135,-0.16578067884851205
2.2521343050463494,-2.4155672497004166,-1.0442956740826315,0.6621336665540495,-1.160947342513444,1.9375324349533358,-1.053673769950893,-2.2131751450027406,-0.34701923926774586,-0.580831025170786,0.6846652567935932,-0.2706147103424131,0.04929420749721509,0.33696882797181893,0.1386488637545147,-0.7969138987681336,-0.5579206556489248,-0.9914138831095096,0.4526455326394125,0.4783432658822947,-1.0969500330476554,-0.7053617435128265,0.12217903291329268,0.7916374323129896,-0.2304294538326811
2.3414140954773988,-0.8475064792296657,-0.5700889025007391,0.9188742252875421,-0.5845065824674254,0.40904282665519726,-0.42896041072249563,-0.34145451734104126,-1.4275185635726264,2.32298280493027,0.8380820017918399,-0.8774073974531912,-0.13820746108945314,-0.13691302215802142,0.2326001115856982,0.4217084751213731,1.9715197325213407,-0.04600007239164036,0.008141351264073338,-0.45830785377549066,-0.09023603296753088,0.5967011821979822,-0.17689047689032672,0.5147156654967298,0.4191968440346411
3.5108558753171355,-1.3977563995662274,1.5110227531301943,-3.4002588414392383,-2.2848204292439362,0.1915010981513211,0.8924774393078554,0.09595241712675756,-1.2756910771318142,0.5481834112997721,0.23856305596264912,-1.110706297102633,1.4061192731552483,0.6010732233210535,0.7488691338566961,0.5885342665080233,0.3745737095189396,0.7571284481572896,-0.743364891521745,-0.35614937016823855,0.5990011720255136,0.08614952598326739,0.6258179548551471,0.47479836359555166,-0.39898684402847445
2.3116816591657416,-0.05078494427363477,1.7968498765665861,-1.3060855938198506,-0.3278274823813542,0.7623896587108583,-1.2720653052910178,0.809812608302732,1.5593307258998383,-0.14016745028234326,-1.0854997890673728,-0.8004206535858736,1.093823987514982,0.5498600582489998,0.5112287077757113,-0.310496937516511,1.5212406183320375,-0.14774178417876138,0.864437708083803,-0.013019910981663468,-0.28601882609247453,-0.17410729285252136,-0.8335496043259123,0.362160104416418,-0.060389399274066016
2.6565648184081585,1.5770717926517208,1.260135702248985,1.4643606551104402,2.0276223126383024,-1.2251126712515514,0.06499643363417958,-1.650104386306156,-1.745482866903861,-0.5975988877366158,-0.8114879875486193,0.008690312017430167,-0.5529665365562256,-0.5904098196349119,0.6005935881908803,-0.0758487899158009,-0.27234242198217046,0.21382461697874208,-0.28413342598784275,-0.7423773040671209,0.5017908142083701,-0.6691948010007757,0.03159062169245197,-0.22022874286631045,0.04483568415935464
2.1888443812822986,-2.887170907856193,2.3087644887125403,1.2709971622770808,-0.5517909723620174,2.257704119332076,-0.9842712322877292,0.864181058428607,-0.05955763872297298,-1.5444414438434322,-0.7049643328437181,1.294213174665004,0.9263573384622777,0.5337995159574317,0.03980194330882994,-0.6870073296671068,0.29529609859318495,-0.6267880136142048,-0.9172168209660909,-0.4130633452555783,-0.4249935642891504,-0.12656657134443458,0.20993726275139826,-0.49926362986437095,-0.716019367773175
2.7832989878353716,-0.8117684673430472,1.406723451281727,-1.9768928740189131,-0.5231598821249033,-1.1417484284638786,-0.44267642068333235,-1.068252529927833,0.09296205553000499,-0.4859913895010816,0.6983980057949566,0.993611266458863,-0.9640623698085585,0.20185256820076525,0.542151694902578,-0.2813161626958479,0.359443332857649,0.6806577672767957,0.6390573230880894,1.189649970983312,-0.34535532810753927,1.5226330665895096,0.6583405093643906,-0.8086564949832452,-0.21690480499134268
1.957216513501753,1.878028199821963,2.4858176515392927,-1.054898422028018,0.9288517374208274,-1.2568951360079663,0.5948326796788627,-1.0421356980686733,-0.5470047808700048,-0.9349581589053926,-0.6256833264975877,-0.5288001587467752,-0.12187433123815715,-0.7988382470934147,0.03787642319203435,0.049353746842506,0.3171759537856468,0.8055168446972901,1.1774132006960083,-0.8277243272059025,-0.2459861947327024,-0.013996138215134317,0.30093550809224945,0.9254861476358405,0.18592562575823102
2.419514112122626,-0.35066756701716173,-0.057635729365942766,0.74242100713852,0.3342982755499306,0.27630871747869845,-1.8932985742397468,-0.38441042415570625,-0.23897997650949335,0.8893046622318129,-1.4489888745686146,-1.04019633986138,-1.4595991811263769,0.5166319311622782,1.2222699440498284,-0.20851013711289218,-0.19464434756159205,0.20996987756768082,-0.560212449056499,-0.9303151750452617,0.7847445532193926,-0.21323495683323573,0.4378292933320199,-0.6712501811909384,-0.20186188090984314
3.0030410968077548,-0.4089842592368627,1.5856448495723814,-1.2867046739101191,-2.121595289804254,0.18901545245674248,0.6566472254295636,0.5510661146518583,-1.121216920867777,2.240574311157256,0.09495803431934507,-0.8093674626953931,-0.4494950423027745,-1.2723809042534109,-0.5193187419138819,1.0071459506298401,-0.12135018575944784,-0.279557314815717,0.39057726681114974,-0.6436333767967919,0.10214214141476449,0.6012688651346756,0.5814858413161794,0.9398934253135132,0.15120104899710296
3.0042287275205917,-3.6571973198876653,0.4237977680805225,1.1978028190910768,-0.6654079854288228,-1.1115840179392023,-0.16521035475996754,0.6739407932984994,-0.14198047803963712,0.5695776617510793,-1.0884202555925018,-0.4542585522831018,-0.09550765800376997,-1.1125172889248747,0.34976177234976813,-0.19783487823704904,0.11562921306776944,-0.03470666051526913,0.014835111911947918,0.6874503511736894,-0.24127775889151146,-0.7618622055650248,0.6828110420941752,0.0011781607556501372,-0.33210900043790414
2.449849779578296,1.0179876352606567,1.9512654445132451,-3.350772496105155,0.5132662836233535,0.6206360413491743,0.8075563430156376,0.8381186004031803,0.2196911999128203,0.7245691812994635,0.9011608622272962,0.7851279929651171,-0.7846195731761515,-1.1896596694651551,-0.241755293359415,0.10657948585803804,0.3917480756353466,-0.5153079918033653,1.216827791130911,0.34815767762277816,-0.3513272855442771,1.0851212303506015,0.33793247241954105,0.4427185657814105,-0.514543172207794
1.9005886937760401,-2.65229401627226,2.8303397402435637,1.4686696934184893,-0.5612761368978219,0.6714751327961778,-1.7624950348734736,0.3234936877402802,-1.0681357501314506,-0.9808651347924022,0.2141857596129564,1.67133093732902,-0.37196953321555115,-0.3593635939018629,-0.5779572029024332,0.4184983047884722,-1.1841438855552207,-0.35665661013915817,0.9553080027568113,-0.4090284595664522,-0.9504741083715291,-0.4596570647105541,0.6989791329671093,0.38734390905505117,0.1392115923509366
2.808197464923125,-1.242497480319264,-0.39570247281806104,-0.27403287455094555,0.4675415273592398,0.13284958676589498,1.0565387474902013,1.4976684515675402,-0.9470494754761015,1.5859685892711564,-0.015530158732926711,0.3226268457566654,-0.4811189112986277,-1.650634795178052,0.8392824466898697,0.7089087125855634,-0.3377646898204272,-0.9088310161774995,-0.13570519857953445,1.4905452302677176,-0.6173019768976936,0.5768310236102321,-0.07961696578351529,-0.2782095981601031,-0.5897985894245914
1.4125136030453032,-0.29914688311951704,-0.2270515339222817,-0.8170730687000521,1.7988432993626253,2.9864625692413584,-0.8411314330565143,-0.8213286448625211,-2.0532078104072187,-1.689090321529361,1.2316346976277155,-1.1359331861823112,-1.2320364032532736,0.6960914598305611,-0.31608835397463575,-0.38547693335065947,1.1772972040262344,-0.8156007093217237,-0.6054108372135901,-0.511668778619715,-0.2222169152717222,-0.0008780925869339446,-0.06739700904986134,0.3543139337683599,-0.5853688455304066
1.813091784438738,0.6180579385397507,-0.27457112835460373,0.33307739532961467,1.0492382792869106,0.8873290980110985,-2.905952785640785,1.3476977876836165,0.5497665455627265,0.0822139725503933,0.8657589012124722,0.42051070591369777,0.31314012946290626,-0.051173818425020556,-0.6767337209147768,1.5211431154097304,0.7347612400969608,0.4481487723030697,0.09034529153094545,-0.5798210895084611,-0.7684530523634601,-0.016741901944058106,-0.4149693003829835,-0.11332955972501575,-0.6783277537416974
2.4875590806176247,-1.1637276692659744,-1.2820009134187942,0.16582318131185936,-0.22955350632380814,-0.5022771218757911,0.035624556950553096,-0.7798009259913901,-0.13930124941301508,1.3509825386214183,-1.089275591029779,0.4277166792722084,-0.283391850770077,0.43826665685743116,-0.7015270429572253,0.5999042334152092,0.18561264209189537,-1.3226890955871216,-0.9503463202036933,-0.4918367077631083,0.11324152885491098,0.5389026205582182,0.1389719446279285,0.943339485661147,-0.1216366739121681
2.1201396471348404,0.37812688695104313,1.8640363077559674,0.8367628883205086,-2.1558571284033903,0.6937859080085788,-1.5786813325636482,1.2648219922918231,0.57062800278745,0.32694558024713627,-0.3038668573954279,1.3785192110725133,1.015627310511874,0.15501080719711616,1.3066553579686364,0.4328130725264409,1.364058127284615,0.6146895883646182,-0.29336612277201796,-0.10078173377218869,0.27613409250906107,-0.1489684412213761,-0.27203845402136495,0.6756060859670523,0.23956590045647208
2.24284612404877,3.1960738197285155,-1.1990002899222894,-0.639717319780369,2.2388214450039126,-0.5148059161440193,-1.3897351464664227,-1.5860514461171786,-1.529225135103306,-0.5319586041818876,0.305086643412601,0.49366874991476434,0.89384169864138,-0.9892007322705245,1.3230697718584432,0.5655583379844121,-0.137673870163264,0.09477028799464723,0.4929778230281167,-0.8630624165388701,0.1791955229540256,0.8857582276918963,0.23983668380960332,0.15843721826067048,-0.5988366787896087
3.6043290298730737,-1.5073944706290552,0.8671912425625713,1.2389842136321194,0.19843075074700312,2.736987075874275,0.8061629019694212,0.14500192848904916,-0.9812105922670764,1.8535432059582113,-0.6835314311417934,0.30231694644679497,-0.481995046535975,1.3123294993024204,0.6788720411098925,-0.06477105048203975,-0.5346436767033422,-0.15500032634000915,-0.3327791626076511,1.092667992551664,-0.2555247653722748,0.24178935989646322,-1.203022036420864,-0.09087258370429588,-0.02269958907584195
2.536852697934525,1.5432158549428066,1.5203872753425356,-1.5466934118232973,-0.013338345543515803,1.1817297182383264,2.0204869252942874,0.3701710022264987,-0.43172361543334503,-0.4758828640327302,-1.2205752170377557,-1.5104425090463238,0.03319751926829008,-1.2561696845872832,-0.7584732672604161,-0.1368128073806832,1.0086441922257308,1.4779456297574043,-0.19382246663500668,-0.7369934065403527,0.1563857285089442,0.009192312673168555,0.12794421946858858,0.1238752844960675,-0.18711349856105436
1.4521233179597006,-0.4261552025410985,1.127953377169086,-0.6997806794018294,0.019900199002889307,-0.21334719414215858,-0.7328561308268384,-0.15408076143055124,1.4690046695212045,-0.7559573190956135,-0.004166464038892516,-1.560089387139665,-0.2874936881620602,-0.28124041924597015,-1.216234694574587,-0.6816170629716529,0.16568202490501377,-0.4519267680312896,0.03456832477738417,-0.7697734496675354,-1.3126043477670628,0.3788489056196383,0.41174373861748503,-0.5823256313015297,0.4960538346052084
2.141639443267693,-1.0606627916148714,-1.4271789265665182,0.49405820633913733,-0.034587438768279605,0.20820389410074092,-0.2904435617810874,-1.1151892253879943,1.2396060704120666,0.2870610423626373,0.3266723998146534,-0.5456905506143412,0.5541997345656942,1.3149926670199505,1.1433311883979933,0.4038101434353072,0.3692424321879911,-0.3202688125004351,0.1976833448614182,0.9936748174134031,-0.8672127111968011,0.4033394709343784,-0.5438906644944552,0.12343277869372275,0.3688688935213956
3.177324965970884,-0.44512947787484697,2.469166040654352,-1.1594744799153462,1.2225059805721747,0.3245287423883689,-1.1577074722023897,0.08290421770299447,0.7678491793898745,1.2488890632439413,-0.9166137202756571,-1.2211917373001921,-0.2733110699139235,-0.0653977753023095,-0.44763912328749855,-1.0669496473423425,0.19054749749030842,0.5741518435234145,-0.33988524462702613,0.07430576420727561,-0.316463843685783,0.6437215040145504,-0.7263095199002125,-0.07387175940910541,0.4077056292519778
2.5402050556630678,1.1537132005140727,0.6827108023049452,0.6346587252641205,-0.1515045758158145,-1.3709843418733485,-0.0382435532105152,-0.8925964939098106,-0.698983448372021,-0.6862758831651088,-0.9660238056153683,1.0521447078811939,0.2505774851952018,-1.1516168159222853,0.2870627237263972,0.3435668636925936,0.027611283783851824,-0.2614952120993893,1.1712261328156994,0.572748662375498,0.41344018288528395,0.5087577859336929,0.4172075056758179,-1.0274533472615857,0.46450977634780805
2.818094387234241,0.5189146643291082,-1.0557974251566498,-0.967714757286406,0.9244598486087391,-0.3216666049157259,-2.012331457734017,-1.2992384784977837,-0.02637738619502043,-0.2429825708986973,1.7622968289256635,0.03946959359462806,0.4542433257558749,-0.3997976984145143,0.5725414688642552,0.032699483957122064,0.1334842862205457,0.4445820297031461,0.24427544427755854,1.1096261074452554,0.002726912421304614,-0.2547909355468735,0.006707446932997463,0.8167605874147319,-0.29158366781939643
2.863516699721723,-2.585661376819392,-0.4205997046322729,1.1315435687781934,-0.07690306358218948,-1.0407221400575115,-0.16420901490342377,2.2052812659229004,0.5956707205938039,-0.8085063542078388,-0.795584709856595,0.01885417914513878,1.0291060468832303,-0.5915572466026209,0.33235453610177845,-0.14237204609680087,-0.30265657631299164,0.05001553071858053,-0.5676893281840858,0.3114295306765412,-0.05187269487535103,-0.1283224711249198,0.1604604571497881,0.4745450065471531,-0.6133142548090895
2.8993097454071344,-1.6838250765288567,-0.11616946512146392,-0.42108707693291386,-0.1934130864367287,-1.5638108367274357,1.2489543413658077,-0.40164592346987826,-0.1191564893579509,-1.1597631297678304,1.017088086087786,0.34257753284970677,-1.3630941031029664,-1.2094053047629862,-0.1002790050388801,-0.24200413271117743,0.38770348081429534,-0.4077673253987766,-0.1953602603195711,1.0097924654589634,0.3752671833575389,1.1292769343002171,-0.5552266639587452,-0.09387051336278869,-0.07169127412438593
2.434111185055233,-1.4306213669582095,-1.1304496165341982,0.18332050268316757,1.0434714408040129,-1.2528285840142492,-0.1751710176112639,1.132057568738769,-0.8925718004464318,-0.05934148962190411,0.3630373757007845,-0.1701196468020396,0.6129326538327827,0.057344968956093145,-1.931783501596818,-0.20140955065173094,0.9159534012274024,-0.12693257169680372,-0.9059463897910625,-0.01290021407781411,0.6576949420162973,-0.2897125612605774,-0.5664796859920657,0.00770080429140825,-0.35469694528539986
2.799757601167125,-0.43966758185367766,-0.6188079704573006,0.21051012920257486,1.9392783270471896,-0.5921745217242309,-0.036820328477851376,0.13298597672803578,0.4912245250928027,0.7164271758704406,0.8040161993249499,0.8134669588812649,-0.23674735057497134,0.4823270947931917,-1.6042314959544355,-0.11357715346754656,1.3810410813001135,0.2633631780518043,-0.006282624368931067,0.10779477885698877,0.022804563349075373,-0.2553210474085402,-1.3613098007405686,-0.5785784571989053,0.6123971530523734
3.10247935892119,1.4492688523617387,-0.34392517776640547,-1.7284045803787604,-0.7412901681083759,-0.8603834054741072,-0.3380498857141436,-0.43176979014006056,-0.9373439600640453,0.4792302380067327,1.0534238239326847,1.3171149123793713,-0.7703047657867952,0.814502113427551,0.2977617240797681,0.5832759681554319,-0.5326844295351769,0.2006999286248155,-0.2492898028872363,-0.5457786171910602,0.11088005800324191,-0.439549448139788,-1.0411988640213885,-0.6456645413371691,0.23706273008229617
2.02597023046101,0.9029851649799996,-1.982064297930338,0.1728425949444078,0.6641315465873768,-0.4234383078827841,0.9265501458936171,-0.21050919036453086,0.6109933092730874,-0.25465907264775134,1.8160391648451804,0.6078977266979677,-0.40779965310144184,0.3620564718680678,-0.5238772465396969,-0.6643405985215758,0.6331709336576312,0.37188502348744334,0.16755311167508696,-1.0594317288384332,-0.30269763529952404,-1.0328393841713361,-0.2942429166485812,-0.17918411652950822,-1.060530839579736
3.0101967949976385,-0.33525496861172704,0.20303378976979242,-0.6755963380098212,0.8762269818986569,-1.399554308262798,0.7655125041648235,1.6240057953609601,0.9355584146604502,0.07287938459505902,-1.1265152465973094,1.986595388050964,-0.18592381628077476,0.4069221212648303,0.12106345681984279,-0.6911312079692601,-0.999817809754461,0.8595050394566786,0.49479297369197844,0.049386559361986576,-0.28328429992074067,-0.3353136436199468,0.6706591339717464,0.48378086646568547,0.2889291528400975
2.296121594887109,-2.0999670939031936,-1.2990494638956935,-3.434328546880161,1.2242134795461785,-1.182606064187316,0.7668074032026997,-1.764988836871068,1.3550496044031128,-0.6754659925328055,-1.3238351211101738,-0.6584565766636576,-0.20084920290024227,1.4188315273704353,-0.6556808651778119,0.9319803313235425,-0.49300205666280783,-1.638786534785914,0.9933911793452679,-0.2342594865543329,0.5805561161646867,-0.24177849115314878,0.0021469113573973075,0.018322678330210507,0.44066462825528674
2.4988840554301808,2.7606252955280715,1.7671906343615438,0.01371592339514209,-0.5947680295979338,0.45886695258880245,0.5023451321488517,-0.11581379126717925,1.7732642437367598,-0.3513991780933117,1.0739338567749603,-0.2557025843477648,0.05393346131059169,0.33184031375232204,0.35324354055130935,-0.011334356849172791,0.0506685883327764,-1.0952811379243772,-0.35266616239078147,0.14601982145185158,0.06897128229000674,-0.06435313913039643,0.42803005662664984,0.7428201682701859,1.0104283813894963
2.5077880305976326,-0.8024381968083352,-0.913758721270147,-0.4331580250983148,2.425445313511618,-0.5495396093573212,0.3540176738393725,0.7613201961285302,-1.53658733079435,0.8425733446042716,0.6542237341056596,-0.8367962699857189,-0.30691599129500075,-0.6356247182183192,-0.3613745076403049,-0.8661220147577416,0.8179930495607206,0.19301560566481377,-0.3717622421601086,0.7246175186609443,-0.10620526858456067,-0.685473528162748,-0.05145815795011277,0.07567251065442193,-0.568404850282231
3.605753609886383,-1.3651253787943114,-0.7558422781942119,-0.7847514536861904,0.02190685242773413,-1.7414541523746805,1.2086822072983983,0.6177232990716616,-0.5678584948788366,-0.023788474451921726,-0.08395786488374163,0.3342842457314475,0.018098585020486647,0.5511316082967382,-0.49770596947158274,-0.12155498412853201,0.21514705686931498,0.8589987558576073,-0.9444847326723087,0.06651916036033523,1.2547871093059462,0.24017658644463,0.579451599398166,-0.6041419803430826,0.19019089060608912
1.6585471672289,-2.3043550475252528,0.6582693579096471,0.6610123975308336,-0.010912452402836198,1.6971560970407498,0.7087857667737002,1.3217696971607826,-1.563766480966961,-1.7515170482683344,0.782974238648857,0.1506714404940672,0.5123535788015589,-0.013899946817514247,-0.5494079742706433,0.4734139987914111,0.38132740517759334,-0.5355562868956032,-0.7734751634517774,-0.07923876334565419,0.8905127249531547,0.5217504906900469,-0.09985733323971369,-1.3311761876480408,1.69914758259878
2.520333232338904,-4.139675618087216,-1.2257925492291455,-1.28717945446263,-0.267059212368848,0.15180092263454728,-1.304565760356197,0.01993311251334525,-1.378163169524798,-1.5955806620897457,-0.7393560771488377,0.6048657923584446,1.1321060224354424,0.771024386408622,-0.6590536338637552,0.19870276163337391,-0.4945555577069629,-0.8923743601948305,0.49278928505654823,-1.0728262769144956,0.7117374762283996,0.7351087174916157,0.2369301275675012,-0.16341607585768192,0.29877840270467065
2.9794301866376536,-1.7259233801124552,0.23456446287798757,0.5120111753811072,0.5358153824626529,-0.7854335988396485,0.7098040769048612,0.5236737237294947,2.693890734149995,-0.5944772912765789,-0.8933885608689341,-1.2131736388582013,-0.15809733403877796,0.23038217924877413,-0.8432361869164262,-0.5079388078520736,-1.66625229037076,-0.6255939887749132,-0.7061967906142389,-0.5933394363200866,-0.2813610792253373,0.35310348908303596,-0.1627933732199408,-0.05558357990829425,-1.2994119789829643
2.6808917136508015,2.5077640905975302,1.6686407550783129,-0.4784168051990188,-0.4319889764776287,-1.0067377159051853,0.27812282267296085,0.5844040635182198,0.7441746371525453,0.023221034830172405,0.09585531694780372,0.30266952497781535,0.2792870542392952,0.0025717821877947467,0.8301015201242549,-0.18112126131201,-0.6005193815882222,-1.6223973268822418,0.9472101009490694,0.4006569787048422,1.3886530967395465,-0.05860766201631007,0.9680842217030612,0.0647307362994679,-0.49766659227708104
2.370477997725178,3.5874503822222805,-0.0959663960484852,1.1424135245828337,-1.2302369399289965,1.0301254928456207,-1.5411849269718663,-0.035463079606390564,0.2104248893286305,-1.1470510952452588,-0.5583713308586497,0.6415048843656589,0.6837442026355126,-1.5884066546411248,0.4451381960778522,1.1461049056555404,-0.7051946784674218,0.42516978220245094,-0.7896159594070036,-0.718098579731692,-0.5240869064353281,0.08695830116822471,0.07303375816893709,0.11869166432188534,0.10885422766060827
2.6852830489975825,1.4402765216307114,-0.6896962597472938,-3.2924451025603845,0.7363638727321995,1.5416531066625625,-0.5504102814998244,-0.5498495255424612,-0.4881770660133776,0.7200063773670302,-0.19695361553540996,1.306979415688572,-0.9834086324207806,-0.055558986044796865,1.4852627815067996,0.7375965942631307,-0.28178253110884616,0.4956843223642645,-0.33172818041801316,-0.30412895702039033,0.28595827702831245,-0.7522328515363972,0.6936728451629253,-0.17115762507423793,0.6632652901644316
2.337894075782133,-0.08630966941798007,-0.8618437533175349,-0.14990533220217428,1.0322829695079168,0.17860808943637754,3.6759876987061557,-2.616087366563599,0.5062680946235757,1.2316659704951372,-0.2800653625801953,2.4803092130890203,1.0896066246021736,-0.4725515566342309,0.917695331550242,0.5763416811382472,1.3335220059593322,-0.14139468264238492,0.6305740954147365,-0.6560817252002917,-0.19166960118329487,0.22621069470970437,0.24204113764433222,-0.4178629756732304,-0.6213113045372956
1.8504074247585918,3.671233928328731,-1.6520914966546931,0.14170410582172777,0.9792367762590132,-0.10126734658709693,-1.2140240467304968,2.1347089434774107,0.16254817660388773,0.24062711148647942,-0.11637423766638137,0.8379095110613168,-0.8309356842864676,0.41313731455726266,-0.355832806672309,-1.1109974288394064,-0.26231683151175983,-0.22784512000909946,-0.0728146093587953,-0.18427030473379835,0.8706621162280985,-0.2480825949180665,-0.5779859813576658,0.7736685154608661,0.8832378267458285
2.61382876742208,-2.459914715749654,0.04299654893130148,0.504806749687524,2.4279754316244513,0.7664063439607222,0.6847202328868425,-0.14960289999195858,2.4749950769021427,-0.16408119745067917,-0.11075063979181385,1.2330258457953311,-0.8478204001953012,-2.003781284910738,0.43874358633536503,-0.466027068672227,-0.016344211986979947,0.3819607313887087,-0.5400634425200882,-0.014915764662581266,0.5944211238461793,-0.39530477478956333,-0.24474085628075848,-1.024510068706126,-0.557275612228445
2.825405620550417,-0.42272086756764937,-2.104031408396905,-0.7863277889678231,-0.13748787282725916,0.28746552175239043,-0.5913804927734481,0.17707514612241165,-0.3430820043176261,1.1796261291711594,0.024528494987299088,-0.13736629958573737,0.37913131335756395,-1.06166402733887,0.6569689239321438,-0.5227234543359015,-0.6784972409260022,-0.6655363329981481,-0.8942557357583272,1.519894876045521,0.4866936495358579,0.20129040031378123,-0.6048942551640519,-0.3263922585776045,0.12678778423374149
2.5187714040479756,-3.0818442037923477,0.37885688156222974,1.1569996508232783,0.46243753602314275,0.2848040212247853,-0.16295576908220594,-0.0962818889069546,-0.3596088565617305,-2.09348869939211,0.6425402321580175,0.07202614961598491,-0.3410164008129026,-0.22191540950128208,0.4035894644162884,-1.4989450173627432,-0.8349940604491461,0.01670304306272344,0.3215254971254831,-0.15389186502405697,0.6945271544849666,0.499301440942204,-0.1597267487513382,1.0820980495742207,0.018468565765578274
2.6685328484332866,2.7929764336459604,-0.027848403711779462,-0.4522361360643158,1.2100008797484592,-1.139658550087656,-1.5030256786320286,-0.08284679268924133,-1.4276292361437595,-0.3074217376837596,-1.5844591580818517,1.6361057197244513,1.9669882313546838,-0.22268165552668795,0.6640782469781499,-0.13086082349500006,-0.25592744390042904,-0.059561558493749125,0.14940600324705783,0.7313753340564912,0.37020731704566145,-0.05590470304708681,-0.5042509260151896,0.6777758970075383,-0.11543143128488582
3.2296906832684025,-0.4384730379768488,-0.5274332071284001,-0.2429846081185748,1.1818258063525608,-1.8475802024304961,0.3039759328485646,0.8540064604303926,-0.37835517751024955,0.18655750347192068,0.43783833987578774,1.2421561079481815,-0.33428273486478083,-0.3057037270124,-1.5493866761369237,-0.6323910575554311,-0.4967511551652873,0.4832626266060539,-0.0340323873583383,0.6540402931777332,0.6401387368295924,-0.4780726331922482,-0.1439698596542257,-0.21340530450351725,-0.42041224989980325
2.61571809021885,-1.774142255853546,1.1973345625453777,-1.3673516557449894,0.7367931187128836,-0.9640801188023451,-0.4684378256297297,-0.016972349640954308,0.8104953498304411,0.06401047713282715,0.6954514325747985,-0.15822749785251497,2.5161055031327835,0.03486846103913094,-0.851461798489102,0.12851853849729905,-0.21403918146349535,-0.1688770314871582,-0.11156189689996886,0.5458784803313683,0.5020932602257603,-0.2957653036238083,-0.6017852835290831,-0.49072034959847394,0.13829444408197278
2.8864420753937985,-4.252071470438648,-0.6396502158109589,0.8991952042129752,0.0032057319922757094,1.1787458909497013,-0.2773672309775244,0.1330539060001319,0.8602010681873993,-1.8026822394111186,0.4402022654678036,0.9062967665874831,1.8374512650530563,-0.27901861516462095,0.1294242101485096,-1.0839179682599784,-0.191869197226892,-0.022535406705735145,0.36875365897848517,-0.22513821690205063,1.2127558322862477,0.3583515756693822,-0.23462658672182857,0.3133075329489348,-0.27171418942292136
2.3133495127268597,-2.7785808194097394,1.3362857877549443,0.28467520276203534,1.6068114895679189,-1.6227028733751634,-0.743499174591244,-0.6504752836291939,0.10271902785764583,-0.08233819493570418,-0.27076177992309536,0.5447953360983118,0.10281915389607907,0.35149922374794784,1.9802851436157471,0.18225023934350543,0.8859704550073397,-0.487249718477512,-0.3541292587609544,-0.8686462387265386,-0.18049215918437447,0.04833277448404764,-1.1489907927517726,0.4046614480969094,-0.7427146150791841
2.5241831664004963,-0.19115026977556152,-0.30038513056829247,0.29318651808145085,-0.5848807762102615,-0.06251014148072803,-0.6349646771281374,0.5966253547118016,0.778679720794651,0.06391750644228884,-0.23278102784097604,0.23237000997397417,0.7800457416852064,1.518042516267185,0.2059457024075399,-0.2577865685629216,1.4091201033126084,0.8050221737513069,-0.022158448367607442,-0.33259815168325435,-0.6164074450489285,-0.4932963736052737,-0.24967717103222645,0.3075285988428738,1.207990099381726
3.518704229983664,1.2673200443776498,-1.6666426716633644,-0.791825753211437,-1.600327030857579,-0.1998908924365405,0.852483555870312,0.7662257992097363,0.09392613406007191,-0.13476357580891316,0.9691795557859036,0.5758522801129566,-0.44047568842923013,0.7627111815933763,-0.4012038558487544,0.1991244631106589,-0.5425247519822183,1.0475373527041738,0.5827321305283504,0.6339723514885364,-0.17200544502368026,-0.9864563685445531,-0.17567459634665125,-0.40394247184195387,-0.41600340032662875
2.7388075359987325,2.195092323458426,-0.04556571809318724,-0.5202267623526337,0.5576747499263351,-1.4747673312268301,-0.1289560873472299,-0.5491596229674032,-0.9761507840502339,-0.131585763852468,1.5459199408028075,0.8642493073917257,-0.6870467025002264,0.7681070995849825,-0.651923397600144,-0.18695754614624582,-0.08207801984130009,-0.2949806561149193,-0.48496203445814123,0.7172003126281439,0.7073548262358735,0.16606755607686763,0.7888830881342725,0.9226354739150908,0.4676798558407707
2.661769013757272,-2.0696831495937507,-2.0474387153057174,-1.733145300568116,0.5785252181449765,0.5757006517366271,-0.20359049841868043,0.3800809191854966,0.802563039099571,-0.6386077561781601,1.1825020606276244,0.594032843345546,1.9313585510848832,-0.41471458201971,0.008764898307122543,1.188969376752795,1.0065235662782483,0.2887565326694973,-0.3137399890068133,0.23631327487763562,-0.20397982322642713,0.25841317227102883,0.0741666170782313,0.8210968815669941,-0.3083445013939457
1.9601844687901946,0.07038181507831265,-0.6247489388711036,0.09370384352330353,-1.4097951033703497,-0.32239954878096644,0.13815620747304197,-0.4857405218961071,1.505922079553017,-1.6073630413755247,1.2690809418472315,1.2873142040232897,-0.6765052206696468,-1.0372770600118293,-1.337125096898189,0.6932328903450579,0.07781564027683635,-0.877770768982488,-0.754304095238266,0.33065429288008397,0.08769230552705523,0.05254934182568087,-0.19382401515953707,-0.871810200369582,0.36949907882872973
2.1099027195049582,-0.15524453331902646,1.3034772568752466,-1.1086460609401971,0.002650562109541399,-1.2326847349378052,-0.041493999132839104,0.5484345287991417,-0.01669633971010138,-1.5746473010625102,0.8066918285699007,0.9005241818956261,-0.5946004776745164,-0.22550662242168318,-0.1349419035121477,-0.44678457203134975,0.577915719661354,0.4458571412914658,-0.5773814831592889,0.6565928017852493,-0.7248651656822324,-0.08765699374823227,-0.9045314990951787,0.25588999324578376,0.19096538338322516
3.3165186096090262,-1.2553695947455468,-1.1372404508766387,-2.1729054809735193,-1.4070737102194035,-1.4116362346755238,0.5056502833779658,0.7893581753306955,-0.9865352173164079,-0.9453930096455672,0.041824671032302106,0.15971675032696678,-0.5637599254868787,-0.25023924141585197,0.26165889795178254,0.41799654351846227,-0.7425474417656311,0.6197104587652781,0.10349964641180642,0.4800790334980095,-0.9598684819191292,-0.0929186755499666,-0.525400207506956,0.5148990316576858,0.025520649867150483
2.7546166595099657,-0.8900119772842638,-0.1064581601658676,1.1582904886704606,0.6380574133353073,-0.1669711932130759,-1.1834900217323525,0.0937069771736034,1.0298264642544257,0.5347818806211861,0.5313527450706191,1.2671627100172307,0.9640672635495421,-0.6018395995187564,-0.7103464153761476,1.122476577888581,-0.18205757136981351,-0.10518372139331918,0.03415071360263178,0.9701007786514233,0.046185948746848206,-0.8856693499469404,-0.14553135280285168,0.48042263828693826,0.3863367142104818
2.486487624126644,-3.6414336332311668,2.315846235727198,1.5716264753219633,1.7670096433710074,0.548373592508301,1.4271360553814452,0.3560161989802615,-0.6022673739027804,-1.400939313326085,0.2861001185499215,0.2449597658244623,-0.6334953267182906,0.19967922843260955,0.34631363597824183,-0.2125350763626142,0.17147363836736,0.7889114697031564,0.42539480050446604,-0.17846119092857507,0.07902122826662661,-1.000349648657543,0.5118376180873551,-0.019541921764820808,0.8928690048274148
2.412312620176502,-1.9950585198968833,2.0611205287459415,-0.3471363156057142,1.4772273002848866,-1.4432249504224832,1.2724426540587805,-0.6601099074818875,0.5575240308809293,0.9326391561313854,-0.49554298909129585,-0.7738259403592921,1.1325617806897796,0.4203044244442494,0.677685515149368,0.1716684208226114,-0.651546607936403,-0.48617335277314555,-0.5948774029004227,-0.24063154910553194,0.8425108758805101,-0.6010386135733697,0.2503848482767108,-0.4588711944570139,1.6082539360873425
2.647460756240298,0.28008616050196306,0.41081552413628375,0.5098282014526971,-1.439931196619237,-0.2695451650092605,-0.30879665048834104,0.7276148679767218,0.6816304365416117,-0.5176241867070852,0.2035273001771383,1.384041225978114,0.15047898200587778,-0.5371938944852277,0.4148602059037162,1.1456982580211204,-0.15921627904076402,-0.470204250383332,-0.21060792069464895,-0.4343851624600421,-0.5661099854078724,-0.9039323687767796,1.0395343552341911,0.5212797888695884,-0.0675615387757587
2.5412695782135715,-2.76325410535134,-0.7009933681676505,-0.1658905291599314,0.5082026796651345,-1.1555215690125948,1.7607122087819675,0.861121263529371,-0.14530209665204458,1.293988143586309,0.3055116625765435,-1.9212337474846346,1.593065339509195,-0.9381099375730702,0.2809975811000346,0.43111314640360854,-0.3700367563534541,-0.6115211004874619,0.19405270061090485,-1.0326127036109212,0.046995093368879505,-0.4809454153064976,-0.017804420270646493,0.6463827919393528,0.3291492724808839
2.3820832126702243,1.3372678217368896,0.34512446638172356,0.8859155127450746,3.760970856700038,-1.4124869316493678,0.7773194652817368,0.10942022762403814,-0.9694456838874229,0.6019462043691226,2.329383757185595,-0.22721745428749204,0.2635108563632462,0.5876583591620146,0.9532640743288626,-0.6780528417949444,0.7163830422055922,-0.06906036027288247,-0.6438718311568312,-0.08266687867087832,-1.1170927957719563,-0.19841917234492965,0.25614713410382234,0.06502448143908467,0.4020214925807439
2.377572820343404,-1.2975898379123763,-1.6636277240660893,-1.4906346424069241,1.5607619376407993,-0.44000708905821023,-0.14624592662175018,0.2615736719238473,-0.40763819358928355,-0.13100567621346298,-0.19967907029684323,0.4452135676624838,-0.39730435827910443,-0.5906811684124178,-0.416461525354756,-1.4459933899207118,0.056208521110593955,-0.502591854806118,-0.9086563429918666,-1.1311151723441633,0.5506912893575774,0.33790734776199877,-0.3557469372345117,0.052152928945405935,-0.37380162377979925
2.8579390437243055,-1.3748141848662905,-1.4632902592305859,0.27889838670052225,-0.46091078450578526,3.7582237599782573,-0.3056236144341805,0.4183397545258358,-0.37932602907310337,0.32789024229724995,0.7156783402259366,-0.005176775594945504,0.07376821981780768,0.7812430500789344,0.023629978601193452,1.3053441746797045,-0.9849254993530923,0.9275366883006475,1.1186697392953933,0.016870738706614152,0.6032140451133938,-0.6789397097153798,0.2713769934898741,-0.19062625749385528,0.2425306217062535
2.427878771602235,-0.3839375253939785,2.2817766591224395,0.22014499097123164,0.12926669161018722,-1.6287328286727951,1.6241008076225074,0.8152453462274197,0.10453233435791397,-2.2845117034566202,1.270860369395663,-2.259211676465083,0.12870591263954903,0.14470846316453168,0.6459170014408221,0.49174157710786826,0.2752525881880367,-1.0008183389997483,-1.3110173136208279,0.5663755511794609,0.09821663655384963,0.2807234675339971,-0.6579980191104413,0.17705440378119663,-0.9217357983900405
2.4268434776551757,1.517261493746175,1.2108283988441737,0.7155618409000202,-0.5928568044455917,-0.2439300968541649,-0.2957386734707481,-1.2846796946966188,0.8545845419365774,-1.2057116791691906,1.2186736128856126,0.002259895192802182,-1.6076707282323437,0.6719562239013168,0.7139965351385529,1.3888070767606875,-0.5223773339664137,0.4388133729944639,-1.7575743959945769,-0.32881245193680064,-0.7074605379727393,-0.16883070004894776,0.5873131140646634,-0.12879740485750024,0.8247598559667026
2.8720356555828723,4.365976723236321,-0.2997142780961191,-0.7855414858295848,0.0014882859283804617,-0.5216841644091131,0.733362725723466,0.3672713336723433,-0.34804438152019945,-0.7510656621612904,-1.2404292993166677,-1.6794781604658218,0.19136393335215326,0.9862535462980228,0.5592744473012722,-0.1911074660141357,-1.4440947348665405,0.4336496390036826,0.9050991345525352,-0.10767127418232016,0.11632475573757381,-0.4689775228653955,-1.265497575922895,0.9457803858648679,-0.6850951408019579
1.6084942045808446,0.9080482862122359,-2.0149746036517,-0.32408563230947046,2.18327630199354,0.5683520581513011,-1.201545728227411,1.2584598992330513,1.4570621605944314,0.23717567648514842,-1.073470112777977,-0.5292517063594973,-0.8564543536897461,-0.4233762169419112,0.3999597134669498,-1.9551516398374607,-0.683219515694755,0.10478490277688404,0.6254196633800067,0.7776622265165004,-0.8402696998244332,0.7302927023322897,0.6408090287958174,-0.2557349901225157,0.3150723583029881
2.91389526553328,0.5794794180563405,1.1400764395888832,1.3076530048402422,1.6360777731718399,-0.5308974907681426,0.5133620409149315,0.3396578603082018,-0.6911209312167563,0.29011442821553624,-2.3629944015043405,0.39236584152441983,-0.23585026668863335,-0.5098117988700476,0.059049329269204615,0.6386356122124434,-0.1323962887649668,0.5306135907947352,-0.00836539045111312,0.7583441613132297,-0.7019847334658004,0.059275860666037045,-0.0885832978236415,-0.38149277746541604,-0.7590630631930514
2.4281137224660387,4.360922918437318,-0.5180289361315638,1.797153629540504,0.16267614783498413,0.9893706685869718,-0.12790535100884293,2.9497720331984163,-0.49110866007789117,0.037437516215369226,0.6011665268253985,-0.5323088121121902,-1.5284031856508384,-0.6035133723941288,-0.762468342808453,0.15433388242984453,0.3555922256733188,-1.1283154483952706,-0.15626960609531132,0.3950302391735304,0.04891735885724064,0.09765373609997283,0.7994457702688351,0.5223098818430757,-0.5278915293184682
2.181318240583122,0.7517144907929759,-2.620081211939173,-0.19530366578322467,-0.4948756905904764,0.004077703162328994,-0.9965490209481231,-0.8297136373188406,-0.43721908961327494,0.4237002934661172,1.1871717268416873,-0.9256369808590195,0.8264668169318093,1.168925269985674,-0.3999232672346521,0.0679503389400246,0.17274243057798935,-0.5393400700078793,-0.10515523109635419,-0.27229963807736135,-0.04766533044995027,-0.09355073838958036,1.8454935373539947,-0.8315382319715828,-0.4864897932086885
3.0239595300655147,-0.22469358463640646,-0.7135522697638956,0.11829084282960735,-0.23620828849807404,-0.15899269423149515,0.9972212002592279,2.356195231192968,-0.3056819783593126,-1.1098796584713424,-0.7494955335410706,-1.4959572319231942,-1.693283370661318,0.3812134129385218,1.0556101599083982,2.305141304363947,0.9583448091217515,-0.051377591015746404,0.5133433956212683,0.19279920535944653,-0.09421786637944068,0.015609620705555155,-0.24970539775599765,-1.048478634066379,0.5626522053832266
2.444126865814992,-1.0815676061078574,1.111287031189738,1.9068863805187968,1.46711479653911,3.1329281092419405,-0.18297980164221023,0.331094458532316,0.5807057362920611,0.21493770124647352,0.13987848671830222,0.0513072494599556,-1.5319269995678637,0.8796562426951061,0.08257426715254607,0.06049241266055759,-0.6994636251779212,0.46410968019263504,0.32300375635682227,0.45739749314854883,-0.3356040828248706,1.9194244826284996,-0.626386691820388,-0.5026531309000624,0.1618448444535452
2.8694276037365998,1.0988374604784634,2.2133549206921947,0.6288372415288593,0.7409685251231505,3.1352074385118516,3.5419991982343917,-0.2993404313262483,0.23378157046516906,0.38088620148440966,2.5738641587210322,0.3624104537663215,-0.9063095596075859,0.7515221763990196,-0.3708230442565953,0.5576084036583536,-1.1859987236766265,-0.11281853588751946,0.7504542030011649,-0.1831304110882197,0.3564385394158209,-0.35895869150622417,-0.13106531013232592,0.5006243078502202,0.325767511559774
2.2460315182151267,3.5295306237890225,-2.1085414972571885,1.393698779799715,1.229680638476285,-0.2532863994396853,0.6808628274377297,-0.6534931927409262,-0.5862872921458561,-0.8509568680548143,0.3791820800168556,0.5098958780978817,0.9432676774580584,-0.5665006122996583,-0.09290137325940935,0.7077294404356019,-0.8547331176588318,-1.2823785849780374,-0.07424722215166576,-0.4737342078267738,-0.3938335912005073,0.6772167225538767,-0.11679355757149212,-0.8522306866229663,0.090409396305996
2.3669004948111874,-2.049941857513683,-1.462169143604602,-1.368143142104755,0.25819582123021073,-0.5172877306154993,-0.02927653957469347,-0.2925951279735488,0.011039654952071869,1.1735723249374201,-0.7580018831394327,0.8778055833267354,0.7069149106774124,0.7203334064768615,-0.1269257316518443,-0.636142612545498,0.7398597188668896,-0.6026971312575874,-0.5598453666982561,-0.9508234287026249,-0.648035517944638,-0.17984435738470006,-0.8972822977859921,-0.016324903979357666,0.020413476970548114
2.89748366574954,2.331142671795098,1.3388639568027332,-1.608512811989566,-0.16272198825785214,0.8903808452694646,1.2608414198036544,1.4652576612820003,0.9432874468674131,-0.2521206031921169,0.8695449014042987,-0.2661057027001687,-0.40590804115499746,0.04877482904827213,-0.8692890775279769,-0.3479301774555147,0.2013226299352878,0.13476317225666087,-0.5598760411984773,-0.6191419665939134,-0.35022587019578066,0.7551439886637076,-0.05017975072388414,0.24775402344926362,0.7804956187960148
2.470562055670717,-2.837796438161106,-0.9717085354953404,-1.4601376435602296,0.6658526255441211,1.4631708999289676,-0.09371120773087324,0.4099738508164702,-1.8218169581371653,-0.5924147957234183,0.3079275285678117,-0.017044194500694908,1.152886826288825,0.6511880199763465,0.520100906415421,-1.0320970822901105,-0.5911131989875175,-0.12485825951157918,-0.5926740154424845,0.19113974198479206,-0.182691978171552,0.9884568344057033,-0.239962712639876,0.5985548258339926,0.6427276381839754
1.8779376845999534,-3.9176731255793658,-1.3239838378084106,1.8547939421848112,0.6395959390343893,2.1946636000701605,1.1120675214401323,2.096929989953227,-1.6078490269726806,1.0227902967741385,0.20323314175593826,-0.7719060235747031,0.45274502379017256,-0.6104440350069605,0.14371483910768162,-0.4318999752044922,-0.028011359272686248,-0.4051963261928635,1.8569691307293916,-1.0329698936552896,-0.20062168688797616,0.2133294156307025,0.32894612315963656,-1.076391252950738,-0.013041030214399188
3.0746663468711897,2.8301022789398904,-0.49503960469206787,1.5791576470272823,-1.6093324543168512,-0.7274501038312966,0.0056870308869939505,-0.1303790345405858,-0.6444089354352517,1.1302160534749737,0.7822150290087991,1.0373604088328423,-1.4941139315676637,0.29164473541714947,-1.1111537995867273,-0.08973438597016915,-0.2178617915687589,-0.7232292536616916,0.2283409444692467,-0.24463326659170137,0.4088306360629945,-1.5383474760516203,-0.4988900759624726,-0.7313892225967176,-0.3211663000355013
2.736290062619938,0.24422990587243568,-0.709068580466925,1.492619620996575,-1.7512252516807236,-0.5777283757117594,-0.08670580456782113,0.2812679651777349,1.6299219661946,-1.9048087110522807,-0.04192213213391059,0.0012815529562113723,0.11651085703979333,0.9502432901444514,0.28210839689906264,0.2638392869617361,0.41213710118012836,-0.6715466730077879,-0.3551388621942086,-1.03313901873265,-0.04500145383656797,0.17225739650665903,0.7708842233547706,0.08036134218982557,-0.5576263434407959
2.717931961164025,2.1168559772371953,0.05142724065740721,-0.7102632769923651,-0.6536190088359606,0.2581917802784555,-0.08338518739415589,0.07301220911404002,1.4635317611516,-0.8121252295674644,-0.8160770449995032,-1.7770845001647038,0.2910450776091115,0.8366018146946325,1.6026739652332063,-0.2968352748301341,0.34463669500084587,-1.5347776349525886,0.3618051162216999,0.4850158340956956,1.5319181637868813,0.2741119084565719,0.3545236843769308,-0.025564200295959294,-0.021354550894751842
2.3773898274082743,0.5645731543176119,0.40591018175711435,0.3114633033530834,-0.462456583951833,-0.6033708587426915,0.6939206491262262,1.0040956557476752,0.9148776297132647,-0.659567344752564,-0.3947565453295439,0.8339459745006226,-0.7473685289552963,-0.8667366763139743,1.561827095774918,-1.6977845445547208,0.42679691128890446,-0.15060507289077765,-0.5408908210049128,-0.3755361344889807,0.0012198101251965979,0.47740065259783865,-0.16192847415015776,0.37841828698845176,1.2139647457619127
2.4858892394485967,4.9715281720168445,0.011203280047864271,1.8961544200256804,-0.8223120871450703,0.22670704109928208,-0.5206129163913296,-0.09095739243958678,-0.861647616030407,0.18625909382947597,-0.7412876860696439,0.2310329525538366,0.14912112564961902,0.38129459197045124,0.25142130557130893,0.6289465056291006,0.6193330507312973,-0.575957691860635,0.4519306914621476,0.3456374616502065,0.0064891616192067,0.78850618045767,-0.5940789055295206,0.08321334712064148,0.49850192182917397
2.042226680296965,3.6195443784556476,-3.162827700493756,1.2054096507405687,0.09786798090070528,-0.5215772579747484,1.4841662967976899,0.30768794080645,0.09010952292773426,-1.343768381411785,-1.6659299957088227,-0.7793518305042527,0.15399659075766825,0.28027912842920233,-0.9887447056866968,-1.8878477585761204,-0.7914976234208777,0.4337068637600906,-0.1381329239275717,0.20525847734824565,-0.4040441325315873,-0.47811904336532435,0.35103805396634125,0.41352301338511094,0.36259765339091204
3.036483631165074,1.8622875073520866,-1.8678103209392185,1.2020581433309276,-1.2430867307005822,-1.0176361759810466,0.5948888182186042,-0.04164088716828928,-0.8792587260977556,-0.8356215579563117,-0.2806346369112619,-0.5723282359795065,0.9924255633624398,1.2568985912054482,-1.386747953945885,0.5567668415488314,-0.46185852137232913,1.266466789985711,0.03667887805375475,-0.21159398961467812,-0.23760749238806417,0.20745722195456906,-0.5237292269248084,-0.3339503605357562,-0.35126364342824673
3.4726808961138316,-1.2892992681862145,-1.4214584199668865,-0.11016306832572068,-0.5929095768331584,0.6613274813834028,-0.8263121001340537,0.5634482662732198,1.4428491827000136,0.8706912060262961,-2.0116877409549043,-0.07244697038744277,-0.4348171350972416,0.40741445498633133,0.29642183991122295,0.12922162011187593,-1.201929703388706,0.7332876598909176,-0.5498288496462165,1.049731361329038,0.03764205831688056,-0.08194931023326005,0.24913063763320822,0.264392592126299,-0.5515097604753646
2.571847403277681,2.6193837594652765,-1.5253125692065932,0.7500479020071191,-0.09755842443491755,1.8404353590836076,2.172636964658458,-0.5781717573246266,0.5437054411499329,0.18197809999989562,-1.2246484707256136,0.138016104881836,-0.26044593991622406,0.3411883204639242,0.1108653806991877,0.42019036924140013,0.8033527317092748,0.5802805861904614,-0.25205285725589494,-0.19696286665255275,0.2653569921430755,0.13148784483075548,-0.41747202898530267,0.4331844984250525,-0.10556873934125156
2.408441649409888,1.8835442927503405,0.6351398254962797,3.498831273690966,-0.31528184423852906,-1.8345529128971185,-1.3932825158042388,0.9159886824376232,0.26437822567762587,0.22166848493350033,1.5997216594779509,0.4168880199762717,0.5398979695086314,-0.3221662762557117,1.6143212444169313,-0.5494608255787511,-0.8904462760836875,-0.05520122052090583,0.549835032642306,-0.3551949850221211,-0.3668319283007725,-0.7612812841852693,-0.9228740009958294,0.17946407080075627,0.7492090683391872
2.6081903238957067,1.6229969540486864,1.3361048952547003,3.2918323188282055,1.8165435330823327,-1.707721118462057,1.9468102256868873,1.077091729441273,-1.2260139216713555,0.558294937464991,-1.534979163078247,0.9582828969477335,1.2001828835119108,1.230156603307377,-1.3375117836978179,1.5719314483648459,0.3999349378553525,-0.4233756802239971,-0.706427048947802,-0.10704735240564969,-0.5322042721401988,1.2220709416865163,0.9639797597844093,0.26706631934884667,0.20113471141141803
2.064219087929956,3.3321067254188335,-1.8362310072682615,-0.20768038648211262,-0.30542582250423045,1.1907765958859555,-0.791218712463987,0.004339452579486237,0.3778062689957185,0.7921177539664359,1.6207475299712417,0.3485382108273991,1.13645926056198,0.07811720250692666,0.9911788053914029,-2.0172308634493428,0.2279439228332614,-0.025468926371919248,0.12959324378400977,1.0264549401611238,-0.8663718774750696,-0.6347293606108616,0.8204088914336363,-0.03179538079322887,0.614636730863184
2.5960834088839464,0.7972515712350962,3.2961904668618573,-0.5431350666037247,2.79866926772128,2.7094493812550766,-0.154986395126108,-1.8242020603182076,-0.034588622555605346,-0.8027905171753926,-0.8591620480752025,0.3597044665742955,0.9839401703498175,1.1684286391980012,-1.3600386711510692,0.015375923651278198,-0.4254204509165382,0.9001999490580108,0.8706834922323321,0.6544988245556231,0.45893202109020115,-0.17192209171527378,-0.1510341617235036,0.48410031922938795,-0.06996709126855431
2.7365738180918315,4.685074167524515,-0.8317062310881609,-1.7683202253783183,-1.990041460893422,1.084894623902378,0.840338045805874,-0.3554021121320423,-0.7257228520722164,0.696896945568392,-0.5343820424301459,-0.33917617196072763,2.0729842629373394,-0.4308256133507081,0.3867140611371708,-0.5436686162305563,-1.955776319593229,-0.36288156462967214,-1.3863418449478104,-0.5492120452607833,-1.0493429513197352,0.3395608901532301,-0.019169979951689342,-0.49191033757411123,-0.22755940976084577
2.080216041791374,0.4898930150999991,-2.415915792464061,-0.22084162551528927,2.0892889878255327,0.2076734277053372,0.4920943408075202,1.4869712934177575,1.4999080018440967,0.37256969541233054,-0.5208898293357094,0.43078247962647215,0.2652983129630314,2.1289739994312336,-0.8645351910322081,0.9158190413131804,-0.12426094584659136,-0.6032630723767404,0.6884476512217066,0.8946090228431121,-1.019286297445691,0.048617008186438666,0.16366976532628819,-0.3160393653444483,0.23939707664220156
2.284527156573787,2.0886776229765562,-0.9046906244529626,-2.2002226054006577,0.5844556043306395,1.4909898862316837,-0.23424445014343054,0.6175201979083575,0.5912686080739918,0.5297420511817821,-0.07543044315169073,-0.9291226112747224,0.34599938259479496,-0.06744806565183056,-0.07779271118003342,-0.6707640254624585,-0.2090332593861097,-1.2767553769804592,-0.12038726284204768,-0.9753703708091845,-0.44134407364205486,-0.5492450099959462,0.3851793019601843,0.05843533713098788,0.6819205473684642
2.8779415256162895,2.0260400783471066,2.5835386397893902,-1.932920117181889,-1.322393542883354,0.4839445083654224,-0.7602010179271903,1.1172734882867268,-0.6976848685306495,0.12121824779270984,1.3565946294427058,-0.709051387643198,0.09936782961150989,-1.2375837792663043,0.3319818812969103,-0.8606980525551136,-0.40885180108837205,1.1963981828976649,-0.5329595047285502,-0.28401240132244177,0.6599207669718236,-0.03985700453998253,-0.3357588191097539,-0.19594039928656765,-0.6784863814984281
2.195615281833799,2.9348799978241895,0.1180058660598992,-1.7208965833116059,-0.14272999506441195,0.9800930995062795,-0.5186309663187408,0.35255946228169077,0.3770059176412832,-0.6596327620319945,0.5888473593884566,1.6614902282765198,-1.6065917023089202,0.5683993819480866,-0.18896923630090876,0.08338202302154131,1.1001022199029584,-0.6865941561694324,-0.09981314184034706,-0.4285455981090352,0.16343287061655648,0.8497847401061189,-0.3752473016336292,0.43270263983816865,-1.4371199256201908
2.9126174460114718,0.6266833804069553,-0.465608956772177,0.42725961160017023,0.5217968434513275,0.5757371275850716,0.11583436403607054,-0.874753801899105,1.894129804792308,0.6571222673366751,0.35023462277299905,1.146266267454275,-0.5347659700819669,1.3508799829661684,0.9687776916983922,0.43675895541332693,-0.6082043598148406,0.5252827651893535,-1.332186100103219,-1.076246655539901,0.8020430266481628,0.6282982436130151,0.09018403627450955,-0.3400567311007268,-1.086301200193779
1.6933064877254687,-0.9215280988322653,1.8456564529857125,1.1123013317202284,-1.0293676847636761,1.911580192125078,0.5094959253892322,0.5453522327411264,-1.233875565303783,0.3379747963138431,-1.4336441347400233,1.5435077347024333,-0.03094955679161334,1.38321414836695,1.23711749946941,-0.6701258103180959,0.466285583040161,-1.1009226990530885,-0.5366794625632239,-0.6275006401719773,0.6763450223435139,-1.1875273503929038,-0.4278573960560329,-0.6828102170839302,-0.4084563941623395
2.9171688334514982,-0.4089971964284654,4.130540032909403,0.7554440456025935,0.5168039635908904,-1.2609333467791357,-1.7104539610964449,-2.6901134749149938,0.8035096363509265,1.660460581431428,-0.23279372885653424,-0.7609841531945657,-1.2728604729957578,1.05629750168004,-1.247705856372841,-0.19248815652086548,-1.0169771348171488,-0.17873796458633903,-1.321914428987187,-0.0012989554028269568,-0.21258389731310162,-0.20068767146472236,-0.17858879047812337,-0.12612613184621996,0.43047863307809814
3.5319299029543174,0.6694309577098164,-1.5581661225471333,2.4548881966552947,-1.0083149536160443,1.789003618917278,0.5133878214938936,-2.1439951912692035,1.5040387637856258,0.4762759125626,-0.3685728590309483,-0.43213973189346916,0.8878301326217943,-1.3884297766502205,-0.6870440698941003,-0.4221318354375128,0.20708281735940112,1.8066568986414138,-0.678867410611351,0.44168581431399745,0.5080024780589366,0.621888055748915,0.13575651146658108,-0.5546227780301953,0.09447951273061246
2.226667077118576,3.2412704483070143,2.8750472404910243,-2.0429801410518236,0.6386198126969641,0.3474817348342354,0.062025693938168355,-0.8716440895547175,-0.4488311852795999,0.37237654834302253,-1.579292950847962,1.0872478898442848,0.44860097956944023,-0.291365786015124,-0.6237501975369396,0.11400782929169088,0.3754376123403014,-1.4211016097655755,0.9189392536670797,0.2888356897315385,-1.3531550739382074,-0.2671113183791602,-0.12831978350332607,-0.16271318892956882,-0.24768947998236923
2.511967649916143,0.010086996246151635,-0.15664751434772728,1.5796093543983638,0.8329125059474565,-1.7057316392394781,1.066330741069919,0.9817404886809223,1.2648716013989232,-0.05210516469701085,2.6896241452672665,-0.9491516225119409,1.0876754873456724,-0.6497744976075082,1.0791697062942507,0.8692636727119605,-1.8927082966439734,-0.5868891485634022,1.7829016857566824,-1.3028016436927452,-0.2556597175449826,0.5902174218697149,-0.7242048124791584,-0.45714504184161,0.19188805089699756
2.8931963283161037,4.000583757617919,1.2126047029877538,-0.7860197918570074,-1.003496984327816,1.1735740959775842,0.5241043101756515,-0.6202718829608953,0.7259756958439154,-0.0362771460740586,-0.2020281376314831,0.5218356832026407,1.3470845733042425,-0.9321765463635008,-1.226584953203139,-0.49766170171781415,-0.3511154069351586,0.2817566324379235,-0.3314080305847865,-0.8395802875714298,-0.7303648985710381,-0.21320997166820257,-0.5161149311530602,-0.3294968337334668,0.3006896470413028
2.2205886160870305,4.427411223280465,2.3113446008480567,0.8185551182622904,0.5205313809863303,0.6411030906486244,-0.43531709249545597,0.522564499775458,-0.3934185738746071,-0.5071298221861515,-1.2182897839622164,-1.4125146475820702,-0.11431650412491977,-1.113274408404758,-0.47328072271041466,0.9477921878186161,0.014287241726292414,-0.15421655092212883,0.14160620796718976,0.7777294955581562,1.0406933379743102,-1.4779539699374593,-0.5196625982460373,-0.5415703925516556,0.03656282254413824
2.7906228972379674,0.851434203038653,0.39126324097937026,-1.3459608555374918,2.0083730742008443,1.6036014986741964,0.5507311682683924,-0.49935091994330916,0.818926035499191,1.3882742014433234,0.7313100213095501,-1.1764888179709827,-0.5167672345921464,-0.4718186238365486,-0.04250070380772914,0.8207091011584473,-0.561195340051878,-0.6707574845644283,-0.16306768555587686,1.2391390014859351,0.8593737819793604,-0.5048954937754538,0.2693475461011722,0.3625091181319208,-0.48462014935790093
2.4347787081183125,-0.5983630893968895,1.3054858699370961,-0.656367074733031,-0.7966945793031293,-0.7231775304582007,1.193419488753544,-0.5825304474639754,1.4626922881370323,0.949294459639534,0.2923724955745317,0.09235673861798394,0.8554694456813328,0.7941265260876701,-0.6630645182503362,-1.7214559208628224,1.519312289844347,0.11932998912998538,1.7333199716686147,-0.5644372142127572,0.20053916084496137,-0.3887744734315205,0.3451827362588621,-0.9560167862154431,-0.3127831490000904
