nilai_ipk_ips_rendah,pendidikan_orang_tua_tingkat_bawah,sering_serta_senang_mengikuti_lomba,matkul_bahasa_inggris_rendah_pejalanan_kampus_singkat,memiliki_beasiswa,sks_semester_sedikit_pendidikan_ayah_tingkat_atas,total_akses_sosmed_sedikit,matematika_sma_12_tinggi,saudara_sedikit_pejalanan_kampus_lama,matkul_mengulang_sedikit,meluangkan_waktu_khusus_belajar,matkul_bahasa_inggris_tinggi,tahun_lahir_tua_akses_pembelajaran_daring,pendidikan_ibu_tingkat_atas,matkul_matematika_tinggi_penghasilan_orang_tua_tinggi,penghasilan_orang_tua_rendah,jarang_mengikuti_lomba,sks_semester_banyak,latar_belakang_sma_negeri_jenis_kelamin_perempuan,cara_belajar_visual,tidak_mengikuti_organisasi,akses_pembelajaran_luring_jenis_kelamin_perempuan,memiliki_sosial_media_twitter_tiktok
1.855394529352769,-1.0632650086685977,3.369133090715983,-1.817434529450515,-0.6931737068068197,-1.1106664075363504,-2.4412224415506016,-0.03131322645043148,-0.04581999812031389,0.315602639077355,-0.7545794226289664,0.5490212141101276,-0.28716375694872837,-0.13817549650677927,-0.027547093726278588,0.1919940874972128,0.24520149343102143,0.8253902167708864,0.6260952455245352,1.2050799814873416,0.21405969291653545,-0.7132576034093847,0.06494481674380581
0.8476492067134107,0.48694698974409456,0.04480869230250332,0.5044290562018943,-0.19202049318935485,-1.5488522705588044,1.165175206401799,-0.2892876876781457,0.8713586917549843,-0.17413863695423432,-0.5281491878717414,-0.04576168016619597,1.0107317671395617,-0.03741301398132225,-0.6669233811856035,0.6743742054387528,0.9369115289134905,-0.03469937045864117,0.19000897679748374,0.36050907401126464,-0.32837968193086203,0.9403904391003008,-0.2635002170381539
1.0306612902637362,-1.6240466084568097,-0.8405214281773364,-1.4587921886167168,0.4026801070044064,0.6499943258372901,1.6282549192761056,-0.25967828724631564,0.4387447098071223,-0.4286541379783348,-0.867641022202696,-0.691660969249918,1.027210703978023,0.5486641425579827,-0.11425614974012706,0.404687188103404,1.068205681944299,0.2454868333037391,-0.3384480743602597,-0.3101694860613678,-0.5481332678017218,-0.3272821384913833,-0.31304564083330266
0.9903987485610821,-1.5140165544020237,-1.6376403114366023,-1.784623407593064,-0.5808737019965348,0.9640032700780425,-1.070778595540093,-1.6586893842177894,0.7431698245424984,-0.1352754824073843,0.31815173279563685,1.4851357410554704,-0.3204931653264928,0.02580675010712753,-0.6860255707235976,0.28379209273526607,0.7222329253693659,-0.06849190356910945,0.6883643388081738,-0.3923702864595741,-0.055806832793718494,-0.14991497814556753,0.712236965010977
0.791707130793948,-0.17347925476387357,-0.5296705753438067,1.6095962890513744,-0.5475044188200596,-1.7484443078500371,0.25688842336370576,-0.4707114336636269,-0.5733127189238402,-0.21980017432520468,-0.029019963687348084,-0.6111178656773896,-0.3273571852150169,0.7440229429595955,-0.9952940529290493,-1.258361196459293,0.13252290681216658,-0.4035250782698237,-1.2853247139598474,0.0851668397912939,-0.3025979447058004,0.7283207241132622,0.19670049135317078
2.0693988424139826,-1.0648629957405171,0.10367030394733588,-0.5266473384523161,0.7977390398894406,0.6853644347667851,-0.9436313581255347,-0.10089479569511761,0.8969867743553678,-1.9593049659180048,0.5128029555082971,-1.1610924452785845,-1.8332954527525858,0.06903671124581476,1.307096300583178,0.8951864060468647,0.05327254557990763,0.5047790937448665,-0.4286826488829777,0.5794400974856632,0.21243719983421216,-0.27771525808614617,0.2743971151067418
-1.9689209461064667,-0.4760036850023995,1.3607731272458898,-1.937650935098924,-0.5188410202795988,1.4783781330390247,0.43692041493573786,0.6854072793299216,-1.6160124365762525,-0.3227461979316047,0.567123888526807,-0.6153336928919131,-0.35327396531784583,0.33613281713481363,0.6162190535801217,-0.01673864681897475,0.5288106004782721,0.6729317692971346,-0.8756801257538396,0.11366717471797334,-0.060670069082196666,0.09820193365136108,-0.2706648548350852
-0.26906534364419243,-1.1130927070125347,-0.8394310819803007,-0.6561874268774832,-1.7168202687791234,-0.9931037727622343,0.6065401945929233,-0.34742212666287897,-0.9473644637851802,-0.38438889916919133,0.778018969997691,-1.962335622209618,0.33825707559736373,-1.0194754090926192,-0.3659240465139755,-1.2086786720328564,0.24449640505061104,1.5635334684705253,-1.1276429452663925,0.9205313528426684,1.0902562238084448,0.22252508766363135,-0.5163451464793983
-1.709865778485765,0.5539941867107869,-1.084955831106086,-2.803029369678865,-1.7035272024251418,-0.6429647981192869,0.1474925600178926,-0.28201142239078525,1.0840016344917967,-0.7401277579877922,-0.2645170402882432,-0.7783672414334227,1.9130890348177627,0.04238783589566491,-0.5255453836467152,-0.4866926535143712,0.7562843482253166,0.7995475569794405,0.4837717839672514,-0.7949093043077823,0.47193228130180354,-0.04846743971269067,0.7944016528403469
0.57547473086501,-0.5894229749898582,0.9753840805734674,2.2446292746703858,-0.4549082627390166,0.4512706482210622,-2.310029526022523,-0.34665654667114676,1.0670399928007497,0.5262455266042413,-1.7741904851172459,-0.12747296750556522,-0.30117273536603606,0.053733284858333404,-0.4146977009456389,-0.5690985948265727,2.3310829388247156,0.5227381184440886,-0.3979661300008766,-0.5008716239890564,-0.08305469527512883,0.7155870084919695,-0.07010136554317878
0.08946502645116546,-0.01633880584002086,-1.0889382990645469,-0.5905002806656484,0.14543658180864696,-2.792461529091548,0.10008871328743323,-1.2147499411330436,-0.240785585242998,-0.3407589073434418,-0.31382162573483857,-0.39569913226947867,-0.5910821108371083,-0.20237110104958467,1.147104910035286,0.1430114696764946,-0.411770112950032,-0.7287632073658734,-0.2769996504130565,-0.7166384549854168,0.5573175341249973,0.11525064997682852,1.499866031419816
1.9094275486399268,1.8614115075308948,0.7009769370563463,-0.5282673136432607,-0.7716905576618068,-2.70507659135724,0.027834950664721556,-0.605342292622961,-2.09243845456743,1.382589542512751,-1.2854015765845832,1.1305327873089333,1.0793600613661445,-0.9382297940897598,0.7778627699377817,-0.6400959581090674,-0.08818865203380341,0.5424081073860223,-0.11674065101551412,0.8093623965791346,1.3058256274041928,-0.1215029562462448,0.7433854436604003
2.9480134068656736,0.7033219578596775,4.360221853731652,0.07595914951494537,-1.1491661414621759,1.0756946376635559,-0.7817500804906052,-0.5501520858052863,0.7960074591302633,-0.5608293831783553,-0.9718740276873874,0.009607269721785737,0.397432865872836,-0.17916317710181384,1.4511147012924086,1.1027972766433196,0.06201295143874644,-0.29074132831648575,0.745342608157549,-0.6743424060165903,0.35541522953072757,0.7718258222203304,-0.7001319010065493
-1.5408866536835724,-0.5125445966330182,-0.0006183060903539616,0.08529519113346754,0.14291340624637794,-2.4437258684683822,-1.154718112554148,1.5261753023197193,0.6531158035110564,-0.3396509305560959,-0.06491895162877505,-0.42979296626622765,-0.39672419866127717,0.021549316767634264,-0.8011143085768683,0.7393417555360848,0.3391580461297433,0.7083803108453137,0.8379233107739626,0.8211229520006414,0.3208137296160753,0.47174653473718353,-0.29908132206166227
-2.662851368601925,-0.859864866530135,2.723421379954141,-1.7213350755173227,-0.10927558115984305,-0.906099775996209,-0.1446576354063778,0.024925282656057368,-1.6800992478550119,0.3243893269872443,-0.8378444729493967,-0.39564166122586353,-0.7676895547110989,-1.248073672266571,-0.7610151891947653,0.6365248999353202,0.006679652188721206,-0.11672061894167944,-0.6415453879155942,0.28128683745214644,0.42996185947156856,-1.0076921218063755,-1.4565331820701939
-4.707906650340955,1.962470270266591,1.2498731811713664,-0.26795572921920735,-0.13021369985185594,0.5855005941413643,0.37964244043055206,-2.1225596834615095,0.06708647662578843,-0.019680556822901832,0.015254409380094052,0.503338630789529,0.31590890798788335,0.29007736838036485,0.37104395923964106,-1.2806535199170124,-0.011794274852238057,0.0555965749117778,0.7667584749570823,-0.6614157063447097,-0.2674996338931127,0.5371278332287587,0.08247281548450401
-2.7342945473397573,1.8654322698755057,-0.9273189427954557,-2.8168534390146664,-0.012601687525615324,0.514085096264575,-0.3277236481634751,1.5376807904923075,0.04069843825783075,0.3141014177172179,-0.7847071640867602,0.45203731506923917,-1.195928134237122,-0.3696672826167626,-0.5019614346809808,-0.4027387655975748,0.5518925988733253,0.0881352808697185,-0.0645573756490912,-0.9563413237397687,0.10347091723300496,-0.2809372673676814,0.26554010585394194
1.0026484576893502,-0.4908623505340182,0.33540564086681607,-1.8202413052365551,-0.1782640324931974,0.28080046118927326,-0.15456742601121476,-0.040108280105575496,0.19123904756394716,0.48955035241348516,-0.6738851470835392,-1.1564218099680539,0.22740022891595382,1.9399926680529216,0.9571923905876363,0.42928686028086704,0.5517556467855318,0.9443083947532928,0.4642052515271332,0.011552542593900362,0.2087335360400624,-0.4237400520190722,0.6654415007911543
-2.7029615708282826,0.39677770246918515,0.4969169861484637,0.07268636501488336,-0.9622335189613646,-1.2972417972779384,-0.567069440345153,-0.06524681354910872,-1.1481675735960284,-0.4062211727238573,0.26845169176343175,-0.5440099126190745,-0.3961073986868513,-0.12616945872976268,-0.7484403324167581,0.29820761541605634,-0.5099030403098256,0.4124704089813753,-0.5400509616290359,-0.9319046355617754,0.4647103643023129,0.5163937270061546,-0.24116231874662028
-1.423266475018171,-1.9195416232700495,0.4647419578855148,0.39904807184482954,2.67521909297546,0.24277565887830577,-1.364861633803931,-0.7721340471861027,1.4750579840837685,-1.2685804415650956,-0.6629168844464213,0.0898150524343688,-0.6180805639281847,-0.6506928280032541,-0.7732391843654384,-0.6489076484265174,-0.4760102832172047,0.11622217083105278,0.2451135406365324,-0.15146913587691505,0.3297367573115723,-0.6284030256479425,-0.4274485881860407
0.9748643717862767,-0.7033742682492543,0.6277642395345029,1.1265761696307701,0.8110438080671698,-2.6066571909162413,1.6901887129987163,0.4024572165005218,0.07409107633970514,0.3315831203001952,-0.30262542456753055,0.7237799909266349,-0.4243068909634015,-0.7556511003723838,0.2147749114246019,0.28648878044611675,0.9407689839418977,0.5589630601909118,-0.041372353562135325,0.7768610956400843,-0.258304905194195,1.0567621320443898,0.4553880470041646
-2.359429844835386,-2.3002281047253934,-2.077371748467284,1.6786009594475741,-0.8222461136535749,-0.1810882821443763,-0.5629428189838016,-0.16724765754682727,0.31183391594856674,-0.8940500835506349,-0.670297624817021,-1.3090144650836593,-0.3835779901987569,-0.05229607656720408,-0.27571279592370684,0.46949825083352026,-0.21843802591635308,0.21756330591125758,-0.7248387837215268,-0.6211139864391546,-0.7364433543376769,0.040392745731654335,-0.19195015516483677
-1.6292734182433506,-0.7933715079048675,-0.5139992915493105,-2.175972831223273,-0.40350078166740533,-0.025502070176484343,-0.202731726089027,-0.16890766571308777,-0.06508097442623872,-1.1372268209212055,0.06094090605913208,-0.8776117378723745,-0.5014927766222813,-0.9581813936721922,0.43633492851315503,1.07544846497005,-0.34418486477097965,-0.17290955938355823,1.1973754823867335,0.41406238811776314,-0.4630886703199083,0.00744516141115767,-0.20900250785719154
0.18054998722157498,1.7332401560657886,-1.2334229492644677,-0.22059235546113998,0.008390643162412819,-1.426792787133737,0.35779646760157563,0.08261748363807707,0.0607845812751211,0.23841859839120152,-0.5785069655462356,0.7177617990630067,-0.5119736990114998,-1.3164698969084214,0.05165042376291059,0.9737692542976268,-0.5194706968081085,0.26191085091144967,0.2929288477151881,-0.1737171552865053,-1.1342654261675524,0.14382062606496476,0.4585978606792507
-1.380132519181026,-0.05011949635408809,1.376060579411383,0.07432918955946757,0.33371700121133385,0.21666998589844658,-0.38516009535697565,1.2954982606214687,-1.6271200448106946,0.008816190930433196,0.3105226646660327,0.5890086714240446,-0.30732694757552054,0.26366220435117677,0.5686323542822294,0.43787452938317045,1.164499443953278,-0.433421455483747,0.12047369341375279,-0.014936318232596137,-0.0006456375967842423,1.0770029273469461,-0.6840170848968388
-2.4542922339648556,-2.0590437750261237,0.3980680108470367,0.02355355919237119,0.8956245445787953,-0.5406020036044682,-0.9608656413082071,0.7459243863422619,-0.002645845076798096,-0.01761821045757945,-1.0833516460226065,-0.819559103276333,-1.5709443132359244,-0.18116197161343586,-1.1254235393810006,0.6900827657586015,-0.17405163331465234,-0.6861914739159984,-0.0030264783612815767,-0.31496404906822256,-0.7283083114748171,-0.04137414219587906,0.240821383077255
-2.4772899602535463,-0.08637435797451723,0.4878259949006558,-3.4331304666167894,0.4523402249830288,0.5044029361918855,-2.205996671603935,-1.4009979472232066,0.27785487633184375,0.7520500582320403,0.5841955030891982,-1.2047964958028279,0.01524740099429812,-1.2800802666539517,1.8418486095568745,-0.6543110722559071,-0.9535479432348832,0.3401154487322982,0.12376855875123938,-0.048773729569558576,-0.5889553680495563,0.2941585375786046,-0.8350619266475796
-2.0999074850970874,-0.9264468545773986,0.09580023142542701,0.7639605042006222,-1.1439054871198906,-1.444985167391181,-1.5001503735188906,-0.6012885675098135,-0.24832863443849845,-0.31636379206273657,-1.184744198561735,-1.0236259351242551,0.1778935176689329,1.3494710713924039,0.1292412216821073,0.47942118208060086,-0.5744015752760615,0.5972508575297696,-0.009677373317226205,-0.4542799696690741,-0.8271829443204466,-0.804356561455479,0.2162886194996897
-0.6300740014830573,-0.8486140452880706,-0.06511789417308951,-1.6630800031216024,-0.5425065981228535,1.5075820589881932,-0.8815475481384247,-0.5431531711733192,-0.7299476639916329,0.5686585989668512,-0.3884549188115765,-0.13739413814593995,0.8755115360228017,0.8063017601490321,0.06915308662422362,-0.4976570685646217,0.26286706518348724,-1.1598988489283713,0.7000262177995474,0.16376748382902298,0.16911618252593488,1.120904883962985,0.2582205778683878
-2.453474383960912,-1.0444709930837477,0.6556038273160489,-1.0100630896424283,2.0512308101486365,-0.9966078586626463,-2.2074839131575703,-0.37212842703447613,0.6830761541522207,0.6446421311136584,-0.2726530623751579,0.05253996297250004,0.34114913680044023,0.16318012451782404,0.8140257190251091,-0.27194217873365534,-1.0787293196402283,0.297497057971902,0.6087845290918381,-1.1050349689846035,-0.5496632160752954,0.02227336522818819,-0.8871000066573097
-0.8896968266201619,-0.5707442991369346,0.9027386716927706,-0.5998120735026258,0.43920749892473476,-0.39142409323456073,-0.3715646639287228,-1.3763292534954432,-2.211759432776569,1.011851221496691,-0.8429576118654721,-0.07361476435343488,-0.1259540755348139,0.276619797365774,0.21893036843992217,1.9790031971412574,0.8056049571123629,0.007386918785519202,-0.3593597999820126,0.0596820103842338,0.609442623474761,-0.18400649984671236,-0.4421735311707046
-1.4788262883001324,1.505612299216009,-3.477687791534063,-2.4367188690249812,0.22125813885604323,0.8832626208459164,0.0874291369431805,-1.2561379556908778,-0.6185057482114075,0.2717426569781612,-1.1052130315449393,1.402907954417249,0.5963605344936238,0.7204617742139633,-0.7175217601650604,0.030213088279526682,0.8839096926262349,-0.6321251757337899,-0.4907448118969198,0.6063916709696531,0.008143708404613795,0.61318999526707,-0.5352295602982732
-0.0914545318315049,1.7960817618759344,-1.3079794938290588,-0.21249601150827974,0.8498381697894525,-1.2568211828033171,0.7945494892689284,1.5594756109197052,0.11530459101743483,-1.0886550194875537,-0.7885434117399237,1.1122093321539435,0.5565480141723734,0.5450828949488316,0.6425217896539518,1.1824443323761376,0.6659505869477532,0.7551433005759243,0.27172187115510893,-0.14117790878536504,-0.11926040564148933,-0.8908591599611879,-0.38705885991174216
1.5252538260310347,1.2598709248285678,1.4614327510322433,1.8145083398264803,-1.399214869538085,0.18233801462016333,-1.6718464671395685,-1.7489855348749168,0.3963775532028086,-0.8635996569574564,-0.008430862263392888,-0.5786770962429589,-0.5939180055172619,0.5849769505243919,-0.12843248907062257,-0.4499136462929478,0.0910435590930618,-0.19031050234748928,-0.7259435295297891,0.5052388413723473,-0.7206792249300752,0.027926156512875323,0.2010961446585208
-2.9215635346571713,2.3095368264858664,1.2790600887493346,-0.3584068290559911,2.3524078687064343,-0.9310462154730184,0.8756107808459684,-0.09525325565966501,1.4856509550999106,-0.8153275604882615,1.2829258816195663,0.8979866892850704,0.5354863209842317,0.057068555270676925,0.7161150699148965,0.12518363547930403,-0.22628819611545553,-0.9687763698565004,-0.36626629959458745,-0.2971955305813351,-0.058071889604847764,0.14902988580801646,0.31984462512292267
-0.8686078811854322,1.404098098194627,-2.0092312130269794,-0.62278492988269,-1.1125709011267821,-0.4836885198867625,-1.0690551614175685,0.080123937485834,0.5076939978508443,0.6580127867436325,0.9779096516176171,-0.9867978938817614,0.20023061759276228,0.535997484607005,0.13260210225473024,-0.20765589311377114,0.861738608673699,0.5657120928606842,1.1224029886147775,-0.3465038463560736,1.5361220040434738,0.7137506356589122,0.7830982796456983
1.8467000259501216,2.4854361269016128,-1.0509884831939442,0.8575251057935913,-1.3219484875787815,0.5400797087837228,-1.0055957145009495,-0.5792887243799828,0.9492694950552191,-0.6876790802451066,-0.5327344868918221,-0.1198661973092198,-0.7970840206558325,0.04526651218549766,0.03766192359695772,0.22741181570052504,0.5627673081532631,1.384534433724678,-0.8252530105899641,-0.23214137223140785,0.01762893256186439,0.28076236492162443,-0.8769180807911914
-0.3946083889495947,-0.05786056982084802,0.7400812012479062,0.3509724664673827,0.31126257054042566,-1.785982464130645,-0.4485084957697992,-0.1986488963563424,-1.1071703371764856,-1.3890087265927884,-1.0388002837669872,-1.441917778747332,0.5187051564410858,1.2255343287122513,0.13418749293376947,-0.24147478513299445,0.023143302830115675,-0.4121609993698902,-1.0024302800431495,0.7533660619691906,-0.31310515273389095,0.480595078592272,0.6372000179082639
-0.47422185486960594,1.5818765932471042,-1.3496613644818534,-2.247025979462167,0.23066925453146467,0.6426593959888457,0.5262517924693204,-1.063688226579758,-2.242045800673081,0.25903042897920625,-0.7837019066417913,-0.4031870298181103,-1.270045253285973,-0.5182696222012737,-0.7215573388164142,0.629110638994677,-0.5645476708390247,0.46370346871481655,-0.5828307510008357,0.19993410560636735,0.583848655970952,0.5705128320907031,-0.903529874693904
-3.7191581548677184,0.42190475777775555,1.1575983799011789,-0.8462284830558257,-1.1103536942092678,-0.18421817736771542,0.6491741819640737,-0.11632124388231163,-0.7109889293649383,-1.0485036369685516,-0.44946819795973403,-0.08736622544101469,-1.1117524187111525,0.35411149860190577,0.17256269605767893,-0.03733995149209055,0.12108620782369442,-0.07357845788331974,0.6620320410185254,-0.3937501535416128,-0.7298109069094679,0.6588200205646861,-0.08522629941206594
0.9713708219540896,1.9492898889959187,-3.3587959248320063,0.5075998001094333,0.5436036689561807,0.8680924276851489,0.8326421696733023,0.23530900997945609,-0.6353738821859269,0.954027015034657,0.7908029536781322,-0.7709504412812194,-1.1854738808190286,-0.222034220644961,0.1491798395443163,0.6532226554786043,-0.2995668293639923,1.0761060929320694,0.6228269568679887,-0.15001193642255284,1.1269863004073797,0.2923900661758084,-0.5347013726866945
-2.67843412263781,2.8314167647397483,1.4787099502320769,-0.40286653419632706,0.8157677423738529,-1.7951014833403178,0.33014356444873033,-1.092430933020285,0.9603524535368951,0.14041127593895533,1.65598425780206,-0.40064464635883834,-0.362803753864483,-0.5944508641499081,-0.49079849323940694,-0.47646274003242994,-1.1338243389533627,1.0349927017105036,-0.38336573065567975,-0.9846576892783677,-0.3327945854214523,0.6490768980984212,-0.4270194414041496
-1.2994617221129596,-0.39747971744863864,-0.29793316747715026,0.31268237821672473,0.004788616778462184,1.1531813965069402,1.462577508283246,-0.8959802873739817,-1.6766074866303011,0.09472772276032453,0.33346123680162215,-0.4662326816304333,-1.6508060642531892,0.8294406594075454,-0.6451930347138505,0.20321511505464013,-0.8292271169373729,-0.39877012635276654,1.5114585465214718,-0.626889338251737,0.6460516978752158,-0.09762574669477081,0.17998690165938913
-0.3092592832731589,-0.22447217472117303,-0.7545160458105397,2.1266261661539065,2.9712094863284313,-0.686276142602594,-0.7985499653515834,-2.103277589537214,1.7432475367854692,1.1031932333207264,-1.1577664661405285,-1.2388089839228968,0.7028782585078216,-0.277572183457739,0.7649585586467276,1.1454985059241354,-0.03215863548430221,-0.6965346740860248,-0.34520927559741,-0.03884023309696879,0.04418175692505354,-0.14091047855717556,-0.4758779064930734
0.5941658789863211,-0.2729704588322976,0.36878314512038035,1.2574412502832057,0.9809174151087338,-2.8179195659633383,1.2950428886011716,0.5646629319656203,-0.11763772166716786,0.8621477017361414,0.4141265268110087,0.29584694671406353,-0.05566550317356123,-0.7037108200234269,-1.303344676731217,0.9815070182483168,0.5501747970478941,0.22327656377153898,-0.6598248399532812,-0.700188330184233,0.0877656426370088,-0.46176505422427055,0.011972970978758919
-1.210739676037369,-1.2832423824202992,0.14516357800724375,-0.32483596545633586,-0.5173792027544076,0.04518698232760171,-0.7971840405602345,-0.10833322269285876,-1.353307107631385,-0.9804809586958527,0.45179017212218453,-0.243267483220833,0.44396137546790754,-0.6805766560780919,-0.17486512133859244,1.0038462541498325,-1.0771999771719982,-1.0470875858103394,-0.372163132577261,0.31630269606742134,0.5319922386691266,0.08507029561096217,-0.9768639883029779
0.34204735987246926,1.8633416426323015,0.8142801874677339,-2.033571421348618,0.9067111360158572,-1.6610985215617176,1.2579108505242262,0.5781144333605347,-0.29055916777242824,-0.2732891763719551,1.3917053437887223,1.0220394356410518,0.15816943456084276,1.3135129133994263,-0.21475747687099064,1.020546170140302,1.1573866572613403,-0.23154994155407266,-0.19632732979773018,0.20814442798407357,-0.18754615816436826,-0.2530750133046392,-0.5739904313602459
3.157102990568546,-1.198711575439091,-0.6165468961347249,2.2251352201861394,-0.5969194132623507,-1.2664838342991678,-1.6163967495754117,-1.5358630193935618,0.444443125991966,0.2581335712087234,0.483533885563745,0.8650756299908374,-0.9931758382557824,1.2991210483329543,-0.6715557180363502,-0.02912054249876607,-0.05543079537896259,0.576390127085174,-0.7147457662255461,0.42414132208472016,0.8672700125854881,0.20271160828118054,-0.27066830442852163
-1.5885497486147764,0.8646294760206654,1.1945275616242776,0.033133509168395484,2.553002129005903,1.161437103081577,0.04854363934299728,-0.9039111321074463,-2.15371735335797,-0.5651100646814213,0.30348639964262314,-0.49017245452409636,1.306821845537274,0.6509720985692656,-0.2720328827153933,-0.7712798388051437,-0.0970306193781734,-0.5102756621812776,1.108250069952361,-0.1971377625744996,0.27858358095357694,-1.2235348220166142,0.09528810610870538
1.4930622429265,1.518345977762661,-1.5697455013847696,-0.08933270954269709,1.0590640728611935,2.098515277405696,0.38764482669722383,-0.43897857158638276,0.35344656483153675,-1.255152212783485,-1.5141797545279574,0.03463390713266238,-1.2572103114265876,-0.7558573550359611,0.15755381721664086,0.2582417537330035,1.667794481342875,0.05676237253233945,-0.9458259649199838,0.13100106292482505,-0.012486782894388263,0.13176493266710654,-0.1460887088553701
-0.43980687283363973,1.1289806476401165,-0.6762714269882043,0.17470201948722014,-0.11441236306751959,-0.8466881181882397,-0.11252388151577154,1.4319387192478237,0.9455195424876008,-0.04550444629015545,-1.5521109621452918,-0.25198160771053496,-0.27155853895780047,-1.1641560408410117,1.0557773736961542,0.5438182886722531,-0.5717864293639962,0.14846110936262172,-0.858713350126375,-1.2737280362037267,0.5397314171336108,0.4178483218790779,0.6128307355459849
-1.0962657105635452,-1.4273269139453184,0.49141875088094533,-0.02792514662438872,0.21806028246215026,-0.26883996258557663,-1.1180434653029632,1.2381699129805197,-0.16262341380459555,0.35398100076939465,-0.5334047311336788,0.5748944856432171,1.3184552640006644,1.1493237812507124,-0.22798777099669493,0.6003844564581363,-0.1125379602284276,0.06920382118672212,0.9469155055935192,-0.9213984425102726,0.5024203864707297,-0.5317988490893827,-0.03661460379729982
-0.5128322387515422,2.4671223694334468,-1.1771275152480096,1.114584844572751,0.22503088234224364,-0.9337690125997349,-0.013322008367515464,0.8279293721273535,-1.50585726630537,-0.8386067114802205,-1.2201814428989641,-0.27099545276605197,-0.06683100090638601,-0.4426152307873158,0.8201200559430915,-0.6434117979995337,0.8082553694754774,-0.3276875722146538,0.03709494198644948,-0.15876975959042278,0.6864210085136565,-0.7406026646544543,0.11870201093236818
1.1044347629513445,0.6814653849155016,0.6107158670353195,-0.29089743950935476,-1.3775669854794674,-0.09185627098498785,-0.8786953667675865,-0.7173924914989078,0.625548617528419,-1.012049768989334,1.0478148112423444,0.23667095930599744,-1.1522445956740572,0.2826103098934298,-0.28910919398821067,0.2285729274008618,-0.23615031686698398,1.049632380500931,0.7703873764349728,0.37422861599651897,0.44045022295842234,0.5044515058891073,1.1060321959891575
0.462290407577985,-1.0570976146000255,-0.9740007292536885,0.8902012371433475,-0.3260758074075026,-1.888763819250529,-1.355423686099013,-0.020394375836912348,0.20737058444227682,1.7263796196044776,0.020619557061178673,0.4142574801369367,-0.40667891117228133,0.5437290593727563,-0.3180529041217936,-0.41381238326907693,0.67944152045799,0.12292089233233199,1.1091742144751688,-0.0878277785452769,-0.256057274972763,-0.02428556876512715,-0.8411806016855243
-2.6429148371845423,-0.42184481528432316,1.1061745604717703,-0.21747380537010216,-1.0531511276473244,-0.19540438130592783,2.1960444467708227,0.5917009972584528,0.644848918222445,-0.8610692873985389,0.006573786832477507,0.9966397254676481,-0.5968825438444361,0.3118848965421862,-0.11841728500163103,-0.5673424127760232,0.07550087920507913,-0.6077815403875279,0.24987687332927772,-0.05495465949401465,-0.11823880826929971,0.1151453708598854,-0.5715458151487139
-1.7437589379520968,-0.11853498678037555,-0.45831599593557376,-0.4143580987218328,-1.6360845496279666,1.1800395867338245,-0.36705689614904136,-0.15340282964138316,1.2167617276365454,0.927179136799164,0.3190258095218764,-1.388146132543529,-1.2097702183821204,-0.09545837193957875,0.24882137312813302,0.1532644859912939,0.09533670395317759,-0.41931537173002903,1.1293484829891611,0.487150739373015,1.0704792498006699,-0.5259305226190784,0.12588921731137298
-1.4745552758075204,-1.1308005738113445,0.18329566442447592,0.9443876828049181,-1.310499652722082,-0.18804581010494653,1.1271832140860305,-0.8897620751600388,0.029201141633440952,0.35453620724941176,-0.17039752626327165,0.6088220158670835,0.05750206002717125,-1.9178112686218511,0.3858221524805896,0.6038675731993042,0.5055217981067507,-0.9710835104068725,0.00741031816106276,0.6622601180291832,-0.3663138523785613,-0.5619175849759711,-0.020966179244875555
-0.4949490899599648,-0.6194910641221635,0.2094546721158825,1.7830980145922228,-0.7536141856594355,0.1038831645663569,0.08810970539960677,0.5179792030980215,-0.7257997287292137,0.8490997213792097,0.8135360175422581,-0.24087033391964396,0.48278399289442475,-1.5909449301212968,0.3258042146501129,0.8474207003000718,1.0361174514746099,-0.06773917540390596,0.20432464621967275,0.06520248779791572,-0.24812331876296256,-1.3346900478179036,0.6910482561529422
1.381107116740788,-0.3473770718299255,-1.7757873678897524,-0.8967936453070329,-0.8545035902547478,-0.3263173571166387,-0.4598315811911432,-0.9182748502716322,-0.5153096706130709,1.0772062779673925,1.3065931890123927,-0.7930959360051981,0.8089850552363161,0.2658943626387912,-0.7684074267939773,-0.39740225536395124,-0.12084899926176407,-0.15014255186472572,-0.5910320442105677,0.12608383688814706,-0.4437133288309293,-1.0240258073624755,0.6947967981534241
0.8702536854766179,-1.982084852452459,0.17631214614909577,0.609746694878464,-0.49462266643253877,0.9026120364991455,-0.17827020690317094,0.5878724448195125,0.49814289621631846,1.8010684216749597,0.6079940180232131,-0.4006576879371296,0.3674948936168454,-0.4918975757496902,0.8394185556875442,0.36935665951066626,0.48751595918079443,0.3316572432339065,-1.062555072877539,-0.2959176999521964,-0.9724774033719165,-0.3640294208866909,-0.0045435586280543885
-0.3988805367032201,0.2007617498561991,-0.7043010165462809,0.63425388949911,-1.5370318886488594,0.8031242214058009,1.5971681941335198,0.9558745341916978,-0.2552582524332292,-1.1263516511244953,1.976796307791591,-0.21816359931596593,0.4007134342565781,0.09788945261816309,0.19906457204787634,-1.4620386224311344,0.26088849383098683,0.6186988060435985,-0.0790502505887975,-0.38277866340697,-0.30065557116364544,0.6525048784141877,-0.480090346990481
-2.14020784188922,-1.3004417752494568,-3.43002518765802,1.1589030602723263,-1.2774321849106733,0.7430606988713525,-1.7359605210641884,1.3269617311118487,0.7259079286016555,-1.3594873500339382,-0.6534483547004191,-0.18176587140284045,1.421832114239015,-0.6496753686693527,-0.5716783208750371,0.7552357103992071,-1.8122425381842515,0.8206295416064745,0.17107390865804814,0.6442121958824288,-0.30627338685901967,0.017127260753504424,0.04149369948600478
2.711918105447873,1.76572270595474,-0.010970681226466602,-0.6422628796122187,0.4513082543129453,0.5137942877128688,-0.10407858996771774,1.7566485798709026,0.5074764963492885,1.0500990069226397,-0.2568505141438045,0.057278602607172824,0.33512021327464336,0.36748561424392895,0.17446695626307962,0.4200473916624339,-0.8193038586757071,-0.5155191104926876,0.29687768044732565,0.09662407053133461,-0.07007146457201383,0.4295392043274782,-0.610532144040685
-0.848559117776543,-0.913961014564821,-0.42069050052614176,2.298687845402924,-0.7399215905516623,0.4870908971510922,0.726124515482389,-1.5051056660464655,-0.9212061674850136,0.7054937201283475,-0.8349047553028162,-0.29799800620306527,-0.6326973438318976,-0.337937027508513,0.8933503773357869,0.15168412016889116,0.7840789276597762,-0.4764169077327324,0.6907038517208349,-0.2095270884868698,-0.6673337963222887,-0.08273248061578391,-0.1583773619103041
-1.4476914591370966,-0.7597565562344227,-0.8439343275665248,-0.3251636299223496,-1.8791789367311256,1.2321286478991285,0.5978618247840465,-0.5524566296373697,-0.14251508000552865,-0.09824037918141539,0.31990380998527373,-0.0145384361440491,0.5436988517833324,-0.5255094904418293,-0.17947138692625234,-0.5292264439575877,1.0644200621722606,-0.8911646902487212,-0.07602328798999974,1.1712116570986144,0.06646755333654941,0.6674906384472993,0.6587984628442622
-2.323145855156893,0.6596188779520523,0.6826454249212529,0.15558999941534263,1.7163040005784285,0.6829451971492936,1.3839604426501944,-1.6186315160059133,1.8342830635597152,0.6564122401818281,0.13698556783247334,0.4927806178885683,-0.013614054450046709,-0.5462348175094335,-0.24952420289829952,0.6963030892605488,-0.27955027742744804,-0.8147940717614685,-0.1089696062240822,0.8001900599751589,0.38643454252823717,0.07453221611473197,1.6338898250921918
-4.18473568692125,-1.2265918141578804,-1.2886943019892303,-0.17409745017159597,0.24602047008163205,-1.3341311743235122,0.03380667086094325,-1.414745399392964,1.4879313419439746,-0.8566262437113075,0.5911479388691823,1.0994555614858605,0.7681398586939102,-0.6678015634325651,-0.19022677683603606,-0.021267755779400647,-1.0272582990049886,0.46508313018417596,-0.7128797015110094,1.0039567969482313,0.6540913881756003,0.23633721410187816,0.16266674943219078
-1.7875452412513706,0.23284469506566,0.48421968082529243,0.3282627242616884,-0.9009781184729745,0.7634077542986534,0.5063874705167194,2.6922901803832726,0.48389077397750757,-0.9411355230060402,-1.2259681627491037,-0.17436128142575869,0.22538055693397188,-0.8591384472657436,0.16042868076385913,-1.3496618651058228,-1.280538297461443,-0.6732152790536711,-0.6003170567465251,-0.08292013054343753,0.4013950704732931,-0.24619825966572195,-0.17912589674107474
2.4530676518866747,1.6665344680727836,-0.5110733004622788,-0.5677203037152435,-1.0160818063758499,0.23079118013126398,0.587742019242203,0.7436809552009644,0.017129386955633225,0.09987922036110566,0.306467875064392,0.2832756896627463,0.005520282523288337,0.8420742784796965,0.23883068727710532,-0.0004296834213909651,-1.5514095720464807,0.6369467878096541,0.9203954263780837,1.4638179773688849,-0.22832658314264287,0.9647445446475197,-0.17679376802840338
3.5427561480327516,-0.09675456782544306,1.1224168027185315,-1.1591425477340047,1.156048161068844,-1.5121770135071089,-0.05156880689436929,0.19322600121277192,1.0102115461790397,-0.6486292913633397,0.622481763273541,0.6393804569290447,-1.5980193574138188,0.39462950688290993,-1.3734988008133733,-0.41531663464213947,-0.10367991821221877,-0.584669525249335,-0.9849550781606508,-0.5297270840032038,0.1521091168003734,0.06495973190599118,-0.11141160115008368
1.3863761269304713,-0.691803375068996,-3.2988606327129864,0.7740174526779993,1.4782794785619253,-0.3505711612406738,-0.6065519666964084,-0.45467414567258474,-0.8672546623346119,-0.15383964747641693,1.2997344371064474,-1.0001901334942747,-0.05979530210862993,1.4527438441841005,-0.9170088939938238,-0.24854150971815847,0.2306315444291569,-0.20935578521185763,-0.45763404717334655,0.11915939372354195,-0.7918528748397471,0.7345108280442474,0.25932063456706755
-0.12956192888252374,-0.863001443254281,-0.1648302528610072,0.8100818255409544,-0.09033514890663283,3.7602318487161543,-2.575931777135614,0.5083463725594969,-0.9608903591210947,-0.16503172316837628,2.5192593682624453,1.1347544021889675,-0.46278834526408064,0.952338240228,-0.027184587126133267,1.6366567574821238,0.29565497315045997,0.6665289196167031,-0.5060799082592796,-0.06737857426615612,0.25710566154024045,0.2101027407354485,0.2812528201048995
3.6437163341547576,-1.6513611165347755,0.16187799691127958,1.047438600103663,-0.08421349400194843,-1.1980170196580253,2.110868599285548,0.17790578448573957,-0.2961082034511444,-0.10125875208722539,0.8361396727710473,-0.8294238296222904,0.41690431904406017,-0.32957071289856116,1.0612448548881297,-0.4317067393962087,-0.27795686388204116,-0.08006969025656091,-0.13595005951201625,0.7906696303929739,-0.36270070879427074,-0.5110181521957224,-0.5315089785302322
-2.5082266531099737,0.0431376858931307,0.5178006738287697,2.3257455272468115,0.5412776643520435,0.9118943055911127,-0.18902034795761766,2.483313763649477,0.10576397510452229,-0.12847982819667572,1.2188380463021593,-0.8735773183419384,-2.0061283852237124,0.4333427775543954,0.2525308707740171,-0.49134893476058555,0.4633519190951885,-0.5129717480490729,-0.08543666676329782,0.5229262083659445,-0.47022787759425033,-0.211784536490052,0.9544206512968203
-0.48051719166452594,-2.1060299908300664,-0.8110591327008557,-0.20276644684601383,0.2735613112382385,-0.49588920560492855,0.1262364737912053,-0.3013257935689755,-1.271698616195802,0.10397081971739824,-0.12898811592075773,0.38463269568612624,-1.0621430010953157,0.6558897954254088,0.3110094853890771,-0.7045637422804515,-0.6085701637885998,-1.1361109618026457,1.4397927349863489,0.32439726022880494,0.12053190089282086,-0.5247488010563918,0.44531175770091447
-3.1271182370860613,0.37885974250246146,1.1555210644121203,0.44342543749311886,0.2569274380964534,-0.12535913548386673,-0.07875138897601096,-0.40772627612653645,2.040326699677412,0.47926597778034274,0.03763487317642198,-0.3916604381457419,-0.22483795882810861,0.40423312910321496,1.0462562083552047,-1.3905632574265396,-0.1940544468400322,0.2991654179695577,-0.003534726791333098,0.8208007080242393,0.4125568054205483,-0.17020400831038057,-1.0278788852530811
2.739981371268139,-0.028887233948443104,-0.45753097157669376,1.117219644785521,-1.1739433936924861,-1.4353289160883294,-0.12588477258092468,-1.4161691534525285,0.044637826832835854,-1.6119189118612973,1.6328034886334628,1.9292985886135596,-0.22869621131057044,0.6400708946217436,-0.15924352975218675,-0.5623821641384198,0.05833862725172412,0.009231790867328218,0.8348950118587787,0.37053896716209506,-0.10031209887149371,-0.517230348415732,-0.6541635793879842
-0.5085881634564222,-0.5298067985426274,-0.2741433245499491,0.8932089291256259,-1.9976641700424624,0.3666155176626273,0.8148011526337243,-0.35516123317595616,-0.335740439930104,0.43617367007893,1.2255052421410526,-0.37293859073247043,-0.31353461410738415,-1.5703460604515487,0.2488588834917438,-1.0814972797181432,0.3980864311537015,-0.08205595681491655,0.6238771464962185,0.5145189364549964,-0.5604712989689665,-0.12423586643906685,0.17769505709017455
-1.8241848613706522,1.1959778215799184,-1.3764119236961954,0.6540157811035452,-1.0032668491607462,-0.4490678867749155,-0.03511503869215181,0.8140215323697357,-0.019871374952655577,0.697813535587053,-0.15067986030693617,2.5039944656510396,0.030195817233136517,-0.8669133485759307,-0.22328973188079734,-0.2166680089377724,-0.1360178383423433,-0.20681512248791603,0.5692060746979749,0.4055176653862962,-0.3608996334395868,-0.555277333602666,0.5447993400952762
-4.3082181445558865,-0.6403617456307704,0.8871194549430816,0.0041753972451623895,1.1637511906209252,-0.18503714762169418,0.13319675897268332,0.8217761544288236,1.7667448355169144,0.30151994538959487,0.8846492769759192,1.7812423784786295,-0.2837931169542653,0.12296215415011803,0.7264792392069831,-0.8534622260045226,0.1672822952599065,0.28868270106071464,0.06758747423760397,1.3939261877063651,0.21271664097453913,-0.23846381818500934,-0.3325133403959835
-2.8173987544345813,1.336634655544254,0.29718518729694027,1.52513794555095,-1.6809675317234576,-0.744605986796247,-0.6575175181275427,0.09810158960185512,0.103886264059174,-0.27207703683530127,0.5498247605902058,0.11131159729471712,0.35734570943885446,1.998722718771971,0.07173291195762112,0.9725945622610038,0.01642156655024059,-0.35896564497850897,-0.7073616965265032,0.06804598035247247,0.09507656084137196,-1.2312715585763043,-0.5128583056406096
-0.23901379292432146,-0.30147323886250793,0.2742570685026539,-0.6041041920162925,-0.011073142799901145,-0.6472122182039487,0.5864603619364941,0.7820856758599622,-0.05612288891309809,-0.2252364234790588,0.23935986269532283,0.784949759875838,1.5212004645993809,0.2226386765033012,0.4160256148143427,0.7511664509916318,1.3665834483923927,0.08144939132268078,-0.4212600935161769,-0.654505526053432,-0.4088705771023958,-0.24882627914639976,-0.1444520639581891
1.1855279099271387,-1.671087819377686,-0.8648777454882706,-1.833133128445998,-0.22580306153141483,0.8777940125312969,0.7465593715207917,0.10481972941155289,0.041770137411987714,0.9427586788002128,0.5535955482448158,-0.48415066954794345,0.752081444985223,-0.44812526241824485,-0.6425150854969421,-1.0207352003499102,0.7049515445935856,0.6325959555177866,0.5172122172485193,-0.3607902474047,-0.960517444456572,-0.18893770257683024,0.3276583074610287
2.1390392326063488,-0.04739572846646173,-0.5431239622123285,0.3836900978767371,-1.5366267054113143,-0.12101552851562004,-0.5602087720387795,-0.9774037390976446,0.1527690012013858,1.525318507951811,0.8491514158866803,-0.7116121465534819,0.7650009206474423,-0.6599915977803944,0.07899812332261119,-0.24394649988239486,-0.07195845481658256,-0.632799283528049,0.7477803166092809,0.646336888232633,0.06753111541758461,0.807222028157516,-0.8475630772320609
-2.120514432726329,-2.0487157336704414,-1.7364217510764968,0.5889935535657779,0.5372762075702829,-0.12842645463194843,0.3709995588962244,0.7891170991165748,0.6908727194231726,1.1299297795366856,0.5874502014529478,1.8988074483013686,-0.42068875611761714,-0.0211186619566235,-1.0897454189513909,0.8648305241268975,0.818603158172858,-0.3501901873796763,0.21947850390431894,-0.13964609845557463,0.28688283368806594,0.02532517585919154,-0.870520870812668
0.03924464423134462,-0.6253701603802561,0.0786200798195495,-1.3708237684741023,-0.20962194894138692,-0.016622413675335332,-0.42291307274244616,1.4448696014087528,1.8567949733167273,1.159088003070409,1.272210624487537,-0.6939818353795905,-1.0368442356827476,-1.3332776571606406,-0.40424961464499864,0.7102888263432652,-0.741152834241801,-0.8571301852841442,0.278709484552036,-0.011242012220399307,0.02987415326396508,-0.12054131729671082,0.9607361241792385
-0.19050201593257776,1.30273880113559,-1.1130459269603576,-0.017359449174603962,-1.1998340713425173,-0.16378479233932536,0.5910462671387604,-0.0630386805624588,1.6498058144878656,0.690431609913144,0.8790056714580035,-0.6241206539374293,-0.22549743284409968,-0.12832697994807707,0.41403030291538717,0.04700333075953922,0.7803295835975578,-0.5903691129568217,0.4458119669471524,-0.813217874834537,-0.0008655671859912922,-0.9052750560413819,-0.17017844243019434
-1.3296046391174396,-1.1414961907047647,-2.2346912077807586,-1.6086757026425922,-1.3922185286531457,0.4173744526548554,0.7990917484275285,-0.9992460483969849,0.8010816789071339,-0.03940984707526074,0.13342861533139677,-0.6071697772541146,-0.2593720708883806,0.21737161348758602,-0.7937677418868414,-0.8809463929346387,0.1941738086322405,0.15849159166074464,0.29634561855330566,-1.0015751995489963,0.02939134019604965,-0.5690888044543594,-0.5060995442657271
-0.9441939635660336,-0.10716004457838199,1.1462239950503388,0.5507611358653483,-0.2003295802966023,-1.068556313340337,0.0353013678864696,1.0574438723347863,-0.5943422925604795,0.5611055049442605,1.2646627280993528,0.9369702425787604,-0.6101749705910797,-0.7509428725376887,-1.1970099347794474,0.04781626810102031,-0.09220181890775646,-0.09226688108505564,0.9522997540688956,-0.14628724445876692,-0.8897864978630056,-0.14273561224556194,-0.40420072911468047
-3.6851075596747656,2.3163918646197716,1.5803069122213227,1.6643812606369726,0.35505922216483843,1.5474617488559568,0.3718181963890647,-0.6320169537886016,1.3279457716073952,0.17528543269626215,0.2186393347718274,-0.6710175333329592,0.19621281019261727,0.3336233781959565,0.02481527572895849,-0.31811957741591246,0.7528229903222209,0.5305827084448529,-0.23707877766226013,-0.09949835104110683,-1.007835704003997,0.5395993071608998,0.12543860355787484
-2.039032878503682,2.06031518888184,-0.3531800194890988,1.2749976401488277,-1.6143768595963994,1.3006016562907574,-0.6631769609175596,0.575906296860308,-0.885126910614371,-0.41946244853163583,-0.7509834427756926,1.1630926342864787,0.4225163497319251,0.6799920211164153,-0.14477956352302823,-0.14012736211632704,-0.8295467172569193,-0.5643100691394684,-0.33191761626431915,0.614161436209878,-0.7199999466063097,0.37963803797423595,0.7380334546818142
0.22751725181497157,0.40905006829545965,0.47385140538395637,-1.4923763882380197,-0.18409389083733543,-0.3781947461195751,0.7361070592772146,0.6687116875241037,0.5436584770736255,0.16596309998409897,1.3769286070691613,0.1303218633016948,-0.5403017211922181,0.3923391052972992,-1.0451196801018776,0.44240172213425916,-0.5817362954950509,-0.19102800664331293,-0.4249877095997197,-0.5922299023449195,-0.8151557448142895,0.9571997733963006,-0.6431676470725506
-2.811385060508236,-0.702346970751633,-0.1854619164578895,0.30982715470880245,-1.2872100105764932,1.7357951904822435,0.8704792139983486,-0.12017642825425462,-1.1935244171690451,0.40616343637135544,-1.8912308291059565,1.6387653087073653,-0.9338691170480565,0.29273366115203747,-0.21483031160929544,0.3605185567446056,-0.9366774814304261,0.27377964136309196,-0.92842390977981,0.10468557099209641,-0.47386557046717426,-0.046119645641888106,-0.6009668078387725
1.2952760135967853,0.3460091884428331,0.9130345133152385,3.552100195647614,-1.7000249528583828,0.922617422682893,0.08661395824935655,-0.9546798868511097,-0.49848009664830994,2.3631424235572065,-0.22577985350649482,0.26634694366501666,0.5917902514370761,0.9749761075552159,0.7275108733132537,0.28909164325593106,0.42055660068923817,-0.6590023770484162,-0.14397651253808486,-1.0605716423527456,-0.04720664700321473,0.20156909774052476,-0.08122247664292433
-1.339460689063388,-1.6640388056489175,-1.478057305600327,1.5339775631549624,-0.5252116061348127,-0.09494137531784298,0.2541420793399346,-0.4084680282497756,0.09998812094901444,-0.20908883757423422,0.44392017068065254,-0.39486715492150287,-0.5851093723685394,-0.3764320819651109,1.4621612165799944,-0.22935584760284408,-0.27912821529826565,-0.8737340990966896,-1.0217573835380738,0.7791243189869879,0.2811047073669958,-0.379272015905362,-0.10587362801702363
-1.4324265349807994,-1.4645901834462427,0.2608878992544417,-0.371972258050222,3.7282565397392453,-0.02463488044718849,0.354504300411431,-0.3482647832905718,-0.5041455453908559,0.7194129465734839,-0.022495275905973312,0.03414422164800064,0.7680142749774215,-0.047128606596552144,-1.701150999004521,-0.8416387222733396,0.17388431993227088,1.2479505062926781,-0.01843976785481488,0.4143476647010379,-0.7611805274006235,0.3236688983002452,0.2580558530701758
-0.4289997683922963,2.28069905590767,0.20073323196976675,-0.03827262141329602,-1.69803788510322,1.4893913332028876,0.8871650983440384,0.0373980782918496,2.3870647475310105,1.099589951965828,-2.2847716610025812,0.10560169867778296,0.1436971383916355,0.6385800355400035,-0.3936336509869418,0.526602577890533,-0.49512547762829384,-1.5157401879937071,0.5884450514498976,0.17077918506855627,0.2713173181576954,-0.6881968497462578,-0.2693345539991118
1.4712029803895394,1.2097302998811619,0.6925135674347789,-0.6536598430372927,-0.21549795460369384,-0.3051718901445,-1.275395345050924,0.8225914132349293,1.2565773361179062,1.121835577587609,-0.02758172648728883,-1.6424155810658263,0.6645285514242697,0.6654265850399755,-1.5272118107310344,-0.15036898018274458,-0.008181457539680949,-1.543602796280452,-0.8466624422051685,-0.917106406130278,-0.09584128575467614,0.6406167563325342,0.26007582984627114
4.303998983526905,-0.3023885723081992,-0.822928276484211,-0.18460853835941116,-0.6077624808965854,0.7767002674337855,0.3564988687141176,-0.34947369058150873,0.5084611832237916,-1.3050661656399196,-1.696619840205304,0.16518395386913087,0.9783145051825912,0.521304205156302,-0.32634159622320114,-1.513134005060933,-0.3479247566627415,0.9801303526549804,-0.05949144060931982,0.13580730114986733,-0.4702831950651972,-1.3188019687561363,-0.9744011351507621
0.8900062223342212,-2.0131587791348204,-0.2774601889618219,2.311912347857035,0.5181761967155678,-1.0935009888483695,1.2223229924986014,1.4742543819845217,-0.3297820212040505,-1.0549805060282285,-0.5270153079495002,-0.8406520438027523,-0.41745576549846236,0.43863878193454026,1.7336334934276525,-1.1107663557012037,-0.21303719355000175,0.5969138569053409,0.6802099899182505,-0.9181511188061466,0.8159253761883284,0.6714226464009915,0.2917709577663495
0.5194113668293494,1.1390493405122313,1.2914809786863037,1.4006807971969428,-0.7253166801739399,0.676086632920527,0.2889274691465256,-0.6572866270780268,-0.6448572925567233,-2.349408813619278,0.38479285003872604,-0.2573071669332114,-0.5168739747538055,0.02270489111645029,-0.8444921525316647,-0.3050096862557026,0.4636278570662152,-0.02369218751338121,0.6148125372172663,-0.7479866981481464,0.14361281214593344,-0.11708813151860693,0.2670346068460942
4.314969624318125,-0.5182293605479101,1.788534171389463,0.14688768911042668,0.9621403352758375,-0.05071476201189736,2.925581341977764,-0.47426949198784657,-0.14411126678147465,0.5908894761892625,-0.5467820454468946,-1.5348119738026607,-0.6023094731843693,-0.7523784859550909,0.052049598935094414,0.6229737573553866,-0.6085834709141377,-0.39801750933156826,0.6599071843425652,0.18931499188130652,0.1022803516710715,0.7213533729595769,-0.6781203539828298
0.7139329837680549,-2.6207164536810907,-0.202599075877516,-0.45439642336444647,0.08099149981926465,-1.0123029631870009,-0.8347235589013117,-0.43529093076659314,-0.2935344579865813,1.2191067857033102,-0.9136068252459922,0.8468515872521585,1.1723359570015852,-0.3848121008203874,0.13986414581507614,0.4815139480086565,-0.4310175061470202,-0.1314475195324938,-0.20904678690901646,-0.04919077800028027,-0.08829963765103145,1.8285253155593517,0.6387316833926752
-0.28839719343655645,-0.7157171577687442,0.08346000706039403,-0.3905601745966041,-0.22747726167842056,1.0066297586910256,2.359950498224478,-0.3147166101723934,0.8824790587113975,-0.8433963492829738,-1.5254000222351687,-1.7194815852275014,0.3753936252204434,1.0095421013669825,-2.0754152042234413,1.3790353055218976,0.37738380674390587,0.43413593600831174,0.3417611437771202,-0.054208614579165725,0.03027689135239676,-0.2187690586878041,1.0927485067096685
-1.124818949387615,1.1121463206849458,1.9215828256722944,1.525310810027035,2.9953217382122648,0.13877126665502226,0.265190665686059,0.6087821221509163,-0.39367396400862054,0.13918853241554355,0.03115510281765124,-1.557937433736756,0.8733275930596037,0.052446049893268135,-0.3853710325811963,-0.8560845796200048,0.0900127606327081,0.3430875406243086,0.37480977394835263,-0.18367080785682624,1.938873366015212,-0.5750118684024637,0.5732925641702061
1.0392607186294684,2.2117591398266745,0.6036464291288182,0.5942152923252408,2.8420432858877684,3.826606451469527,-0.3022776647104537,0.2415735349303179,-0.2535634285652537,2.588861426587341,0.34959298159757285,-0.9249119172101842,0.7452812880344776,-0.40346000390367653,-0.7669368312699565,-0.7107252673280455,-0.789667945437158,0.7852052939779535,-0.10154532039465126,0.3123822241340965,-0.4001872180694544,-0.12541092776991958,-0.43814756203774474
3.489536010046277,-2.1083660408864304,1.3966191662524952,1.1268790673540192,-0.3733886839366375,0.736781746214607,-0.6377496593061818,-0.6115006801553603,0.8781056836821733,0.31660356793355715,0.5034142432450208,0.9233832575368324,-0.5690554848408627,-0.108002465475923,-0.6596886832293174,0.03495879114699714,-1.5541619790261518,-0.15619976007036995,-0.2834267625010995,-0.15915134506775683,0.7339041136472082,-0.1342773364152211,0.7990101794067681
-2.092183603673251,-1.46321633021606,-1.3736112844748902,0.22846857620544606,-0.5311057667497698,-0.041222166648156366,-0.2969497131939191,0.03164983628636296,-1.0938062425262465,-0.6576785096890164,0.9088190961773874,0.7508304139880781,0.7308074399863388,-0.0758326660769604,1.0206237395807012,0.860326500698115,-0.22685640242808253,-0.5217013062303915,-0.9013413767979561,-0.49480225113421306,-0.07952269359293766,-0.9432317593274607,0.008172321966169703
2.2698918817746256,1.3362418215847736,-1.6401306611525612,-0.2536259371087657,0.8018072936058075,1.336670653409613,1.4620259517410874,0.9433248625437254,0.25746284215398024,0.8431713028109066,-0.27766457142523515,-0.4200813670615243,0.04748748165219158,-0.8668380453037964,0.30980077481809254,-0.07908504365768387,0.27996162800897373,-0.4894533373410185,-0.647304793225141,-0.1593973160257667,0.8011745361641868,-0.060651000654583134,-0.16233068368862344
-2.8819819465458982,-0.9723184543806899,-1.4534555288696969,0.7422576448560243,1.4213590358900996,0.01715296371647825,0.4045840759253967,-1.8305321675664443,0.5105158911825661,0.25741546661929154,-0.024545917248920697,1.1304980201586747,0.6497820002167523,0.521234232878204,0.7258649211044743,-0.9393669357181624,-0.21561076927835363,-0.6206492543300505,0.11858856612854038,-0.09006869751231061,1.0004076144662344,-0.22097906449385654,-0.46163148506059903
-3.9422868491153835,-1.3223754415132922,1.8767758231497473,0.7377511370289103,2.118369441496426,1.2056220970612241,2.1047936881704876,-1.5867322052292203,-0.9703829215496356,0.2831715276828921,-0.7483369314709689,0.4963566222420822,-0.6013181910853211,0.1852206077811584,0.7266391882916434,0.43736007954754547,-0.6924056844583768,1.933772524753593,-0.7327855268834632,-0.07695150048129046,0.2426772649663556,0.34480925843557714,1.0287883527568042
2.762290490283652,-0.497850214324355,1.518108322613975,-1.8175433742998182,-0.6987293873921875,-0.007968230059207297,-0.1551451643425868,-0.6134202233935004,-1.118579885463265,0.8597887569169419,1.0391821574305125,-1.485315183651376,0.293356423520729,-1.0998263601483127,0.2052187105046086,0.11055836060247394,-0.7094416473886868,0.14551338258225535,-0.03502713930057627,0.3424103955826962,-1.56615122257325,-0.5163265940048696,0.656001555913978
0.18920784130477164,-0.7107355217323421,1.4512294817650233,-1.8312638680137097,-0.4783473432105377,-0.2049140369907191,0.3191660776995326,1.5780356276556455,1.95104874785424,-0.1788089783858354,-0.01766000810522174,0.09051649787844362,0.9504432046620676,0.28271922212467065,-0.12996887730022794,0.5822992559515704,-0.3191282919309032,-0.3723959915477093,-0.8070891475601379,0.24404179420284275,0.1993381880020014,0.6746388964956619,-0.28272562940169627
2.0617182150332014,0.04945800960244796,-0.7377438941240717,-0.6921101553468142,0.2791160246381635,-0.0751719281336881,0.07551611094470197,1.4462084418164598,0.7727279352313531,-0.8731164990029374,-1.7800653179190644,0.2977826581171184,0.8417602530654001,1.6233353087768623,0.44236772306185457,0.5441940787282622,-0.8700835486121392,0.00521283920703016,1.0046161241493528,1.6701404249013105,0.08373363272273864,0.37977094774871106,0.025160135470215644
0.5206350034425632,0.4048562425842328,0.29154203709183496,-0.5404053596976854,-0.6043072263165092,0.6135543730783247,1.0353603223569303,0.8927379012528837,0.7139928761501139,-0.435533928813327,0.8311776027869423,-0.7429103401577782,-0.8577669231092669,1.6108370515666008,1.691544847044807,-0.14602743959460082,0.21054914535839822,-0.538550796314,-0.363332376853348,0.09267245600568945,0.474765859340398,-0.13094825618326764,-0.1883384891967399
4.9224623707114565,0.01021841342149006,1.868353647097452,-0.8831344985107806,0.26538894638595045,-0.49708448548564205,-0.1061952919165169,-0.8520040852553908,-0.2738469211873553,-0.727077355407699,0.23513920281549378,0.1535150132821775,0.382738557168338,0.25330433669250857,-0.3874110591615965,0.8828477147829562,-0.1596502783838633,0.2970346764518972,0.5582929244650225,0.14352571717861376,0.7848599297431764,-0.5738851264782261,0.020595898761811848
3.5844859839685927,-3.1631364936570585,1.195218736429878,-0.010749051555483589,-0.5924403483628624,1.4274943877598385,0.3548929723123309,0.053443294152231036,1.273031307002818,-1.7562041119280298,-0.7857154873559626,0.1506964777397263,0.28231136347673735,-0.96181594582486,1.5990084728832885,-1.3176826850847692,0.0030664247969072857,-0.042573191744053086,-0.03525460946317015,-0.6198041343188054,-0.4373094056239757,0.37368091581312673,-0.3265633001011106
1.7959016514840231,-1.8705775437674819,1.1453984648039857,-1.4740227569375821,-1.027490440019757,0.5567572795648256,-0.03677949240763294,-0.8906958536515455,0.692613595424246,-0.35093393964978087,-0.5884332929944102,0.9544404516593822,1.2452818853545768,-1.4368582386573672,-0.8992508563956472,-0.7808054106996447,0.7856509217736265,0.24703733980978262,-0.4608901004399704,-0.2799647355143575,0.2310652948965932,-0.5070379866915146,0.3222152973365523
-1.3673688002384499,-1.424665424498944,-0.16051277869058353,-0.7423379954434729,0.6325985055688879,-0.6464540392537529,0.4705001610909061,1.501291577979972,-1.2436018550933827,-1.9622248519179128,-0.08229634495992144,-0.46135612223558564,0.39634952477181223,0.2426474381249301,-0.7196996118839682,-1.5382878047186384,0.21933272201133286,-0.5433642313268816,0.762969296216361,-0.15244568079207177,-0.10149712784731296,0.2584367646757774,-0.29954525234272655
2.5678933540073654,-1.5267680117203848,0.7237409883155451,-0.20592469934494065,1.6883048249126027,2.324107614052928,-0.5772397755757604,0.5501596495993307,-0.2457500080598858,-1.2066173607483488,0.14213321198635687,-0.253383163611384,0.3415667915267369,0.108566508139822,-0.3006632301591724,0.5726502054638595,0.8513605472142562,-0.1743023205209208,-0.2836084406055166,0.2601876368490231,0.09497749407160122,-0.40528157787041524,-0.3848282913094286
1.8387342579695405,0.63514521429333,3.478242264344636,-0.45079981446451195,-1.7701659368412566,-1.4675070578549936,0.8957889814760827,0.27256085396451335,-0.1500907264020228,1.6084293481821141,0.41474704018757264,0.5285180697441288,-0.3226239493131085,1.6103367285933394,0.2789745317828566,-0.8686809855934965,-0.5234630213668084,0.605621715715467,-0.30846086327210825,-0.3918484198538984,-0.7002091670815581,-0.9329152841680943,-0.0671249628223508
1.5720211625810354,1.3359951915907644,3.2768552191173015,1.4753523301203582,-1.9583329730233296,2.0009210077424613,1.0712072386196987,-1.20288434265767,-0.7169900482305668,-1.4916716694675878,0.9700068073967852,1.1991144501378712,1.2259756464534979,-1.363183859057015,-1.3120475823801216,0.9650068809255765,-0.20619492891512683,-0.7368069349279769,-0.13962098205645962,-0.3439150601783623,1.28107512808117,0.9349621201836327,-0.30209564572706016
3.2971680078397285,-1.8365741531750186,-0.2082513147975795,-0.20785352417385408,1.2433034630648994,-0.7371740902686275,-0.011802451613323835,0.38976135488078095,-0.6099729950744008,1.680414021935681,0.36561437309185907,1.155843048348574,0.0865550901864014,1.0408633323095595,1.9285984698841956,-0.47937915997307223,0.2671337900485981,0.0131517732176882,0.9522533253132563,-1.0698000688334284,-0.531486653553375,0.8211547340331677,0.07657370451200658
0.7486696631495764,3.2963694351765636,-0.5195387521164341,2.823864656573333,2.483178197459004,0.2322519486963961,-1.887001577019985,-0.031373017275870274,0.5373552561205109,-0.9320397214749586,0.3376808715851781,0.9287762353817242,1.1562714919865436,-1.40634519765255,-0.4590948322628707,-1.0044797721797285,0.703745725245157,0.8614362838320362,0.6816511446918356,0.37662908559607466,-0.23463592807392078,-0.1402806300417277,-0.44377181021309126
4.626024697324419,-0.8352458610177209,-1.821874824726624,-2.044309116955624,1.1202289702583261,0.8577386576756317,-0.3565471884159819,-0.7093438133774287,-0.718110877964901,-0.4794938284504512,-0.32019717990457597,2.08340734555719,-0.4330175274902689,0.37652695992442137,0.18202146282556655,-1.513408267533667,-1.3366782279379268,-1.2277623309156631,-0.8988660021150262,-1.0418092672595634,0.4680157279536824,-0.03205789175088368,0.43638696034956864
0.4566501759717569,-2.4153320124511444,-0.19717248479817304,2.06154707287928,0.057387766608970936,0.5990113185370782,1.4669661267671419,1.516164347780481,-0.3983754458850333,-0.4915577572041067,0.43735016321443637,0.2704128605169758,2.127708483654353,-0.8760140179207764,-0.7297721241655732,0.5060571359344544,-0.6658775561648783,0.5477797159246506,0.9353834221692895,-1.0908915904621628,0.17182731780294727,0.1599249690239458,0.3196439943100413
2.048003476302771,-0.9055277510731083,-2.192857845864846,0.6851961048068811,1.4650815057269289,-0.12803989772502447,0.5987030261285344,0.6053110241583839,-0.5008634985658953,-0.03333980114745781,-0.9149180071897827,0.37516869973442013,-0.06003048972644746,-0.038747864335027374,0.8954756218415432,0.2739196158166092,-1.2341384657185785,-0.16147217538311234,-0.7519083101131753,-0.30369763657950155,-0.47000156972832624,0.3315885172294095,-0.06785807064941603
1.9647469057528002,2.5804406416748775,-1.9750715238665342,-1.3434479393974117,0.5591831942218933,-0.7355466810993134,1.0861905994837262,-0.6810577250864018,-0.19522492459601246,1.3481304228569415,-0.7231627828228376,0.07370924672604816,-1.2431808349992475,0.31468201373030874,0.3861533763875749,-1.2619990242113317,0.9405830275411117,-0.3598459340333543,-0.4938912481536653,0.6110805836321156,-0.12669006568322805,-0.3183286775459153,0.13836892631531605
2.896181338859696,0.11708930370518966,-1.7215967262915963,-0.039774699480293725,1.0234976275325516,-0.4957077509920601,0.3591605179093975,0.3578259032623673,0.7195936705514662,0.5405336992240386,1.6478399532894994,-1.6176990108535807,0.5728879993418438,-0.16599906455811855,0.2564912387508489,1.131854625616433,0.04103501820394401,-0.21875532069089046,-0.13962555370070445,0.5099606864328903,0.8448591375772792,-0.47166518666899704,-0.6632232571722663
0.5660036891890617,-0.4672778223007977,0.4025927676837517,0.38246852007270477,0.46402143987602235,0.29324083981307847,-0.9286163341740683,1.9223073136204412,-0.6972458823549283,0.39040206343732914,1.1398370200855001,-0.5540681406994662,1.3449138976728865,0.9324099263241871,-0.7358152562103734,-0.6698808730127588,0.1500148207166599,-1.1188171755674934,-1.2836769988123207,0.9056006289857763,0.5226894476988473,0.10163233658443117,0.21328980307455864
-0.9428865310142533,1.8463998527113334,1.1159180877922905,-0.876600672517152,1.9799451197571034,0.4886600263360053,0.5806863194820912,-1.239240168337636,-0.2803446251662159,-1.389287630344946,1.567764871608734,0.009622195767589799,1.3964602566887034,1.2936310763929528,1.064925267432397,0.8428178436600449,-0.7750183567440827,-0.5901317494090127,-0.5048532688268498,0.5798352878900686,-1.260103732977234,-0.4027631882881697,0.6534495025604503
-0.4693836381218109,4.128942245570815,0.7275506611370508,0.33406167104938833,-1.2919729134382225,-1.5862359389621596,-2.7749419557207844,0.8579988406771782,-1.7609081975565875,-0.11885752185625435,-0.7551768804632069,-1.2555912849375457,1.0541919632020387,-1.256274551322408,0.02209994561073715,-0.8116446450997248,-0.6131996878322905,-1.2667939408324183,-0.2698835284327092,-0.31697381358790455,-0.18101942057422898,-0.14589428499607834,0.2264966491021229
0.5886072876709629,-1.5610614530636646,2.3920153054426097,-1.220496775530444,1.691697600198895,0.7652749189892499,-2.2097688096475503,1.5342086269117283,-0.6331895144004986,-0.34523656968273775,-0.4383899340302064,0.8605325879548379,-1.397995460033655,-0.7200053393368604,-0.04640960125281459,-0.9961982584642504,1.8468178180581414,-0.5317668591528756,0.10430979127943087,0.39915426782961544,0.5348592572439123,0.21340168749222652,0.6109062803639618
3.2014725915403974,2.8740261412220356,-2.042418416075595,0.6559329501842024,0.3047478221547501,0.11404439681163847,-0.8719697469721636,-0.4445881308259858,-0.38971586446829243,-1.5382515909400387,1.1068822478944471,0.4752369215015853,-0.2839467000124125,-0.5881006828716181,0.34178907496860617,1.0715366841674412,-1.0962203258443282,0.7007564744786794,0.6021010296620838,-1.219595670545094,-0.07597592133476215,-0.22293261147808668,0.030050090621585566
-0.0375012489938721,-0.15723738505513832,1.564067446441536,0.6095455378984735,-1.8248008762145527,1.0304001523861197,0.9937192934486097,1.2570110558404042,0.26152200022621275,2.678323898728285,-0.9518684867907857,1.0780909909276533,-0.6543398955464687,1.0451440515436279,-1.0627437804207212,-0.7907494233930192,-1.7803664259326046,1.909921488538273,-1.0130576701312421,0.008492317779125007,0.6330645774159563,-0.7333234743751522,0.477701418634251
3.938217256175959,1.2097840718721218,-0.8290642342605995,-1.07865730792479,1.1520320385853946,0.6160441501061663,-0.6343844950918827,0.7287296402445133,0.012057633302287618,-0.20512068219371943,0.5240279157463782,1.3328011484874274,-0.9353946115832983,-1.2296799134658178,0.33599989445771655,-0.5765808675935665,0.071084043832426,-0.1912851646926574,-0.906781831142685,-0.6056777966095803,-0.10466607396957567,-0.5620025352489152,0.3103939396264447
4.387337131553481,2.3111461363799704,0.8156985458747994,0.5091739764772132,0.6063254127433174,-0.3414478866793986,0.4988023505229939,-0.3896985941041254,0.2886551423799794,-1.2626612772889816,-1.4244228928573772,-0.12816780859471355,-1.1185864043093239,-0.49995257130296544,-0.9327178936662489,0.2445450482055527,-0.06984383440733165,0.018746850887600655,0.8240748012557688,0.7320816864741645,-1.6082366978475844,-0.4480459896688074,0.615052162636676
0.7950847004526677,0.38996020932185516,-1.34675013572669,1.9229692042559385,1.3816762772865454,0.8553068920460897,-0.5737704345144397,0.870525782443693,-1.472096787112189,0.8187102894310769,-1.1760445228948626,-0.51323477891651,-0.47654386082724176,-0.07082542519400221,-0.8967931594798859,-0.13824715854536665,-0.6898323115780925,-0.3943982249035252,1.3092443136807623,0.6787954851916721,-0.6202537267892939,0.29103258740872706,-0.3787559348279092
-0.6444032833451614,1.3036738691646177,-0.6860247145204039,-0.9063382375389514,-0.7363232942826814,1.1105954452212117,-0.5529643243086989,1.4638154964647259,-0.6761772342176382,0.38112299551283474,0.12696749748886343,0.9125659192647231,0.8092195400748963,-0.5797359035519108,2.158654786360168,0.9486156005210241,0.7424157947800155,1.7263756172276674,-0.21103226376452297,0.2697481204044074,-0.40169728588061887,0.3375701325586264,0.8456668998028933
