penilaian_rendah_matkul_matematika_binggris_1,pendidikan_orang_tua_tingkat_bawah,nilai_matkul_bahasa_inggris_rendah_pendidikan_ibu_tinggi,estimasi_waktu_perjalanan_ke_kampus,jumlah_saudara,suka_lomba_durasi_tinggi_bekerja_minim_akses_sosial_media,penghasilan_orang_tua_rendah_pendidikan_ayah_dominan_ibu_tahun_lahir_awal_sedikit_saudara,penghasilan_orang_tua_rendah_pendidikan_ibu_tinggi,tinggi_akses_sosial_media_suka_lomba,kurang_suka_lomba_durasi_tinggi_bekerja,rating_rendah_kesan_matkul_sains_data_geofisika,penggemar_game_matkul_pembelajaran_mesin_ilmu_komputer,tahun_lahir_akhir_akses_sosial_media_tinggi,akses_belajar_daring_sma_swasta_tanpa_role_model_keluarga,perempuan_tidak_mengikuti_organisasi_dan_ukm_tanpa_role_model,perempuan_jawa_barat_lumayan_mengikuti_lomba_pembelajaran_luring_aural,perempuan_matkul_pembelajaran_mesin_ilmu_komputer_role_model_ibu_sma_swasta_aktif_lomba_dan_bekerja,akses_belajar_daring_tipe_belajar_reading_lumayan_mengikuti_lomba,sering_mengikuti_lomba_pendaftaran_kampus_seleksi_rapot,matkul_sains_data_geofisika_tipe belajar_visual_sma_swasta,sosial_media_twitter_tiktok_akses_belajar_daring,tidak_mengikuti_organisasi_tipe_belajar_visual_lumayan_mengikuti_lomba,role_model_ayah,kelas_sistem_informasi_manajemen_pendaftaran_kampus_ujian_tes
0.338424993172248,1.4335478745164547,-1.0916891331125684,-1.2659938140628233,-2.5614522437824827,2.0869076915776996,-2.0402213987384816,-2.09939414304983,1.5913228711835719,0.8234350149093205,-0.9441784561814673,-0.3899613702602514,0.5496050245913818,0.09151642825661363,0.05317129878546414,0.009305181592491113,-0.7454821463142534,-0.19855451017513462,1.4867340580937276,-0.7295808192314466,0.30196330617561634,0.5437894423939953,0.07862628020824647,0.16453710037608804
1.1895096784937078,1.644142349683736,0.3434282261512819,0.34858409676433266,-2.0399249459968924,0.7852423999296352,1.3643496691409418,-0.5817357845332406,0.0608062350635652,1.8672676713501764,-0.4912043419473969,-0.7473428300480981,1.3183072083844618,-0.5406989617174588,-0.04217481399511678,-0.27474661413403934,0.10073080465773206,-0.8448737188695696,-0.22122663202539408,0.8672431639504878,-0.5300908416692933,0.0859723967274109,0.08362039905254398,0.05289298518103064
-2.0238291408541578,-2.5064077168430785,-0.7076205396174581,2.374295538172113,-2.3352527953146764,-0.2455345585361239,-0.048996836144111475,0.8189811635093587,-0.8596885146698834,0.772567255331518,-0.5841198988266381,-0.48120007561729866,0.08872595994574871,0.04301761126392389,0.3479458624783298,-0.31926905729146077,-0.9147229625069743,0.5634801934074792,-0.002283433066105243,0.7429333682779079,-0.24210570409078178,-0.7198512250356071,-0.15123356949915334,0.3005608142978762
0.008411547551446684,-3.644019849614707,-1.4553622402058863,0.6892886337408128,0.8045184960661044,-1.372681745867527,-0.9326590175674988,-0.06841139442049445,0.43503001944623043,0.8436855699479953,-0.5053572528262252,-0.7972963344502689,0.8292041013201227,-0.26574906421199407,-0.6499860326121877,0.029678421644087807,-0.9771522644790963,-0.2701917606268547,0.02161297122838497,-1.034684297676353,0.2503412047005015,-0.5593439312866393,-0.2503095330843879,-0.05063494517182416
3.2660504095766574,0.6611103943576946,2.2647726369704975,-0.7420048260375811,-0.5000821535249708,0.4854554248032187,0.020309502898640815,-0.5885564812218165,-0.29599340940539076,0.9435322924446343,-1.5797153815516418,0.6587820922683406,-1.3496166563169028,-0.37909047548751806,-1.3433270944321936,0.8581187750498822,-0.6083001545062372,-0.5366410567650579,-0.23865492797083754,0.5739019183880284,-0.2361783814345732,0.03843259052528775,0.1495591358095169,-0.7646429252463793
-1.3687819063989426,-1.2004800281068755,0.5847357549515229,3.220490665734182,-2.3989360615216406,1.0183441958394315,0.6236644248866857,-2.2352793675461475,0.3675885704915145,0.7472543598741693,0.3415026632804655,-1.4741242450344514,-1.8282562662190545,0.9024993542210661,-0.5759869857071775,0.41053491220392985,0.8572033830560387,-0.850068303202709,0.3005795357908965,-0.3633695391886401,0.5348944665765251,0.4659313802919649,0.31837465968505596,0.1763750896014329
-3.1045322998356593,0.23190208250836833,-1.901971608633466,0.1262953205432246,0.3683913097145484,1.6714094742210956,-1.2548316182046733,0.1812405506029804,0.3029588078688398,-0.5974022392812056,-0.6191231356657951,0.11431382034390343,-1.9112535386580716,0.7143474569357239,-0.12694429648520805,-1.1746252510119113,-0.8225280010349456,0.30338761900832245,-0.12519645458611617,-0.5154077161218604,0.056979473981718536,-0.2292043775082277,0.39592144254484113,0.7946294960089884
1.9199098104879924,-1.4325288298009964,-0.5782862640627232,0.7631248084428449,0.21652430103859827,2.339736319471457,0.4514958038490046,-3.0066379113626542,-0.5514138570423691,0.3438066917380345,-0.5602010077742021,0.9880730008690831,-1.1126531201945749,0.3546728014460195,1.5710238316211544,0.3815158977205492,-0.523719257908867,0.48291407799037067,-1.1095200579452056,0.45950541651887855,-0.660729590423753,0.4581407699726121,-0.48801847827054134,-0.02417810693505427
-2.0852239110648445,1.6990856748830878,-2.4104560837727798,2.2164175647853988,-0.457965117780471,-2.19116043616231,-1.3967925301717776,-0.20024684920728336,-0.7034168240922544,0.09617972008070125,-1.0297359799548302,0.07694526235558713,0.8276700645582897,-0.9745607471207524,1.2335729224855223,0.06056622646061758,-0.02847129580497518,0.7269004260862092,-0.8543536867601846,0.31214920553403336,1.2277497571194158,0.7663860317252993,0.19687641154251598,0.11738890389379503
-0.6108028338008555,0.3026923012625225,4.55895238894638,0.11616862114685941,-1.5691193475816254,0.42816627236198646,-1.6195402526997216,-0.03519445200786876,1.7514091877351061,-0.5669023115980659,0.5100703943889321,0.4532837869712352,0.8047636143835372,-0.7005937508348672,-0.4277365913411027,-0.5722693717026478,-0.8088792851250174,-0.2978535720669364,-0.9502328189720549,0.03484223297502832,-0.053769399583223396,0.2610900226181182,0.40252331597034885,0.18098363613238294
-0.013060775523317213,0.693704151173678,0.5101158561524688,-0.19467522518692565,0.33922131943730227,-0.723871898690478,1.0632275641072382,-0.638432805563326,-1.605358087360072,-0.2563046326727129,-0.6373117088877165,0.22785723804396962,-0.03851545486333754,0.5849837393738498,0.19884013871576467,1.3130492094353146,0.0013201082326426913,-0.8584932155415952,-0.029096945733372317,-0.709193273789999,0.7105655639637629,-0.37496451707715905,0.07028653756951612,0.48202388256478723
2.871733981321402,3.2075256765650093,-0.5526386614241955,-1.5583211457481405,0.9037406393837606,0.8867788513345344,-0.16205873828278164,-0.40325936109099975,-1.36769011380557,0.2699619608258255,-1.0846896472288508,0.9138808001136984,0.8175082043370089,0.29911300556758147,1.612896606115492,-0.3930370507207518,-1.3877245504877425,-0.5945735709056477,-0.3571978887186454,-0.632918783548841,0.041806209022273985,0.11000295481273661,0.1548015313648574,0.24360247558009293
-1.5452283948512748,3.195022080620532,-0.04470436247479033,1.393314158764151,-1.7572575255524128,2.4472586027911247,-2.8727877996202835,-0.05059024073748485,-0.3778099412173191,-0.8596377637057953,0.3178655297291193,-1.4115446841299193,1.5693393603116228,-0.07919915939848857,-0.7399682132384322,0.2779599448187066,0.8118311992019147,-0.18524443021445122,-0.7415737174214388,-0.19975557219193757,0.23160788461342458,0.634365019693793,0.7897723309796697,0.7359657595415694
-0.4976517660433754,1.4543596080182506,0.8827000720813264,-1.1474063355944903,-1.6295462685928785,-0.4887151018583797,0.9619867168846622,-2.129088748517901,1.3659561320889833,0.9657562754766191,-0.8203414397273276,-0.8695382023832205,0.020188079637409855,-0.761051546747484,0.7769871405701911,-0.013454325673320205,0.3781939473108551,-0.3539743257309088,0.12605722172595013,-0.18108520536460962,-0.5359195835923364,0.49837170745621523,-0.4196819906278587,-0.5359961981569062
-3.6095952759851575,0.36471366337555217,-1.8910046753421415,-1.172443349503679,-0.6576521470760727,3.4680482221307005,0.5309580170352116,-1.0559698872668974,1.3133449706424825,-1.2367175638739236,-1.344086626730433,0.1255720709174993,-0.6241433312255884,-0.31634895380848493,0.2843765540401683,0.6009114401922662,0.583999585842756,1.8674092519325522,0.3152460394825916,-0.20234637510928505,-1.0672147623097081,-0.5042898426017672,1.4243747461532348,0.02659459283672251
-2.9752893753006173,3.292494701537951,-0.30471520224848647,-0.3552084122227081,2.124868532073327,0.5759836584576795,-0.9971968065980105,1.861727125189867,-0.4900526176295763,0.46663506185127723,-0.09546983213128844,-0.338783845235606,0.11298673206119064,-1.527856797188175,0.07947686002835241,0.19674948608036794,0.35262669971926563,-0.17868338670395303,-0.35556188342525274,0.12601008304580708,0.467617753046198,0.26975677094451156,-0.09917365945387101,1.1166858473414767
-2.638218744300055,1.9025543619708805,-2.0887463725644992,1.1886624181141963,-0.417937035351132,-1.670727272545791,-0.25583054416991885,0.4293299962112344,1.4630607037922665,-0.8076589175106678,-0.4774456475852087,-0.056888122643645136,-0.8958539602644929,-1.1439610836306253,-0.12806593978427758,0.3229200615729638,-0.1926982975658855,0.2354253007324956,-0.7981520360848784,-0.7162226632194278,0.22440771819327343,-1.0678800175308123,-1.0376369270598538,0.10870342672283469
-1.7566430143608875,0.13466554953452237,0.3982183303747505,2.095982685686232,-2.27670434117844,-0.8987422383255109,-2.1274685255262242,0.8162682938782356,0.02741546607458136,0.8875025084400551,-0.5384764853446466,-0.7764971166683985,-0.8366173363014796,-0.16023614175852957,1.004881229145363,-0.4910561691942472,0.08759093867079083,0.6373118500860577,0.2672573851327089,-0.02542826524575353,0.9214739762650244,0.18276399182064926,-0.4946188887239198,-0.24464243747815462
-0.9059519447177617,1.8270537221866994,0.1378147152461517,-1.3636033880642249,1.1655308484340094,0.22315394012244946,-0.33047501081955455,-0.03583749972300704,0.04105341346056567,-0.01972734329361595,-1.7201664659322948,-0.3065301263076806,-0.5121877978282794,0.14771608281240292,0.6329916322976762,0.5971943680409563,0.3842111748772192,-0.3468867559377541,-0.38014534190799826,0.8162750858322916,-0.3731322720424072,0.10016221754107392,-0.6817779748212719,-0.6958831375706258
-2.9733922305634746,-2.4737864491161785,1.0936510125309031,-0.6079304632866253,-1.3080589165975058,-0.291667333177044,1.0503711476363948,-0.3568587943068826,0.6886355682423994,0.22882078060809352,-0.20423108714836183,-0.13631604644973425,-0.0404863848526557,-0.7661425181747448,-0.4276760513300655,1.4412374384529214,0.42690420755451874,0.003021970067635114,0.2584858248794935,0.5392598678830771,0.309523953186943,0.8335645322217754,-0.4943850491200805,-0.15125290599231767
2.684874049124504,0.9857021283749845,0.24027393819719767,-2.2038761478307713,-1.9652414551780233,0.8957744780246835,1.8586629625192153,-0.1412224195937072,-0.48235006994891966,0.048494800033880216,-0.5966654270611568,-1.1713157587370744,-0.10444755950186028,-0.08968901224278783,-0.010650962627020973,-0.6464500684358679,-0.9695378877780033,-1.2070406512884055,-0.43506931324674325,-0.06675568054574829,0.22844800458729408,0.3614484787926555,-0.7400862837113342,0.3213187922692842
-2.60861699868736,-3.64335597984988,2.9723662804231927,0.05894349287130458,0.5357528395065858,-0.4681063141557655,-0.223109042516353,-0.8079325647963232,-0.32412526408925163,-0.26393969631545217,-0.5996412087314712,-0.6451700120687979,-0.18823975994069067,0.09739236903336278,-0.6361740308952649,0.12922920649012076,0.6466938796965808,0.5948734768375458,-0.20665584351777128,-0.28996760348879586,-0.09184602559833656,-0.7440605904176447,0.5686760238237326,-0.17787242461961467
-2.9379153137563465,-1.3463150172520038,-1.9089294764008433,1.4092393110685864,0.47976867486237534,0.4104194759725376,0.7415621773334871,-1.66228859881936,-0.41554047148165296,0.10162226147887964,-0.13365533450508005,-0.9386945551127258,0.13038170139799587,-0.9348090934616448,0.36285265884633283,-0.16044956352972908,0.9179607642287041,0.26874388362153073,0.3908850970937879,-1.0132928655610898,-0.27018673095763934,-0.3342842676113235,-0.010094018257454023,0.3594890183629647
2.2723218259206175,1.324502975385941,-0.6657929611995007,-1.108921831328679,0.9166598084900531,-0.8650759785125955,0.8460505795290472,0.23958200937535776,0.2115269948979586,-0.31851311139841626,-1.0133264070315415,-1.512118625687702,0.6519736149039289,-0.014671155635899413,-0.7990518103329476,-0.05957632404138205,-0.6162094768291739,-0.7720124406388049,0.33623045772439025,-0.16410814113565406,1.287477008648593,0.10057275224690215,0.17300435854493332,0.01888605271905063
-3.1661175030941915,1.827317570353293,-0.5546458973655154,-1.5405811629431114,0.45770924339683217,0.351961028894778,-0.22109614671606534,0.3132957603670037,0.7370409422440117,-0.23643552216623975,0.1535117222262913,-0.3252902091839626,-1.0109031952388563,-0.8155128809499036,-0.5003925479909612,-0.8533551071076768,-0.30758212346150987,0.3404254217749237,-0.9155727008246793,-0.7883744008951703,-0.7810396112679945,0.18472214088578287,-0.8771592126485241,0.14739218819534908
-3.3105618933436887,-2.2632563845174056,1.103399939875862,-1.2463160387595624,-0.5533711103679682,-0.27548138660865656,0.3207328195019425,0.027270204281305818,0.8843123840163699,-1.2013116933476882,-0.7358633874596305,-0.31078448719758917,-0.16985474600633146,-0.5499945561171888,-0.810395735402239,1.0691693796885668,0.4430624796119967,0.4451701392842272,0.6375478086829329,-0.10060871835185815,-0.22208265365230603,0.21886024755758252,-1.0244674617370308,-0.6501135342915915
-3.18157416364841,-0.2883358318928047,-2.2575174548361328,1.6485868246480757,1.7266909672588815,-0.17586401280786618,-1.6989426437468957,-1.2845706315312444,0.8665494218668374,-1.6200994822314412,-0.6395492292455727,-0.18492364444420192,-0.7717134379514391,-0.8382705914466475,-0.011243025268804758,-0.18511953564307024,1.4431672887434412,0.21608123907804483,-0.3434607321244641,0.08523475963717789,0.3701594939370516,0.05819963443128233,-0.8076412792085088,0.8927603895846358
-2.218216002708933,0.31354964113771533,3.165798635480737,-0.717111559929238,0.10452175733815514,-0.7244026134750017,-1.9177443599801165,-0.08983210073776662,-0.8142225572978249,0.4622794829417384,-0.9904994661709711,-0.382311882395321,0.3709780977471307,0.3973834302352086,0.04944860667014604,0.22215221495745108,0.5036243894496277,1.004925419557132,0.25636037874192613,0.3252611440253649,0.42095507671351146,-0.06262971746331362,-0.2796865201939213,0.40577397443746
-2.972285351823715,-1.7083989956743941,-0.7177415380129932,0.8007745030871884,1.1202065257463003,-0.07908134314251493,-1.6313501294163057,0.18257929887665308,0.39158810976701136,0.561013952661917,-0.214857931787452,0.7745296552892097,0.40965961180247057,-0.4755482261580343,-0.497730048674734,0.22101942124676507,-1.2385801794537503,-0.7910608427959653,-0.1183763431535756,-0.4254108328594328,0.16963755124850594,0.759367531008502,0.5092724206800472,0.9980545610983953
-3.340013608530537,-0.10875021518730403,0.6938363045926167,-1.8256552312094543,-0.5630596618188266,-1.9329395231102702,-1.203465590840559,0.16221062000706649,1.2243715382274816,-0.12315031559900363,-0.2825631319413336,-0.7697384279339597,0.14605714910364614,0.2843233965895569,-0.389300593217883,1.0472213405041169,0.1380928855282148,-0.21544756024107084,0.15290517949658464,0.6418957860831753,0.28364998568141614,0.19027108961423553,0.6363821399156566,0.20636116646929675
-2.7551246196295693,-0.7204226676234805,0.325284553380164,0.296877928133982,0.6025888963023505,2.4555137103632014,0.30018467895174333,0.21695417307080855,0.750028785400202,1.0665742647693677,-0.9512563789589662,-0.8156093688305742,0.2212503174450087,1.0668901484360018,-0.00012669437245537305,-0.28847105433934084,-0.9750528515329087,0.5250265376046414,-0.6840828463623138,-0.23137298458044192,-0.2293595327370487,-0.4190204950106495,-0.13059005835290746,-0.49434054665444477
-2.514359326271038,-0.876344576269414,-1.5641636292490866,2.9345203543316445,1.4709072390897715,-1.460956024235168,0.8537751723415299,1.2779082760994351,0.18035672175064316,1.6928350643839252,-1.1184138513425026,0.5838951257997483,0.4082136289733146,-1.213657279766444,-0.17562468083708713,-0.9656251820875683,-0.05226525533915481,-0.20102456933252802,-0.3392551417866318,0.5161287129151063,-0.8878542899914621,-0.13922244369316897,-0.41375823879387374,-0.008503429812907557
-2.0062666443683166,3.2779894659945006,0.24856762271373206,-0.27728008770835544,-1.1154136579356515,-2.2585254678794873,1.3877590008877485,0.612665695339296,-0.6181931636961872,0.8608702282299164,-0.8846711067504269,-1.076088860844616,-0.24269057493891172,0.6595681428269081,0.5120907725876908,-0.12102528156826708,-1.3350432050263197,0.5737811702321508,-0.44423015277066114,-0.18662065547657491,0.24015966275044384,-0.24438642761253584,0.13072904601066973,0.10629743630488768
2.058762166644504,2.2178914677469654,3.6255833083664597,1.4616307358631628,0.8464489429103927,1.468276792014544,-1.2054358233056957,-0.871328125601372,-0.43732354691948255,-0.14312474454086657,-0.6902141220810865,0.6313999441063786,-0.1247066691303499,-0.3940810931377058,-1.1866480928391803,-0.2927234925423602,0.6671079379836211,0.15337821093192158,-0.012651230127980367,0.1011062088441768,0.054829487381573054,0.4004764760512872,-0.6604396128609947,1.1409923778837443
-2.6218769238188964,4.609732668565653,-1.022566642684128,-0.9173145725320193,-0.26537562073543397,-1.309969422098155,2.525048602580202,0.755096603163284,-0.10004079846756757,-0.8036894859705783,-0.2838780514338827,-0.22203646148519832,0.20205604833512988,0.37894332443802703,-0.9247502256127547,0.07258263990222798,0.39668804635297783,0.06466174099207006,0.02955345923741179,0.13925932653490392,0.849615711929458,0.031109530963148006,0.23520187561691552,1.64443747724195
1.0889436152718317,1.6073504259610778,0.666789129179583,1.3223228566596412,1.4969997060272195,-1.8561885055986231,-0.6969067712724532,-0.7494066873144144,0.7223351608705004,0.14242301010236091,-0.4063776835280711,0.05755085808174437,-0.013595698258483132,-0.23109804333411496,1.6210137387975423,-0.26013106929963836,-0.4742861307695365,-0.55828048146774,-0.14191866143449022,-1.2072714293805848,0.25936447954060016,0.41879335382078314,0.7142976912266297,-0.011871725150394814
2.636334016111431,2.1702313564335722,2.5776468651132167,3.9654242421832127,-0.2386782696920345,0.17651486494866345,-0.8582509368604218,-0.9707573591230758,0.5946458696003495,-0.018815778417469446,-0.27248178780708127,-1.11640856354038,-0.784950885769159,0.16180078776961843,-0.27041659006141916,-0.22000807890209823,0.24265173704756812,0.07268984088098245,-0.9695234314574208,0.4350164567530469,-0.7033808266753957,-0.3543909955561806,0.007565521429648548,-0.5728658435840387
-1.746715053718199,1.884341974958927,1.7733406311562925,0.19002428810124752,-1.1787100253542948,0.7515932870138436,0.3232892758297447,-0.542272303115995,-1.3079185678824312,0.7713926520795977,-1.342936759503593,1.2892495567554885,-0.709835355457534,-0.08429040460328029,-0.624248278506166,-0.8978795299953034,0.3441971449221572,0.19563759842329395,0.4157183107674408,0.05540294860917348,-0.03652797094786454,0.4377135143220282,0.03135972388751606,0.8245283588670016
0.37491213960054415,-1.1798841399208067,-1.6601045672455086,1.7860143136763216,2.6194272949787707,1.179670998028294,0.7805865510703636,0.701992568354512,-0.15806683817412395,-0.06212891265555174,-1.0888039908805738,-0.2050389748106647,-0.3970271374440998,0.40924140441537954,0.24879822866144066,0.6567935938214053,-0.9287845502137405,0.19758785824410888,-0.2542974793187879,-0.5808351185962618,-1.5323952350401058,0.06845443959605585,-0.29238573528819223,0.3950013544023586
-3.0366097152142424,2.046502571987365,-0.5584380145608268,-0.8352043136825376,0.6939556554956025,0.633645532290885,-0.6185713777360681,0.6189423080166224,-0.8861113053514845,-0.4267644436899332,-0.0503583677730529,-0.8411062529363433,-0.7666425540736059,-0.9133348120613148,-0.35374847765107165,0.3878047862915606,0.17131101149201364,-0.22557448062111737,0.3878056220018044,0.08141551776683587,-0.02100020031047111,0.3552365270689367,-0.6462195427472572,0.0033151586150424804
4.001034051694445,-1.293875606083108,0.5309542371251007,2.1269340190645813,2.225158331471109,-0.6853417175131178,1.1439651554458887,0.8030543240522418,0.9489876986813814,-0.6225284310649113,-0.4705512131642194,-1.1808839719249284,-1.154637850416544,-0.5800104422082538,1.0704825289280302,-0.39317480394067,0.49812377474350505,0.6718457352158103,-0.9037304149114608,-1.0415175638941467,0.19614243128685716,0.6783695418646501,-0.4027013479683792,0.05293556615204936
2.3226900288941406,4.269552206206981,-1.29968332174125,-1.2900172175593498,0.8270159623169835,-0.49491195396090326,0.6648080680743701,0.4314487618140395,0.5115043055124343,-1.23015661605017,-1.0829762744170768,-1.0247122480435893,-0.2034570271268825,0.08094223762063843,-0.4236947421705678,0.8403612568724154,0.8224500482711806,0.05531686168356676,-0.7283553007145332,0.7513594117128259,-0.11891538439226097,0.4108183702642887,-0.2103715006896516,0.6136475130451301
0.6887919694991087,-2.1967413377476763,0.1296543757406049,-0.6544361012022787,1.987685324336792,1.0099675044142014,0.09400752243817105,2.2863501427406616,-0.26672331278405415,0.3734944940892082,-0.2170867053385098,-1.157662980331203,-0.9560033311685745,-0.3669946283794815,0.8697058647918123,1.988031612056361,-0.17769868889093104,0.03096751470208936,1.1037515517854706,-0.5149937809619548,-0.09916132017690633,0.2511246233177383,0.3317104677318377,0.7402598987428525
-1.5333991329840517,-1.5850033548927378,5.4163199907980015,1.7407589655015303,-0.2860806208429632,-0.18828426563709175,2.0145432291058087,0.3860014086639732,0.7701686318466223,-1.5015003880911872,-1.6438161959983797,-0.350478618329221,1.0036749428588265,-0.02014866705353105,-0.6876929626943061,-0.2797593946266747,0.25261467356091627,0.09230301568349467,-0.0854658690259245,0.45102633586678864,0.9381305165877962,-0.27118773578161387,0.22766529264216376,0.4274335008298567
3.3570966772974575,1.0603742601794526,0.1738297927989001,-2.642523320278198,-0.7590692991600535,-0.05724750484898214,2.3175610355514835,0.6020030106938925,0.31227095547495437,-0.7525659512236155,-1.941831319096158,-0.7630178115108633,0.34716020003450654,0.8769686661712165,0.3623590788943203,0.30072475886559913,-1.0784351367451515,0.5055503304556658,-0.16810792314137887,0.5954848815365476,0.20979822119931166,-0.5637576654714108,-0.8384983793784763,-0.1529802265034926
-3.289039624410209,-1.3733125563209128,-0.9141410105083418,-0.2609441216288114,2.136220447392692,0.8915363777257107,0.37999491849387795,-1.6681171602906943,-0.527752157946808,0.06671101088855702,-1.6054421858369017,0.17994635250319513,-0.315362483799562,0.2927068765470676,-0.5770135394538793,0.6221523073219078,0.7118709347553765,0.29682340101553273,-0.4451349716575786,-0.07980330801001968,-0.5147038958794254,-0.05047807002376275,0.585317346455451,-0.16763470019816482
0.7923028740130029,3.9393239864339056,-2.5523176781794144,-0.3429966538070066,-1.144212587517285,-0.8807351120975111,1.2441785605121922,0.2487115060142556,0.2774791124680039,1.24138675495481,-0.2958970986708696,-0.7420140113315976,-0.4304906610518198,0.4544745980999239,-1.1579426960032255,-0.8109365172317312,-0.8064031317368728,1.4650725621157992,-0.7513549503422564,-0.35235418474633706,-0.06274053721149098,0.2943860225204739,0.5153744238796436,-0.05373352401410974
4.944831306428014,-1.2578519579620429,4.864065152340815,-0.15774195786045325,-0.5216189267267358,-0.34728290965914727,-0.35752665530972977,-1.2700801097778152,-0.2560485067157117,0.5883335836747582,-0.7938181005187478,-0.06615376212783645,-0.21822998271414246,0.4345966027535737,0.4696888596217155,-0.13334347448780318,0.1355199342856081,0.3134621410313238,0.6672956212051209,-0.23048096988458094,-1.269454298848275,0.48189279158474907,-0.37703978441953334,0.35524419250311223
-2.9634234072254806,1.0082837943803038,-0.2531174325932786,-0.02368234184354499,1.2809616067619185,1.5869665547048561,0.39418792530759733,2.067000402672095,0.7055275539368214,1.9947163830300754,-0.05208024285685326,0.6584976534320989,-0.8365894465347682,-0.14732716085337438,-0.29196795898459027,1.6323200641636957,-1.1562857494415555,0.8804172987247915,0.632840408269652,-0.08653945737796247,1.0652822415177086,0.6298817404841897,0.771673816535871,-0.034854205079025126
-1.1814295369995824,-0.5593173820510519,0.7026500969400508,4.464780383245039,-1.4455875665361853,1.62699047977479,1.9449287104448645,0.2671004261519336,0.9863367416719587,1.2871765580055987,1.0197030912484155,-0.5318698724625868,-0.5392372709139387,-0.35259125815262726,-0.7933843492641475,-0.06363439329402375,-0.4045873313947082,-1.0596972503468336,-0.04494372440621169,0.176109234346396,0.22006357526380796,-0.08070892724958542,0.5798975907079679,-0.027590241643464443
-1.9172263428132448,1.7962448972590859,0.917571198416709,0.16900047215246938,-0.7042882634683024,-1.0958218090469904,0.626969387040721,-0.5322522101076894,-0.5430618270324856,-1.6252848423433153,0.10442036463232732,-0.08273674826884435,0.6221837250895269,1.2027078331760113,0.5658902931897609,0.8579490623930053,-0.24005071930503288,-1.0907585399642512,-0.4801951643235056,-0.7625663725942526,-0.22262206772007123,-0.3084326668825896,-0.5345006377462184,-0.3058118541864039
-3.1189337159841064,-0.09783103480631969,0.6552066570773046,-1.7349625477613295,-1.1406793580171135,-1.6488194069745248,-1.0415147547771082,0.640188412296857,0.8399823647224003,0.8932378594168001,-0.8424917239717856,-0.17582010129937808,0.6705522957220732,0.7593159516490785,1.182090127138827,0.799907058808662,-0.5098410742886629,-0.03378179577652395,-0.20547915257544266,-0.10186939633994517,-0.08412700565337194,-0.7417094751985182,0.2640160327574573,0.9577069635663918
-1.5638346655946784,3.481033462773986,1.893744277716509,0.7980553788094851,0.37368682840000433,0.4857280965094202,1.1635822764600305,-0.20215643782615855,-0.15565403468167213,1.1948494754694148,-0.10824772368794723,0.5755885545161609,-1.233827008996605,-0.41158976308484874,0.47432879513787124,0.8383693495850606,-0.9908093594434828,-0.47557893663651596,-0.7425437136022299,-0.3303100510569012,0.8621841146835603,-0.9616470000668375,0.4642816635156435,-0.7171085852736663
2.6761435135486153,1.3586068706079515,-0.5309522694715737,-0.09524979950085516,0.7323011210274843,-0.588241324340605,-1.096582530446432,-0.29100392253740537,-0.27190927693004147,-0.13334678980005166,-1.2912207747394362,-1.170839379752199,-0.22215381182621327,0.03872959602098713,0.7259546207058791,-0.4376230965612324,-0.23065984541899964,-0.8570502259325028,0.41966774339603763,-1.0895742783091784,-0.49998285456397124,0.04101951668140896,0.29043597050646636,0.22973687130256584
2.2037985749384204,-0.5478943367131119,2.0153037590367324,-2.0617982625876343,-0.2884478662983003,-1.823420387186018,-0.8354162977539416,-0.06814777672371923,1.2654383697984481,0.22467831842894434,-1.3427868452106269,-0.630528258981708,-0.1878048329239816,-1.9143636786063998,0.6250378311880105,-0.4333839949801137,0.16497984346621644,0.424915962189596,0.030286588029073903,-0.07126957836033478,-0.5225138465471106,-0.7376820648931548,-0.21337392964786872,0.15994049530253598
-1.7333831746126076,1.2823302992869652,-1.1151053093864627,-1.707803671800796,-0.6985835403022599,-0.2745113433113611,0.6679882081816738,0.11553799406293498,-1.9839782883860722,-0.7560807760325242,1.3663289821726583,-0.32632117782160136,0.02146226386302015,-0.4909954116595178,0.045801796073312806,0.41822412648195667,-0.5614245641669923,0.2019361877117813,0.23645905190959735,0.8910026242336103,-0.6903976873959032,0.3127480078851945,0.12830629117388626,0.18340721387270165
-1.1964457043313654,-1.0718428375520843,0.7379969522361022,1.6594335320456406,0.9936217643108456,-0.2662835779728224,-0.5665750763895846,-1.352483533017429,0.7130446695870154,-1.6529893335315273,0.5334400432476165,-0.5130946479007281,-0.13947892155905786,-0.6747440156247596,0.8814672547042681,0.5826583701830337,-0.6809979061247402,0.036758845360148173,0.4070456720433018,-0.43515783356951926,0.3945525988029505,0.4082240858000383,0.8270695747928838,-0.6390945027696914
-1.1942782462894306,-1.4978212844888867,-0.630054216765999,-0.8817828544641739,1.3657183150371028,1.603670121842633,1.2881682058093473,-1.0429414538024109,-1.0601668594653697,-1.2921252454547536,0.18025447259655938,-0.434018501900722,1.0409988200952265,-1.30609101664383,0.1223941782972542,-1.3619252006485356,0.5582422921229602,0.08000698260903946,0.25517017681844867,0.3807361082382833,0.30421120251919237,-1.1833738990466813,0.06961508351433564,-0.010593239784021434
0.14403221466265606,-0.8354277732741352,0.11981307724646423,-1.0968057077254114,1.5073905127700322,1.6264600201155872,0.5947767831433323,-1.3870172411689847,0.9738019815139731,-0.7566242781518226,1.2815118331504736,-0.3493713704554517,0.45364704694053193,0.23285891280134846,0.12896811634958955,-0.868846958081012,-0.5078605744523921,0.8754846030054083,-0.36657570137720724,-0.6987916732801378,1.7099230431636112,-0.8479463480126491,-0.06260298361387281,-0.6395563637621278
3.769421248467704,-1.774298470579717,-0.8682354608183099,0.9657276618904836,0.28639057255647893,1.1551202051931653,-0.18823773311003178,-1.8323113707767924,1.5581699652345962,2.907552894426875,0.14231641288925104,0.6341319667839509,-0.07110461041308601,0.745100280806896,0.15738033623141293,0.635231759519433,-0.07635443919614898,0.06327984651574546,0.8925994728824811,0.6911515286302832,1.252278168378105,-1.0419853829314247,-0.7559590558993824,0.5407609908180879
0.33567167441546625,-2.825290134176241,0.48567449908500937,-0.7946160175090916,-0.3008908633378654,0.23286841857326263,-1.0769938878853662,-0.7351465664324344,0.967455022200695,-1.2646809943148143,2.0769376677588562,-0.21859821767701546,0.5539461352077348,1.140140697709975,-0.12759563693577428,-0.35658028443319295,-0.4612349319895837,0.9312898850685933,-0.016389600436218826,0.9992848506555084,0.7453826319133197,0.6996498368365289,-1.2544356091903917,0.493574847532834
1.5343323297877096,0.9929024809721242,-1.2708650078467227,-0.44695892243412777,0.9637117807717525,-0.5501438582944612,-0.6207505995685172,0.16527116823214516,-1.205943056496833,0.2986640374151815,0.7477743488477735,-0.138489779816301,-1.5710539476570176,-0.5315581844246358,0.5022460307915768,-0.2672954639653931,-0.2780895782428633,-0.5355146503121663,-0.3591268071297502,1.2170885397599258,-0.857483001678576,-0.17338037750052188,0.12578480998457467,0.013288719857351975
-2.982920327008549,-3.350678317165745,1.1480122850561243,0.024919270257658346,1.436309157685146,-1.8808512039688277,-0.20440229070533797,-1.7886395965379542,0.07380026412027245,0.9904322274053817,-0.4014767034840726,-0.20346545227969617,1.0720665253775221,0.7082124719152011,0.45551187904034096,-0.02504690141900545,0.6471215742000601,-0.5807221899892091,0.4643395938986626,0.2541870386447704,-0.3733122523385176,0.12373002255569497,0.8342933980319585,-0.8547897354781422
2.273503246227762,1.2847227181820606,-0.9201276315711076,1.1088999253760548,-0.8207389137003446,-1.0145272196398374,-0.37357157509816535,-0.2600885817254098,1.3042003402476219,-0.13432130927993027,1.0296435303555473,-0.25151478166525426,0.31162015422862116,0.3960076540687718,-0.9654722932296976,0.008528162385313664,-0.2006153869831415,-0.10894028177055859,-0.7169519394255743,-0.3156440823083514,-0.6324006004440823,-0.13299768971087242,0.6699658169561155,0.2524906190733142
-0.4866096915062026,-2.0591453619201263,2.5549186590702075,-0.36869271123197433,2.026484996933352,1.4288753986797387,-0.3453769103911864,1.1272720632161104,-0.9915909221421664,-0.4204387956442193,1.2431602004531017,-0.8873561097254316,0.31891149223319293,-0.7409513407976484,-0.2495149971765025,-0.08382421860633008,-0.8236068875537189,0.29421929211752756,0.1391728666112284,0.122182281456259,0.622417542820327,0.2095495022429412,-0.7235473774883329,0.11427887520008802
-1.4623215274649324,-1.456859698575372,-1.0057651870975388,1.2808750434582126,0.6054816437182344,2.2356061523903645,0.10527526886489465,-1.934167129078197,0.30409216478832496,1.61795705786983,0.9274044367309262,0.634983982237294,0.25004099293874693,-1.328440050471787,-0.49903369880107745,-0.4133185629081209,-0.4021109814033855,-0.7267977666549216,0.5172116143472215,-0.3964957291324475,0.24163721864795593,0.15872211835149275,-1.3484743351513546,0.3999563932917916
-1.4784614889182413,-0.37494000425266333,-0.5173032630924816,0.6952083382853194,-0.20401780456722834,1.0467110888982791,2.879107266592912,0.21290194379657476,0.35657988568586263,-0.2883420880779296,0.9349108767676265,-0.3520138230205373,1.814906034900872,0.5850904459310803,-0.38478291283633803,0.2904028462285574,-0.26998271887117326,-0.7382868968257188,0.39924994534573477,-0.8179025899360641,-0.15291477504086207,-0.8427954801773836,0.1296973928852652,0.10222001420489397
-2.9252217008462407,-1.0950220848912142,-0.654640020467863,-1.020022125312072,0.8739315441575373,-1.0455823460272224,1.7579292452788715,-2.2152356882371804,-1.3238327290642136,0.18270565755937881,0.035043995894554134,-0.13166068272411502,1.1122687656685757,0.7924725302855941,0.09563868292409418,0.1634784043683059,0.17487654835122632,-0.17848788392075698,0.26110406022931226,0.20335828374464085,-0.554686223314577,0.7306589709295805,-0.13171561662755862,-0.315601963390296
-2.5171171462612634,1.4320373681626233,-0.10958880578975108,-1.123971238391007,-0.717590274392968,-0.5221850279625729,-0.18789563065450438,-0.726225468444527,-0.6296922597694291,-1.6049830546504433,0.5170172601554869,1.2718810896868136,-0.37524749402501173,0.00787489465342845,0.37539492817563114,1.2038842397528848,-0.6502151705165674,-0.697805868677013,0.15002131512380282,0.8429015605749712,0.4036341342408588,0.027880180066500067,0.5328498515218169,0.9129597179704442
4.230876465913358,1.1469214542002106,-1.2611186073469247,0.9050592930544674,0.17236998854313476,-0.4813427600496082,-0.7403677356540039,-0.7083817817547571,-0.4660640862784069,1.2345657409665918,1.4202160671990842,-0.9168468562712855,0.020002904206001742,0.07915903586251785,0.29625834997818107,-0.0834955304663302,0.39216395177536345,-0.5822478038332097,0.9330028395105199,-0.03910112119693696,-0.7306417921355857,1.409966496899659,0.32827935954705134,0.601729645858693
4.072202799259584,0.5812415473119841,-1.2944055545905089,-1.0664192017667158,-1.1897935526490095,-1.394135887237338,0.6400571530448373,-0.3521147391589636,-0.5088210847786634,-1.224359754944711,0.36187379809324444,0.3615970762652311,-0.07433479878555185,0.6290513299332016,-1.6331140080015558,0.8534916327775282,-0.7308739030577645,0.5181657429722962,0.4811369198575435,-0.34839726863866527,-0.7391530672162009,-0.09395868253555772,-0.2589367167598146,0.3971937292566381
2.70378794106446,-3.1072934177223406,1.473736808563627,0.09556680486474911,1.3426704915868335,-1.7435034469414845,0.6068835906332578,0.3269628330692996,0.6687252957081085,1.2071241422121506,-0.5734934291526408,0.5898017870222104,-0.7730513712509015,0.3869298917732951,-1.2994350992716783,-0.45895741820650787,-0.5409117692013865,0.24370844620642432,-0.0037695738967201903,0.2178860164433723,-0.40064422133599104,0.03856129520014812,0.1943612732559204,-0.12185428416586225
-1.5620524040079955,-2.3684278917807147,-0.18324787194278902,-0.552404317833885,3.0970339537701017,-0.35118459457272944,-1.8604718384934034,0.4935056066808061,2.245219233817716,0.6864567127381569,0.7210853416199915,-0.7854429404886822,-0.7931855688949182,1.970658269356622,-0.5169784637852958,-0.7048831737077539,-0.18026959584619234,0.24264305904903352,0.24227379580460426,-0.05844119464290203,-0.3440614045766092,1.0600060881071485,-0.34070560423357155,-0.27413994350821175
4.270471499207878,-1.8498261598464338,0.29740653323962923,-0.9361185913724219,-0.37221352652512624,1.0751069168596665,0.8859883156488125,-1.4615357314354736,-2.6077019969946678,-1.4596650899170767,0.7315156113607258,0.09664657387808982,-0.7532909449877783,0.6145706708760947,-0.3172179997399823,-0.4707180786025823,-1.3563990620212074,1.0898021360273555,-0.3809491277313066,-0.32048453756352485,0.07629619560608082,-0.15212501211027016,-0.4084361632302757,0.727729856353648
-0.668403122819606,1.1205501001927483,1.9739955281115826,-1.411833258215684,-0.42301326457905264,0.13646204957208638,0.6049217755198384,-0.0950036606406201,1.8954837510748466,-1.1222153399841084,1.5106156207969026,0.14676660842998665,-2.0465757299989975,-0.32962775147327933,-0.36113820297270194,0.013059472716079556,0.3803852436488057,-0.3943812589081543,1.3267539598861073,0.09095156082714959,0.4433260069830175,0.41359737865869173,-0.04232861133515331,-0.7130662148140967
-0.09981406864593693,-2.951331791478124,0.2560759109362091,-1.5952631925356924,0.6501798003881748,-0.6213053948241515,0.14179306729054353,0.14381705410447823,-1.125036320708367,0.49326200816004995,0.6287073475915237,0.08676715055335825,-0.42434294422560737,-0.5327184532345794,0.6724812235494161,0.7665218241293288,-0.6767095338967288,-0.31363669514984444,1.44988124367507,-0.4366499925561949,-0.3944868290062732,-0.7461540534715699,-0.3460588747196791,0.24912877283713034
-2.1546215033885767,1.7694138582205643,1.4643149480777313,-0.2901250780276176,-0.5856988105915709,-0.4712444776101919,-0.1376563119990107,-1.0273918055910027,-0.12138214768649393,-1.7249538505489221,0.8535195872886937,0.23963039157246452,-0.24574487942366507,-0.90533778360776,0.24633441526491556,-0.8277940431602748,0.33578669111704845,0.6943001070903878,-0.2675117052077196,0.17552328353974925,-0.4969921357444872,0.12213938648541652,0.4425773466091156,0.5619533147739326
3.656442375578432,0.8902318090847093,-0.26726201994022636,-1.3987490639195668,0.9077882219517392,-0.44541832612240995,0.18655272339884305,-1.145800276840781,-1.5789060103957786,1.8785663263429861,0.20076891017257467,-0.8370917346757802,-0.49146404077949835,-1.097446880928435,-0.30332395692672587,-0.5719712433606418,0.795053858674976,0.44548755052694783,0.3804786114434148,0.1643194200900363,-0.10231837078184133,-0.6561135685854655,1.3026463517710067,0.03264916869083164
2.074349774552691,-1.1323880508618527,-0.6329472268095407,-0.7883177766111339,2.142049997308588,1.20485155417875,-0.1700965860732318,-1.0750070222430796,-0.451365633839641,-1.0365727239187672,0.4549721904618339,-0.19642218630905575,-0.4198814306830378,-1.1577713876235376,0.7444603487275903,-0.585007620206385,-0.5693647956954184,-0.7127038431934907,0.41922548706634494,0.6101799655357084,0.38233693274236547,-0.6663385227296789,0.6933779341687939,-0.019508653361866534
0.7112927211537532,1.1852854037984553,-1.0156201697398428,-2.51021585866075,1.9109803851609701,-1.513860188532332,0.44510518484299166,-0.3557697029600166,0.4381132789761721,0.38260989049327165,1.494204624420459,-0.25429092643186646,0.8867538790562318,-0.9021991875649525,-0.35563567229960474,-0.27502981456885695,-0.030845001664132583,0.40305403318713623,-0.3524978562010373,-0.7976574829364435,0.6985190246000914,0.23046800049089727,1.0522554307329457,-1.0132152670546621
-3.1643934692343976,1.2836514975186057,-0.6337148930091374,-2.0484651645811955,-0.8838134004644352,-1.0082171735772836,0.9421758747651235,-1.085528945856646,0.3010748740143511,-0.21341550410149135,1.7347928347816894,-0.10216065655717857,-0.21476135563871596,-0.7054589352632762,0.1358658290307406,-1.3011101091318191,0.6439557324122476,0.08101244751014113,0.46368977567243314,0.05694233785528923,-0.10578758590726588,0.5719925969398649,-0.3198142419469205,-0.12157598833900497
-1.812068437122298,3.719240717272775,2.4409090966317253,-0.40867996174998156,1.4067008775713665,-0.8447043240854716,-0.577232619595755,-0.3333825445897709,-0.7044459655406148,0.688084075922469,0.3051892732290814,-0.05305263303923534,0.22163975541745526,1.4644907308133857,0.4052796321739449,-0.31877455274087296,0.02117181011137263,1.2947481349942123,1.131206766772381,0.9431675798689393,-0.4296240985936491,-0.392697857849327,0.05502562904841397,-0.0012073859928608496
-2.3329787266495634,1.460776430451647,-1.0224630252707874,-0.2705521416963734,-1.5341195801152259,-0.03698753170637886,0.5028047095622498,-0.5809207876396004,-0.08941458034552877,1.7083663570855179,1.1934449352382144,-0.08349040166203629,0.5464707113763726,0.5293095482999839,0.09628415858520886,-0.6426821448304525,-0.2355353906740416,0.42421791844574935,-0.7191899851872762,0.8247574520047714,-0.29120434914461235,-0.7736892937930119,-0.8771025002272839,-0.6041620203111487
2.0215418958408335,-3.2716447332959193,-2.439947780153245,0.4526761695471237,-0.8455350434376184,-0.5770105009555393,-1.0988010644064925,0.3768721031011299,0.8558203835904639,0.49534024621715345,0.7456975154717626,-0.17431163362310062,-0.04837798421133049,-0.7017275932681544,0.48365634135025504,0.08323775095657332,-0.9555487029766147,-0.07574760149809884,0.35840121132372693,1.4000553858778424,0.621868014544586,0.3060246407731882,0.4821793019924164,-0.21167026805234054
3.8071996013317633,-1.179000581461586,0.045168257949925406,0.34953694832808035,1.890559876724488,0.9746899951055907,-0.7136703793955865,-2.0339141328398695,0.5767989411200923,0.0744467035933186,0.6776179183607072,0.11349498627774494,1.0726333357789197,-0.6983819053910463,-0.4803844842247209,0.08684736914586087,-0.65059704016512,-0.014935431799229713,-0.5750847937548698,0.03159580072704981,-0.19939046351247722,0.9183461201846199,0.7244650516440992,0.26638476241065295
-0.6713254547702869,-3.0600363567010267,-0.16964779338493477,-2.3785004023180885,0.6901686841781296,-1.9115609594322567,1.2386528021469718,0.0004443176111489071,0.9625179250678275,0.03675922615034409,1.2504157985885425,-0.854317359257744,0.8859456077082664,-0.6083258434194344,-0.2093147911316437,-0.0695636056097782,-0.11604266591735249,0.9828069734987209,-0.5715867323240128,0.3269304789096466,-0.5438392673443568,0.5729124640729976,-0.48743404875201707,-0.5779296883517123
1.2761314607545085,-1.1651505760048133,-2.139274194140626,0.40468451963864627,-0.07527024026255118,-1.1142260207930628,0.40718066591479707,-1.6155991820791211,1.5954107062387013,-2.5232055523964187,-0.25998326338952155,-0.6549382849460058,0.3264517847265875,0.5106171446095045,0.21229788751364356,0.7472910038224343,-0.1890132885468916,-0.7701399016160483,0.9533807012842137,-0.43674946997103914,0.048204692525316485,-0.8767711832407269,-0.8248696600340637,-0.17019726330228716
1.5927223245202575,1.6062963959344136,0.17281786408052627,1.84211244788587,-0.12156398500089018,-1.134388066079818,0.2980775553176125,-0.6549320106482256,0.21609988426527682,-0.2998160059869456,1.537421610854881,-0.5779068909018236,0.4096076770054234,-0.0885218719905265,0.7605070390077423,0.5904485160749982,-0.06882753942720388,0.21280462284190374,0.2624684141806287,0.6888045209152186,0.17127168717862107,-0.9231798423980536,-0.05200995057576035,0.04613232521659217
-0.2311937404315306,-2.7783301917956065,-1.0011592828885894,1.5587028972419443,0.06419443001804419,-1.3582322313938218,-0.6282672086137513,-0.2658423736601384,-0.8256163022792344,0.6666598658796727,1.7928832544917586,-0.18026156872432328,0.5190816059800469,-0.5388346148604568,0.7557814371351624,1.648199667716322,-0.13896574164588957,1.3732743293720184,-0.06469012201165844,0.8019767518377907,-0.4303293327731767,0.09745691129079485,0.07477816671502999,0.13401412097315007
2.5603089858226813,1.0282492563150898,-1.7727495702756546,-3.489256628579656,0.34201364062750395,0.07268388259129438,0.5635949312068248,-0.402693509430343,1.37862548075379,0.162194326169757,1.0980253195736085,-0.5397474628483419,0.3295719491903705,-0.8338733103422469,-0.38984685115710316,0.18027808220206282,0.6507732394896276,1.1875305579114726,-0.30124707078587676,-0.3254757392912692,-0.5492191725946378,-0.1422039238430962,0.06574326510809664,0.6935724160290976
-2.1012238878963267,3.36457179965749,1.4241512959339895,0.710011553441158,-0.19132943276257372,1.6469348797058119,0.09813584622426341,1.1710343390433298,1.7978580348673447,0.42203627954278056,1.428764884363733,-0.6314068428304943,0.14596934698849603,0.08538118223816285,-0.8709692699439061,-0.16053473402332027,-0.2283722190047751,-0.8526844784254105,0.21902986612745118,0.9162736740471316,-0.16088747756462982,-0.3531244152234334,0.5146957402342665,-0.8363513628259851
-1.4878167015017794,2.1009003249546065,0.5991941264219313,-0.2997527886818643,3.0144618390102194,0.08522087343799568,-1.2966826130127118,0.29885965814779386,-0.35979102594497414,1.2356188601537639,0.9679778746872543,0.5785700753320989,0.3388801001355445,0.5027629292074595,-1.5323220982437133,0.030449184438550582,-0.3106112931772091,-0.5527736600714931,-0.2575360264755778,-0.9300337310264841,-0.5715065243163988,-0.23487115275208836,0.5496918190123915,-0.47030970280100376
2.318443233122582,0.8756896858663394,-2.60780909912116,-0.4499940792449387,-0.18742458766390027,-1.4264077279177052,-0.12264737478418622,0.16722284834751433,0.38808875096556805,-0.6059018726827958,0.10831282690024933,-1.0190086608375026,-0.19660673404889795,0.5168824970905557,-1.0992882115835507,0.29266125731339737,-0.1210431280781669,-0.13523494515243997,0.28720153876215493,1.0316212334836392,-1.038834893323263,0.17694936683390353,0.9823416320505225,-0.07256496153053683
-3.2427830534595845,-2.1338571642295174,0.32835721019298164,-0.801635838130848,0.8041876504798503,1.1930234159632098,-0.9976948117718422,1.1140680548945887,-0.2852421411801257,0.38729905933110925,-0.18507628127479325,-0.884967394825919,-0.4268113787052649,0.34042876024525437,-0.8106009776710151,0.32446539441152233,-0.6106231795156367,-0.6116930152612414,-0.13627172000563523,0.4761126279926118,-0.9538130359675695,-1.356011561381473,0.27508360910232516,-0.7257127284657663
2.2863294485038863,0.4856284943811357,4.130368554343941,-0.4035349119818591,1.8515040800983391,1.3851628164463206,-2.455692252415575,1.8045765354868337,0.021403316075319,-0.2090862473538993,0.6863611401053679,-0.400101861620934,0.6617168765459476,-0.034517018559031915,-0.2394621793265691,-0.6017705271844226,-0.039501012078613604,0.18477340971825063,-0.7008662712935845,0.03578884237991071,-0.10482411715633023,-1.1072797424706908,-0.9707166713225754,0.11123121855172119
-1.335287520524762,-2.26349702269706,1.6862928083990159,0.052711421531907075,1.12277579403255,0.20536178996164844,1.325187301083169,-1.5627526006193777,-1.4193254413651297,-0.9927625679754888,0.5135126802394666,0.523391171660407,-0.6044574044079101,0.6766574029768135,0.3948701159162328,-0.5097224947366193,0.2690211843144133,-0.48445825625008476,0.355567543521479,0.6074357231736737,-0.14070005209259878,-0.43770173995680917,0.2641538201993086,1.0492311052225354
0.5238632997755329,-2.8883967396575896,-0.9899517266352859,-1.5816581530943,-1.693997998225841,0.8468310833134071,1.2986724180262101,1.6575766726568888,2.1474625836896557,1.5882053110971495,-0.3121324091018752,0.821681216198553,0.18006666251180597,-0.1621080445974689,-0.32667390545269953,-0.7287058648260053,0.21723856896119353,0.016587657778695017,-0.1160072943179371,0.29640817834025335,0.5541616751166577,0.22182177016497753,-0.19888802237557096,0.5993598574796465
-1.0656741098280094,1.9447022322209362,0.8166680974735196,3.455947533616147,-1.533392410511972,-0.42057834318650306,-0.6620889973277438,0.9746512147476105,-0.11155937113903737,-0.9276014324776816,0.37332044754720217,-0.10788866974793136,2.2496759704138687,-0.6494379062695412,0.4965285183642351,0.7317108317990486,0.5107938540659901,-0.09349762116078314,1.005630304495512,0.4059825185652436,-0.2660931502866101,-0.9477355196249425,0.6043074697084284,0.14772471720822014
1.6283430918638941,1.6214986555290698,0.2673894136167049,1.2992425861080603,-1.120649179985878,-0.7847772891380267,-0.6655689166330024,-0.621680193719181,1.53047696679559,-0.8076673313158182,0.00687336589809487,1.9398541996511598,1.4373425877171149,0.8143701667312039,-1.0660302468755136,1.2119291283297504,-0.33057263393424124,-0.08135065309530155,0.20228126682241426,-0.2786267857508081,-0.7084350863486928,-0.346394712400375,-0.7855203546841285,0.042843749115516826
2.424144941819027,-1.4862046435229384,0.5747490842953188,0.8355183214950656,-1.289240302249181,-0.937527477791717,-1.8594335777606064,0.9515168070386606,-1.8487542600277842,0.3669590852624642,-0.6402377687449844,0.8629189527617062,-0.06511936725430444,-0.6354331548816412,-0.19893101738192204,0.016597251149217757,-1.0042345173990574,0.9708206935063145,-0.017350195800368257,0.9841632533583214,0.46346905312431697,0.21955467446689425,-0.17581346126081573,-0.1579869396455087
-0.054480990884451685,-0.7687772791407232,2.565234474752972,-1.8504645764546543,-1.8427548255767567,-0.6361815209099329,-0.2169936232352434,0.8268552117236315,-2.4927813126954343,-0.6316948680386392,0.7824438715158343,-0.11930676965228096,-1.8031750546447716,-0.10561505326885103,0.8664983056452096,0.2666916397052344,0.1523689688594707,-1.0366721602244124,-0.6859608915531286,-0.4669329820073377,0.20355229518434037,0.3968199043464483,0.765379595340207,-0.9292897526989925
0.6807611215890446,1.8771228785613505,0.29682942400066625,-0.2595523556797052,1.4821735704683139,0.9029417412763745,-0.1705362055409868,1.4788308625234983,-1.4466077739838399,-0.09099642016085303,-0.40776626689182643,0.42251324053398986,-0.5619070597578799,-0.9165207022508208,-0.06404047723116806,0.10630214128870005,0.8113404590080489,0.25723621425724,0.07756725181718753,0.10782909658752694,0.5540070119393865,0.17943299722749834,-0.7359612509855116,-0.8431289071650356
4.363232093979152,-1.6468381832040346,-0.7569666612207718,1.1503781536028677,-2.082740979460911,2.814368088394351,1.2481195163654482,1.1591568921027837,-1.2019444208052243,-1.2219567976358847,0.10480346990440925,-0.998914724166023,-0.052319666874680246,-0.7295436266664963,-0.44663059947480765,0.7303624661113998,0.2290344273637583,-0.16765188038284265,-0.32007366133139564,0.4139205516601427,0.3495675656332508,1.3118048471252273,-0.5535875681854824,-0.31068670588355324
-0.32299169022087765,-3.0918237226945635,-0.3836068595598715,-1.9229643400327416,-0.3301976490252516,-0.47018329284169036,-0.9264275382628606,0.08774181924286983,0.1782920285744633,0.1558507124807249,-1.0304723886482985,0.4901050394808271,1.4764121442783342,0.36275352779539566,-0.5843383143651013,-0.5862319120263487,0.51647699496412,-1.5162709536297392,-0.5093045302596996,-0.13469832293418182,0.38404478167765577,0.8550248953587003,0.18945805102170132,-0.13026540273515017
-1.6483377744303562,-2.161573386728545,0.07755399646907653,2.2879794501075086,-1.6339627692084477,-0.027753647758688393,0.3730884462180878,2.0793324663867123,-1.5361802162533358,-0.5192844122664405,-0.32019008511075725,-0.22847177340398547,1.68017373804919,0.09149087605353295,-0.05400688796956132,0.22803756914279896,-0.6562392385479412,1.8848624373590646,0.5332560272790373,-1.0901515486597917,-0.12679377426700844,0.729196293487848,-0.2196447153899459,-1.3865436485993285
-0.9702564414821608,2.112494466293395,1.2902921594000623,-0.16214137896986971,-1.5630680821741305,1.6550392987610802,2.017028851518879,1.166170799192516,1.24125257136619,0.07624006948504004,0.7832577196900256,2.148333657003489,-0.08861545223425228,0.3558877227783843,1.832403259340994,0.7798684598779867,0.7564825803226692,0.911190268487734,0.004964281196969226,-0.8655415555968068,0.23788305211497632,0.8376761497434871,0.5556316570804392,-0.544490071130768
2.220935853952748,-1.4001547513573414,-0.9012646835001112,1.9596955825427143,0.8359495408133297,0.5546579840423755,0.05689754422975954,3.4042878153601013,3.5023170357772893,-1.8477697945126683,0.04306540857930944,0.8207185444209418,-0.13297404295151793,0.6283400557114276,0.8376054667162733,0.17267544457495682,-0.055677615665679824,-0.11765540320670541,0.1597399211078966,0.8694668322336367,-1.0008970830443473,0.39133953913734215,0.3989004186320631,0.5563995865137881
3.2377469787480995,-3.2614393631050653,0.025024457402831192,-1.6948866050827613,-0.5066035208168075,0.2241118688708155,-1.0988476263419882,0.20774808513757856,-0.07650277282936913,-0.8986248692718409,-0.9408905372651033,0.32171068734652175,0.5809322045640773,0.5204294177849138,-0.4843453602812853,0.027286629723003764,1.4891989594351907,-0.25829448780966385,-0.42579066464701515,-0.7081405111093559,0.3067200992340687,0.07641622746870097,0.563919379934493,-0.33179874294015593
-3.1187836926604278,-1.4264676166405912,-0.2893947152996068,-0.7713313338582242,2.0732446938326166,-0.3516542455257257,0.15332985687270764,-0.8499137571124951,-0.9076004522581835,0.5644257441977875,0.29329831833716,0.3407055093032782,-0.34170623536510697,1.6670886708959745,-0.4925269049657875,-0.015221708680206277,0.5158213548723279,0.3814626102231016,-0.4696786759617497,0.21094831641990439,0.9744450343754899,-0.39832568779098304,-0.11273830371883703,-0.640273309291662
1.5877076017203757,-0.8066799186947822,-0.8884164877548932,3.466120142637882,-0.7866991420833536,0.06375667077090118,1.5682352519057328,0.499991012078753,0.42633818072831725,-0.847622559613309,0.39617949297647664,0.6646113380236891,-0.3736552481094221,-0.10842560516396373,0.6930426350499402,-0.21776994967612928,0.3793945460745676,-0.46323314949949684,-1.1423283395215265,0.09862268540489867,-0.2976504075175112,-1.0401193720927027,-0.2157921141536128,-0.06596998430780841
-2.689522828381587,-1.880066710067003,0.917800486381937,-0.17075132406659527,0.4331887176199754,-0.33221014321795805,1.2552909544459585,0.12385427557977971,-0.8792167205910713,1.2420562946453397,1.3490597200865844,0.7820284630019572,0.6293502468195116,-0.3087952267856165,0.09038581533149827,0.23775537686442058,0.812474908574455,0.007381379633841958,-0.6885409939673715,-0.0673351164298262,-0.22294013607247085,0.27010644358959457,-0.3010369569237034,0.08898402272363755
-3.316437757147817,-2.0897275318101047,0.15971592344130292,-1.5755950863593027,-0.6463958283170106,2.442934605928723,0.9470528866295157,3.270396054780826,-1.2472541621864675,-0.995207332373951,0.5712448379344791,-0.8273352626891304,-0.139457484347072,1.974870577647611,0.8584849699220845,-0.5986582876715072,0.0338884952685415,-0.520251187452633,0.1290967927988871,-0.21564165457040813,-0.13776872609742016,0.7330761545516372,-0.11619078097137914,0.5349033947908769
3.1971440147590093,-1.2050460143239776,-2.8089812899889295,0.5704208110051188,0.9152399251794107,1.2730821009654303,-1.508183005999441,-0.1040296372570091,-0.22819341559206083,-1.4093202368633597,-1.3260832177818853,0.08306737786411193,-0.26683921141967926,0.21871156932260347,0.1976825083866253,-0.9207131858919835,0.18933974452202862,-0.4808254504558709,1.2578839976424692,0.9616027904275808,0.7766717066540889,-0.4900116250507974,-0.019042046781577747,-0.7470321238036146
-2.3403575310940368,1.3137780461989566,-1.8574862190719048,0.15462931706935426,-2.2558854462538926,-1.2305684309849236,-0.7674927071699761,-0.6213126123345063,-0.3149878764773708,-1.0523278250212662,-1.345246286577183,0.35264455095058,0.42941074057203127,0.10140206214848407,-0.6583789229932306,-0.6613998410037469,0.5934396076405467,-0.20529867327789855,-0.2495075074324876,0.5763953900537393,-0.18622107833767756,0.4442603417184803,-0.6783234522591851,-0.8579855507484067
-1.672773915636582,0.22801389235366523,0.8619210229603361,0.6213483788486791,-1.7793687654279924,-2.2221916041743874,-0.5331641840623444,0.13832372996535158,-1.6072308148781271,0.7765867245574698,-0.5675649436794524,0.36590318284374385,0.5056433664803541,-0.264893693766078,0.09835142850809882,-0.8864017843285192,-0.3304234311729416,-0.3570204527549864,0.9081883606572857,-0.8633133241315477,-0.7210385448882735,0.8681361110467047,-0.3575080927898806,-0.7854392313058572
-0.9981795613280059,1.6393469355241816,0.14692535960951247,2.2129375889419522,-1.3566658322462533,-0.6040983439455049,-0.3831151681095696,-0.4149222534739842,-1.5199079086916916,-0.3693546882898234,2.2093601943837773,0.3242712759838917,-1.2336353360122065,0.8284905099691323,-0.03015342221532923,-0.031123235907930542,0.5843539808415075,0.605303054619875,-0.10833895533344738,-1.133663919475066,-0.6749477372240426,-0.1631398766607221,-0.21805144175737953,0.055978804332410884
3.4867526943483944,0.4687828264129479,-1.431482494815771,0.7358303807374409,-2.0614649689708755,1.955809992509249,-0.08776389357792007,-0.8040845635458349,-0.23904948104292842,2.0119588079954647,0.18788625874913292,0.07050310138330017,0.819104754240794,0.814430691766167,0.06841640519525259,0.34276013015139334,0.5918663803152441,0.6366457042784326,0.36432314136590654,-1.1591892836453392,0.307882736167364,0.5085706960434079,-0.6163694682989496,0.3186074051218019
-1.2700076668180555,-3.151360582382338,-0.5256862404021011,0.052379993530966555,-2.124042929408405,0.30495633938091893,-1.8756301818085865,0.07682927314874509,-2.590188021347045,-1.5686180900993525,0.48944027033071713,0.14556467237732698,-0.37635530190496547,-0.15430200460158644,-0.920290930676907,0.07604751796215471,-0.5506454322128214,-1.039904727757056,-0.9420922287707211,0.14334810411441873,0.22396539188481293,-0.06310435174464907,0.7455043693678304,-0.1475733510911123
0.1765227685749812,-1.9520694809767596,-2.4199055357741703,-0.6442460776754805,-0.9812779919581879,0.5674458600063315,-0.8537933093166472,-0.1431093638166143,-1.082301257065217,-0.7113217400257186,-0.6700544287528629,1.8048456526412773,2.003480705107626,-0.057433769109230946,0.6131387761591162,-0.6292372743373197,-0.43727005769304994,0.12338160270208111,-0.11017616175440086,0.12577082932037473,0.05118391063386379,-0.4874633520143904,0.4222447898270772,0.6155797158537637
-1.9067972633522425,-0.2436994110156693,-1.1196013056793028,-1.049528205936047,-1.7683330640619406,0.11750625678060518,0.664235262275986,-0.10441592771337294,-0.6267479115359247,1.761284846164599,0.07799167162298047,1.749100526603529,-1.05795167242904,-1.455976485569533,0.7413615540661793,0.08869292300584174,0.9036179934567261,-0.28357562135872894,0.4548276317030612,0.49602849625437384,0.08522732235957653,-0.4739985455303661,-0.14237597742910793,-0.16715740394735626
-1.7649560175917447,-2.8963905612336927,-0.7365565929765973,0.6171804512990648,-0.49898677179584744,0.12950406019071783,0.45320022055312337,0.7684896510003045,0.24198400431335587,-0.45613273685705497,-0.2835326778069841,1.466894889233425,-0.18804883725831656,0.48420578705436496,-0.3317847308146965,-1.5491785195022434,0.1326951989100773,0.7852697564705101,-0.17460416883983246,-0.543674996522229,-0.25590049457423086,-0.12092890294276877,1.4460136695399388,0.22913321628356584
4.083744650069615,3.47220437750865,-0.8874145528954637,-1.8996085387193165,-2.4039449580416465,1.4494029535543345,-2.7663447616705303,0.23839127337972044,-0.21364868984852894,0.28367591832613803,0.8736161447870715,-0.40828550507195727,-0.3631233889714973,0.5137342847787659,-0.5238128197378669,0.3200001589262054,0.38980381664591435,0.7705223457285157,0.24403895874439915,0.11123369021191358,0.23739703953434566,-0.6657905570518057,0.4537422639596315,-0.8332671161187544
0.3627503645663049,1.8114297995869246,-2.039959126060757,0.17207656802683,2.2397774313881937,3.9205754466319576,0.1645735544482294,0.9156529256257916,-1.3673778622866466,0.3732229104629545,-0.4645246657871294,0.1683005968109176,1.7679284038983603,-0.07860658037943771,0.09301071813446125,0.4883152731322316,0.8188619331866083,-0.7367574222928125,-0.809741729093251,0.6467133877450824,-0.99067998426899,0.5689855551607221,-0.30064004625204266,-1.2620638417422727
2.311985941452628,-1.5723296061932759,0.10944234431008734,-2.117716032301931,-1.864189723965734,-1.467832396135732,-1.3677435628762973,1.5814396636553674,0.06071934978179547,1.1998527714809966,1.159090775006814,-0.18154745496212546,-0.48140486618501277,0.1974076749747525,0.20041836045359315,-0.21691253224650753,0.5291880275813553,-0.6894918781101278,-0.8569550566339993,-0.7686253936598773,0.36206334517790306,-0.4568857280128959,-0.4521985242891949,1.0267796481537756
1.9969729533313434,3.1508896413804717,1.457740977498709,-0.3918238938045091,0.9530608719113692,-0.5737399666725531,2.237738027512588,0.6421612508180994,1.4995152524709754,0.713398635296641,0.6915883263062111,1.1658296875767966,1.0118972459515272,-0.2577401599307728,0.5621643406821522,-0.7186546499617879,0.2160023467272883,-0.6307135961993057,-0.309791476091429,0.49718606153139655,-0.05485940645177756,0.3161948077480125,0.22573884394080715,0.4621642144176661
2.3728697352567427,-3.4380290112352294,-2.360257889786928,0.3644343825980935,0.23113621688613006,-2.043389235819368,-0.8654163995095796,1.4643136345447854,-1.4128154925978351,0.39358638553029085,0.0024321494060925057,1.7086356805160203,-0.720690607027829,-0.1637118880201044,-1.4717768884188416,1.0699180026279729,1.0825037055994748,-0.20732280059862404,-0.4376202678552309,-0.5038838651412315,0.03981427936957459,-0.15125619523639394,-0.5659060017467882,0.05508163133936113
0.582863975827343,-3.071133481626757,-0.5360930032688992,-2.2460883222134074,-0.6389442854383152,0.448515952203012,0.27812742491837644,0.6842284005588227,-0.021819691261823485,0.8847782368263463,-0.18905215913877918,-0.22214845694085225,0.6467271632848232,0.2721230117463753,1.065944117872194,0.31645762751742273,0.6592029224825281,-0.18326599181885073,-1.405994158914521,0.29326796605865824,0.8590367343146443,-0.0028725250879888006,0.414773994143711,-0.5021900712252275
0.7632914018224175,-2.9381008376039404,0.875534359917242,-0.10429415591879655,-0.8723655777081669,-0.646659059179179,1.1767530111907372,0.46046026625624925,-0.7588240248704203,0.7426986506394526,0.6927147507598538,0.3037450987528799,-0.04401251867075579,1.0462606154370786,-0.27356025252973143,-0.014362769472213096,1.2864247086615415,-0.6473462366263325,-0.4432275516567675,-0.09996320922490338,-0.3261407140512775,-0.5293003515547553,0.035395698193386345,1.0137159750104707
3.927017554091835,1.331337791900896,0.12122079233562032,2.0198411192241545,0.20863163604862267,-1.439371400114079,0.8969838467940059,1.1325367894783274,-0.7434805363248875,-0.8000655400705319,0.9336701579440911,1.1232015757344829,-0.3798798727254915,-0.5054828571724579,0.08340022084309173,-0.33519356452814936,-1.031192769425946,0.1997120211037398,0.4908394588952964,-0.010203671860528658,-0.05922487102076585,0.16590235686888732,0.07968889340286839,-0.13488421326941857
3.3381442388202416,-1.2422000567353009,0.14896241067552368,2.0536566459098853,0.5727566313596739,-1.2439954467591148,1.5043807930091886,-1.0071874641952392,0.36687327995001445,-1.415767795146042,-1.0200274468335093,0.26880204222019677,-0.5913333549521457,0.9295228603006448,0.3894290695903463,-0.48503400553238724,0.3902995844213149,0.720932985150227,-0.18085064908328846,0.7711403591626725,0.908892829465463,1.0309016366629131,0.6193746879373846,-0.7129543783290996
0.43847586306284275,0.2707812636579165,-0.007008228750711132,-0.9968768221495073,0.19355366620941852,-0.7243633091894272,-0.11294515256118631,-0.6824627472963106,1.0448614172482118,-0.3740997282661296,-0.752163558050751,2.729991119569479,-0.613181546843156,0.9496540631645753,-0.2954646055365572,-0.9268644377391626,-0.5295686765403381,0.0726994644061264,0.02793334470687475,0.5882214166755132,0.13402639242637537,0.4736398263103148,0.5744938459572825,-0.07351693094652646
-2.393135013865766,2.6584020176958805,-1.5812863276893616,1.1562143386569417,1.025751293314131,-0.06850269750860438,0.6273768516346461,1.6537978727682319,-1.344691112116727,0.6790549010159108,-0.7310565435450574,0.3011064843239638,-0.3803427150024666,1.4214538311722056,-0.9326104383053495,-1.4635467219466207,1.0930282914949743,0.146246863159161,2.0421359265670924,0.35222451830862356,0.48143156854667507,-0.13794632527906284,-0.21111102754822145,0.20495699838352965
0.2946896097529801,5.506486041831733,0.9797197324109481,-0.10054336861137649,3.5141594317599916,0.16631340597428235,-1.1779720870931758,-1.0192288943088526,-0.19259732494585544,-0.5615873784311349,0.664082839012649,2.7697342940544933,1.0804393522104654,0.43733126702119635,-0.023667527654388638,1.2543025137222203,0.18020851156149215,0.13855413173405773,-0.12655155121336306,-0.2390593217043265,0.47277298821902547,0.09065246525721772,-0.8684035588085468,-0.47943467548802615
-3.303496065373035,0.07870101317838306,-0.9032239877656812,-1.51677952053209,-1.454124542848432,0.07097292511444243,-0.428497129531508,0.40111053488268955,1.5832596831776218,-1.2737465326911825,-0.03681458998409232,1.6085983873716048,-1.1238340816862775,-0.7695088239280322,0.07684192965713975,-0.2366866613803623,-1.0303281760117589,-1.3926904749902347,0.8291170719766374,-0.4323749190225674,-0.7351175185724594,0.01636548195656723,-0.6948245381462377,-0.7722106699111018
4.057065565886809,1.6159535277147548,-0.5644747411379762,1.290763909388714,2.9820928354282414,-1.5537441142137007,0.3231411497516323,1.2767100228698658,-0.7398435138454564,0.7540982439004867,-0.045710003503888506,-1.0032775374675702,0.032536857907882646,1.350366349830451,0.7289359555612825,0.5487832997079303,1.2209929486010918,-0.6041216961915132,0.43786309291234976,0.15126740604774863,0.2816036932688033,-0.004383289313150677,0.03328508327418559,0.06263467714956096
3.332084090633819,-0.5081063540076672,-0.026088595827415104,-2.011564076108777,-2.648416668432734,1.3603387318307572,-2.136822157993599,1.2465407523005976,1.3752225539542142,0.2937491140424825,0.07202422186583905,0.4033548640096605,-0.030687518954137148,0.798264025213502,1.9154223761079905,-0.05651727062906189,1.68894360421579,0.23752978626694848,0.08564271388088136,-0.37824281855795244,-0.5955225583223681,-1.173109524564426,0.19933241035310792,-0.27416820574083584
2.8275780038655034,0.21161158378331554,-2.353446081519581,0.8030135371163487,-0.40933419224998546,-1.0500419172224136,0.4594709055688545,0.2139904528092605,0.9496181200211384,-0.08794716289473914,0.3734152502426893,0.7711867224255727,-1.194674795538172,0.10164008769759791,-1.209440691599831,0.4368277159682085,0.9966907444462803,-0.33642220286708296,-0.8614527507920517,-0.4878574570913215,0.9471932065498988,-0.629443162776341,0.05183049779257126,-0.8087312955771295
4.662361035049439,1.5291396125598207,0.48300624966320077,0.7131469922850803,-0.45246812827304356,0.1780175820051421,0.9186773484072415,1.6316961237273033,-1.2733940422448613,-1.062497184282879,-0.381764804881092,0.09475817284835177,0.9004082136461179,-1.2113984454146705,-0.9832681201237111,-1.1502562759944521,0.14737942703250337,0.34439295541591425,1.6589739987311547,-0.9145421949307447,0.12715127092393455,-0.5802513911377526,0.2258396605659197,-0.8558806447886398
2.051159673182284,-2.4880581861817297,1.8478261956150583,-0.7658351304868497,1.3238632805851431,-0.22165894881128415,0.8740403705419436,1.7341267175307453,1.0481077477282825,-0.13865489301050918,-0.11619445484723186,0.8893356313805083,0.25190483949196096,-1.4120787599786837,0.46048082233180815,-0.6774394387041063,0.7557656029916555,-0.12733350485212344,0.6437911047824476,-0.3712531441576472,-0.31758388956215927,0.2173473375721291,0.09574495932541663,0.18881129339091743
-2.497497011568494,1.8444734205425712,-1.4404247413427484,0.9135264396055756,0.8201141831170546,-0.958302173580732,-1.1968755975265408,0.42487809532501086,0.20256382269147644,-0.36676566515439707,1.2100488818742912,-0.6433612235275602,-0.11378674093472876,1.5892684581252703,1.7264953154669676,-1.7501202072183253,-0.10791268508950985,-1.0340380559082079,-0.015202975434511958,0.185009938362294,0.1614498071610913,0.3320350441194388,-0.8005110459244434,-0.5994678491840741
