nilai_ipk_ips_sks_semester_minat_lomba_tinggi,perjalanan_kampus_lama,pendidikan_ortu_rendah,nilai_matkul_bahasa_inggris_matematika_rendah,sering_akses_sosial_media_sedikit_waktu_belajar,penghasilan_ortu_rendah_memiliki_beasiswa,jumlah_saudara_banyak,total_matkul_mengulang_banyak,meluangkan_waktu_belajar,matkul_semester_1_matematika_tinggi_binggris_rendah,sedikit_bermain_game_pendidikan_ayah_tinggi,preferensi_belajar_luring_genre_permainan_teka-teki_petualangan,penghasilan_orang_tua_tinggi,latar_belakang_sma_swasta,latar_belakang_sma_negeri,pendidikan_ibu_tinggi,jalur_pendaftaran_kampus_seleksi_rapot_organuisasi_himpunan_mahasiswa,sosial_media_twitter_tiktok_gaya_belajar_visual,gaya_belajar_aural_preferensi_belajar_daring
-4.727049353197959,0.9020472350039678,-1.6256858807903694,0.23553819785212415,-1.0211695353994297,-0.7185626261688641,-0.3901238134875916,2.103257956374623,-0.7559365046738766,-0.6373348499509764,-0.9878860396454425,-0.17967869521161997,0.3471102554287885,0.331136469306663,0.774277159181497,-1.3470697877967384,0.19951330942559276,0.5703101534731243,0.45252798842973685
-4.674123961576575,0.9535913669247692,0.5197948545950142,1.0156977264884,-1.0143078262179048,0.47322140310157923,-0.5688899901970922,-0.8346412694277124,-0.2263216492966409,-0.37204336007866107,-0.3232832065382461,-0.4540430713923118,-0.18181039106485491,-0.6035279306514857,-0.22609206214662123,-0.5676618583351669,-0.5479211745665765,-0.41492816442810776,-0.9298248552027475
-4.59585607483444,0.29780323133221637,-1.9151010196034082,-1.3294069960750725,-0.9729493613171976,1.5497284297352154,0.047141604414690855,-1.3120499529781915,-0.4842492984138983,0.42149528300980194,-0.6994062011488473,-0.6589115020143291,-0.2860118591509628,-0.18725987056763416,-0.3857241343546667,-0.05736656885918999,0.5408809078156364,0.08819052503350756,0.1740429572261969
-4.458141115635333,1.044846702360099,-2.4586814049406307,-1.5730187620087344,0.7950069076724188,1.0763405488023612,0.06692794731504531,1.3449707488625253,0.16156297770045916,-1.2419491664718487,0.38661404101730046,-0.2730029012823554,0.5198807907734523,-1.1690623116594774,0.14988535143895662,0.13419226949625965,-0.6563039565440941,0.3931001204601788,0.8955423857652093
-4.5345159709237395,0.9501931585681577,-0.3956488779882705,2.5856851920579245,0.07840243069846878,-0.08561948173404993,0.1682451484735544,-0.2579852591404068,0.2578924984004763,-0.3524456558397987,-1.2590307240518426,1.0498472293790697,-0.2181510056518037,0.6336832965267211,-1.4536593368152768,0.6239510617847941,0.15746163371635055,0.3047176508653514,-0.6392299912304551
-4.556581247689762,1.3914668440778128,-2.1458138543070833,0.15241788976770573,-0.21675720933436213,1.3794651759482486,-0.3956438733645068,1.2345488054995177,-0.21830874652451462,1.2236724816749638,1.5903589716718909,-0.17509123441666435,-0.3601139707120782,0.5702272592073058,-0.3751547366108115,-0.5057146146779558,0.15504240462186925,-0.020865949258791504,0.5077622446295575
-4.566376835924429,0.2685660929406749,-0.9275332815763853,-1.6115330754189168,-1.2731719890463673,-0.3684193791777317,1.4956085486570085,-0.29400132315424543,-0.19999533742806613,0.19293974543979864,-0.7246661655634592,-0.19118403212342355,-0.03976839414898766,0.47603559884688723,-0.6485957982631196,-0.39262105312945034,0.31498740975333694,-0.16294278979090493,0.23378211315478564
-4.3999282085170375,1.0189691251289303,-1.897230484606335,0.29411832802580024,-0.5553900369882059,-0.8274814825025217,0.7821359526188957,-0.8496022462090435,1.288344202157986,0.06436726862415255,-0.7387806926521043,1.0461950371653899,-0.085680686429081,1.7747761870934837,0.3881670277722658,-1.2318176565856152,0.08287607214057426,-1.4510364716409976,0.12852481789960762
-4.555261959230625,1.1400383028431127,0.09149245091345787,-2.530270426846099,-0.7807237265087,-0.6799294444983365,-0.2903245198357086,0.027828695325215095,0.3727643999059409,0.6772885519703201,-0.8857094201427884,-0.18834439342215661,0.026502956800160512,0.2152172823424539,1.1875392099647315,0.09619358957460675,-0.35890050330738155,0.6474735606421462,-0.2864924905716592
-4.320991901147958,0.5771135040561544,-0.654103556827369,1.919832607734838,1.385095265740813,1.650483636477937,-0.3600074919997235,1.9806321545382717,-1.2947452253553435,0.35696476330698934,-1.975085559676699,0.13145540635707462,-0.4099659738130755,-0.9517492844814953,-0.10016444564428809,-0.31789436652429587,-0.24987740451575105,-0.13873369553310275,-0.11388484687191548
-4.218183664827942,0.4588564043333157,0.11541493565118807,1.0770088186229962,-0.2506405570320862,-0.4078703190358242,-0.18921221824903395,-0.5069121569740578,0.34448999090927895,0.6031133298307425,1.1270027485265763,0.40905622844979705,0.019045275634757646,0.4847075621505352,-0.5497548599011606,0.3918077025902415,-1.3125674462450991,0.9092875434320289,0.7467503171086131
-3.866171454683185,2.1141280586087654,1.3610759004032125,1.2249608525019833,-0.7633293232026025,-1.3840447059501104,0.8185566960147022,-0.8341234999582953,-0.7863283456994979,-1.2930971221047656,-1.2205576637107163,0.6119819383937766,1.0214081485554707,1.6735764163908717,0.48697618184022606,-1.1894662617856249,-0.8716709231053863,0.7759070726299343,0.6119983426936494
-4.039442879239046,1.9002936386151799,-0.03378799073180431,0.39592764180909484,-1.286045673774442,0.8404399390635735,1.280543668741718,1.7110290712064782,-0.7521428658669826,1.1799758490346515,0.24713410867303676,-0.5246388094435831,0.4028276854475199,-0.32766232850401916,0.1494453106013165,0.0843569367406657,-0.8572354668473551,-0.2648748923732086,-0.372205138765039
-4.421886411381625,-0.5814162814891246,0.1714849571930958,1.0487800386301762,0.15643937550441764,-1.3069623157509376,-2.1466284426259654,0.2672110922739548,-0.3612107930668596,-0.39135056212151603,0.15577925959146421,-0.24891099851255105,-0.13132539178803243,-0.38282428664722257,0.7008761965667448,-0.9033131609977114,-0.2556875241088365,-0.8196060319263403,-0.25579447676341355
-4.353367087164019,-1.2941603901974952,-0.027603327374727014,-0.400829289983526,-1.219528175494471,-0.6996991993925983,0.7434954961841292,-0.6486674226003963,-0.5797638615285812,-1.1251560978089923,0.053859934216445006,0.6766118766017019,-1.2220724555858522,0.6971347798555896,-0.03705308958283795,-0.28876575717954506,0.7827707952865252,-1.2498552425122957,0.4952924775323454
-4.251829796533457,-0.6146600404081245,2.982490440228628,-0.7677544634865372,-0.7586823850319853,0.9305427469414355,1.7156857341456142,0.5470255673025091,0.5678470300243449,0.29337889535865586,-0.4536825373954388,0.7550567665304826,1.4850166373073936,-0.6005056575106376,0.05064401932561492,0.6602648691303831,-0.2780128979828867,0.4573800862548458,-0.4055971514458329
-3.7933486530405376,1.535584850760132,0.9830268921976569,-2.5631234501129185,-0.08098248340198565,-0.40228624878050445,-1.206368436640682,-0.4199843732638786,-1.561213250110362,-0.5662825490639805,-0.19874147874869855,0.7026297693161638,-0.07493021343321858,-0.3518143070665615,-0.024053252132275365,0.8337238559665697,-0.18080624583787805,0.11353625228641145,0.5857515240357234
-3.879652755265092,1.0376958472868776,-1.201000635894301,-1.0156949596883345,-0.20704478548887853,0.32849335582955075,-0.17792319891239555,-0.4787922206452089,-0.046603696103981435,1.631572942757758,-1.1548880887677215,-1.2484361439654463,0.45693838307460694,-0.14476734347780904,0.47772202469812236,-0.19185469531261884,0.40817861411983014,0.8734656493491196,-0.06892921663886813
-4.01409806398575,-0.11723721043112778,0.7490779073942158,0.7175475953620797,0.0833024391466738,-1.2499031016890425,0.5939258778988844,0.02545212796613711,0.3342019297831147,-0.5834593130051298,0.08046604108869863,-0.08401777965300379,-0.3746895426094593,0.8534372372427196,-0.07247763006369605,0.9197095454569926,-0.148733872799181,-0.19895700132193958,-0.9467930936204794
-3.917602004360172,-2.194390055283201,-0.5138427864215117,0.2996960094033447,0.2874368703087907,2.675976511857522,-1.2062985246200695,1.8262151610725252,-0.5020843062579639,-0.5395496750225192,0.5817238759734863,1.134481571711574,0.160221110117064,0.5547454829600249,0.32697693614303863,0.5394880788155247,0.822560569304905,-0.11060176101434217,0.39947731585529084
-3.646004179798346,-0.08394717477124304,-0.26601037941281713,2.5897612852563046,-1.9286177770840267,0.10244026170454515,-0.9721231262399773,-1.1339601521725982,-0.8454062681260055,-0.8929592488329107,0.25881805632721755,0.01274158857749588,0.3661380461441252,-0.22317801633871212,-0.27631084435552633,-1.1834917373640306,-0.45823311816017487,0.39119521918064354,-0.7130467146368296
-3.8642060521584294,-1.5831390288536946,-1.3897175353624123,0.8734316804479926,2.2610066803692703,0.21764189570808468,-0.04721041492455024,-0.3060661761157503,0.03074541675003302,0.7507814973467585,0.8027845635870298,-0.08090087024811203,-0.33727237599053483,0.07790685635523494,-0.8746440919191042,0.2964947279907668,0.4187409155004503,-0.35204497006341157,0.3576813514418762
-3.807194997007446,-0.1959131933516426,-0.7133385340191217,-1.8363230334723069,0.02211467220653498,-0.4049740594536141,0.22013635875224064,-0.2572090412542214,0.2936928746874618,0.14883471085302857,1.755864895139122,0.20494300330349804,-0.0071771034653391064,-0.5087951398804749,0.22858027834945033,-0.49118091120154805,-0.12476936116695889,-0.17217003125165248,0.6009267349569257
-3.2083728736236448,1.748058688179052,1.2037857995728816,0.28512197917486515,0.16011493849143846,-0.13873332335486008,-0.9076702310034321,-0.9107100390511337,-0.6222589654803397,-1.1808278616681915,1.4522027802217379,-0.04572844661324181,0.5966376936036041,0.09319345178469236,-0.46262434950053466,-0.16245962490509067,0.27240537400993625,1.5958220509438341,-0.5462103147727868
-3.7561797573601168,-0.759939267041973,0.7122585156197666,-0.0877960228670791,-0.44659808088310793,-0.9351088394359035,0.7474213373352386,0.12510493828043348,-0.9011268725605633,-0.5352471492721926,-0.4566630652707385,-0.004229468943404777,-0.15974559120412674,-0.9058979250714037,-0.6399783071039292,0.02237119621535944,-0.1662457002057888,-0.6207391884223958,-0.2919049923804459
-3.632761823526574,-2.0670299188381227,-0.9322615556042947,0.4048145120760695,0.8769231538193698,0.2799934947479823,-1.178449371203165,-0.295892365069754,-0.8131619498920625,-0.3738129221662471,0.4414770202622918,0.4391330776243639,-1.0810743976701018,-0.49104542277299124,-0.6039452216213953,0.6629636482745426,0.1925423778549402,0.49569941553106295,-0.16972830707375963
-3.5331454340013964,-0.5381129760669562,0.3745393951554889,-3.14696363017885,0.19843012875771115,0.1405921444121343,-0.015167878812097118,1.278182413044405,1.8624123076792716,0.856750326621766,0.43792047971923087,0.9567463863629836,1.1195381560096407,0.8907650058261184,-0.34852437853407514,-0.058931040241657025,0.6244298234237766,0.0937345856084325,-0.2866342279281835
-3.3627008389869655,-1.0064562499104162,-0.07278187630077937,1.2176755732877098,1.5715620189640984,-0.9090676818264108,0.2793257636013143,0.33537921259726866,-0.03478244963685656,1.0267316891076093,-0.44875352678328906,-1.125136584790676,0.29049854669702685,0.21773808828090124,-0.3164048369993867,0.30612358522297456,0.6374163189854832,0.5922097129280649,0.6075858043334326
-3.108513186029878,-0.28581250187894,-0.8022427002627982,-2.1875540551504353,0.9880311649498167,0.02406636033402313,0.9779407337555089,0.10021306505923479,0.17382746445438033,0.25695160562298336,-1.164621213359729,0.5666076121437514,0.21555573944184536,-0.6382365623950086,-0.12732457550157233,0.07919904171612546,-1.0479397951971,0.47096563041810685,-0.36206708901273554
-2.8359257074394724,-2.5731081662668935,0.8838546494654296,-0.8178679891560426,0.5046975588432939,0.46313071053690796,-1.402298633083323,1.1829216524900328,0.31915600856057713,0.2804919941651698,-0.05642822388254872,-0.24507334772691114,1.2878832147700454,0.48206912511964134,0.05900132301317659,1.3751003473287071,0.689554454334782,0.11143164696975509,-0.26549506092747543
-2.681732196704791,-0.8645394226558516,0.18960190777651897,0.12283630886158872,0.3977087773608165,0.27045702940075045,1.6508532036868153,-0.9314424604998306,-0.14099527262298361,-0.7838971283662756,-0.3297507265030573,-1.5597754729000606,-1.1033920530179644,0.030263135437627823,-0.014011071307459677,-0.29036530481430484,-0.16759079303023236,-0.5170432820763385,0.2706590847716559
-2.0284140543982963,1.051641794237034,1.0550609535802196,-2.8915754794450748,1.5618424088967024,0.7331762352535343,0.597957934544629,-0.7803724862244232,-0.8583210866171735,-0.9806234064944739,-0.4973281722864047,-0.185073352744398,-0.25708487050546697,-0.4602080706591257,-0.5320875429410842,-0.290062014088955,0.027728863262697304,-0.492058706008301,-0.9437999526352414
-2.217008360682653,0.8538937006197794,1.9528049178125628,-0.21976689383671627,-0.5496962282206259,-0.5354493088896383,-0.9589535931262406,-0.7554221555960926,-2.0976274718261396,-0.132818458331179,0.5264019109951971,-1.4500280993622128,0.09635288461739443,0.09138923151697131,0.39046860535479155,0.010052056811433856,0.9929615641438334,0.05747301274025566,0.41017554547932944
-1.8925275497123089,2.0187655199691203,0.28434102409922585,1.9482084148748686,0.7694821582518224,0.6571133433842019,1.2580589362338592,1.9709688842046011,0.37763682104523466,0.7478755206532002,-0.39786193402240816,0.07852542315806185,-0.29271176166700175,0.13794075379269155,-0.7665815297967131,-0.19145465706835801,0.09788246536522477,0.2737856176088516,-0.2294163634489697
-1.7462483307513814,-0.9863158840636913,3.7531803116360116,-0.36012235101361,-2.418348478981726,0.7458305591981155,-0.9972159874193786,0.7969722770182507,0.4543208904715394,0.22803396143030477,0.9816993294368356,-0.15838756387388433,-0.07730198348988311,0.30612592248530274,-0.3528957561962336,0.6141019581454398,-0.21124434360940228,0.7711411716558837,-0.2062143330815188
-1.5038854011287395,1.6850986515796231,0.6483712529164857,-0.5429385568917153,1.165911035102339,-0.9304836056266512,-0.7249386490958567,0.3023336255218548,1.4189591751069974,0.741774714796198,-0.6378307669301819,-0.3321191622246303,0.04513562427957922,-0.3056023931224448,1.9321808668474376,0.03560753192295176,-1.1792926940206536,0.3586369164348333,-0.03782082478264155
-0.973153721700028,3.647228637801659,0.5576960409476885,0.7455484404834866,1.2195203348427128,0.835573089697813,0.1284614474792035,1.1336500849418534,-0.5219936029902198,0.5865408595687781,0.3159709445558387,-0.7062453853879913,0.05386714604869689,0.3218348882431837,0.17602771506153214,-0.09260629332948137,0.5093408506359021,-1.0904063935274453,-0.29211462326733234
-1.5594235753931966,-0.43405932524390595,0.4969667446177624,1.4502197496231797,-0.32983741550335943,-0.42000656215695714,0.7844731708435202,0.1536941155283643,-0.43351555311251105,1.1504320843939961,-1.0984977175745263,-0.26718676981816875,-1.03512356779181,1.160221383434887,-0.673169754706431,-0.32814158737743027,-0.23825326657214238,0.7936567975111252,-0.41000285609059073
-0.9981466557024221,1.96725491011973,0.29641242914256566,-1.4154474248367395,0.6086239673450586,0.6654693998688687,1.40660378401048,-1.6343099020333582,-0.16132139574180873,-1.2721001856805818,0.5295524319118637,0.06470403433571179,-0.3685328743934445,1.0223792929112963,-0.001003312073108135,0.15093270340718287,-0.08817507479732035,-0.794694374596647,-0.4224093357986473
-1.5441046257006545,-0.6095840841344401,0.8770831511944583,-0.2889364763963675,-0.8043189825895248,-0.8204138754296966,1.4280476909958828,-0.1386943404374152,-0.6163887196562656,0.651331397934352,0.718463479469245,0.08093246384432072,0.08565976046305859,-0.925435394946539,0.15803447423994263,0.5187646498165442,0.18760878454150365,0.30832188003277317,-0.5883139480797098
-0.7640852982045622,2.705860034285624,0.4062000010102814,0.12271895462793321,1.812187754629853,0.9090998439428727,-0.44136852780960417,-2.0017467642316373,0.7948078655060081,-0.47740315213665147,0.9348848357951893,-0.24782338918292549,0.49908716755795063,0.397808476335081,1.207989916948637,0.1390180372919824,0.08878368323851935,-0.4792718235982872,-0.23790300228931902
-1.1853166723428137,0.584353562022829,3.144789463449582,0.5692255312751375,-2.022514110965462,0.3121756847566323,-0.7727761765676124,0.531106870324586,1.9524161495048542,-0.4948093895204871,0.6009924522823721,-0.09814840953648375,0.8821567240818096,0.9514024779212948,-0.013292675611711414,1.221178124818787,0.049670368785054646,-0.2881526228826659,-0.4674028331845177
-1.1240154741667725,-0.20386599473565434,-0.49018760499303404,0.47357577517465477,0.602453465048364,0.7004616680876101,1.8039838566101793,-1.6917570463822607,0.5587709035704367,-0.4586304209452854,0.6920279908471894,0.2625109341206906,0.2633478120012153,-0.6638675386847257,1.0752994431436975,1.5119467110131681,-0.05306457168375447,0.5135745945844257,-0.13610194475229745
-1.21235831652434,-1.8930524360651488,1.691586864878411,1.3654329326217778,1.6498855361454026,3.1622499628138985,-1.3844155003757703,-0.23826204566402975,1.0263648520699142,1.037879801189566,0.5067944528447678,-0.5544290656393189,-0.7698124691127599,0.5834154438565821,0.03360093206720253,-0.10229809522674371,0.11139818663355568,0.39789684649950324,-0.15193663886891848
-0.9241860161293259,-0.3527840927413339,0.36308815254383386,2.539029475381484,-1.468834445937889,-0.2314676031011357,-1.4462819949551942,-1.2051372404989313,0.1668814794269608,-1.767917818478845,-0.0076522436355906205,-0.8140081223886741,-1.2119582726868992,0.5204993621206859,0.36780650227447753,0.6052293460863297,0.4600888950935814,0.5496903496045322,-0.09689392883606167
-1.4008534977158333,-1.561453289686958,-0.25216553790771584,-0.7241207794537976,0.7859489904883994,-1.186586210561567,1.2273160790146156,0.10741418454338582,0.3669509242917149,-0.55517467825476,1.0958207260792154,0.1160506440951764,-1.1935306414481108,1.222111140860043,0.00405265809429364,0.46393663723790207,0.052413409505975804,-0.6786894977057688,-0.5526667806017794
-0.8925147030671008,1.1890998645984368,1.521472609503885,-0.4810128463971943,-2.753831072998907,-0.9928419796492062,-0.5372766874264812,-0.3328251777984299,0.046237176314046065,-0.7876105258448537,-0.15748108744572323,-1.6297237882155378,-0.754144011599382,-0.6814033792059863,-0.07577028291711391,0.2436051361073989,0.4455490458556217,-0.5263850601203474,0.08865918704719551
-0.6618279419591667,0.9374276280473576,-1.804260002308406,3.149814596139734,1.4831217561412104,0.3308520754841319,-0.28166310020908236,1.6503528604328968,0.5071204072508931,-0.3921559800392327,-0.09161182523549369,-0.7630196618001124,0.053464021844317255,0.5737972042877089,0.38779768974967044,0.1815257269098341,0.2600587513494073,-0.12281018119922946,-0.5899124298417909
-1.07169881188536,-1.7101671315204818,2.386770704241433,-0.8971801100504708,-0.25159014608590663,1.2855117258261437,1.9281745619761719,-0.24855344691194345,0.5157563025283356,-0.6906089676111453,-1.2588865028776746,0.5109913907011709,-0.0763496794177023,0.4133768743278588,0.9811003061501874,1.1187748638659019,0.9952063792908358,0.7675784931852778,0.763003440693648
-0.3622630938463683,2.37287802617473,0.13479898196199472,-0.6760255446787148,0.6414008958914613,2.809102840863498,0.47559065136299383,0.0901557372384428,-1.8359697166006395,0.1261799449485893,0.7487879379896445,0.2881637313554572,-1.2040390815259665,-0.24867846133362245,-0.2469929571837234,-0.39860893674722264,0.5399912796597109,-0.13426683302173137,0.18796647326504712
-0.6111776315647549,0.72159198140563,1.0882496768684295,0.06546705365845733,0.32251050927163366,-0.33256923655490284,-1.441838941883198,-0.5355200618211421,-1.6008818094406467,1.0535394880892046,1.06909471906459,-0.16361611730523126,-0.4567077892010885,1.3034433249866408,0.11883036003253765,0.7380799810423982,-1.0337699395612696,0.24849558865169585,0.24811903619211315
-1.0637909384461173,-1.9630324939956738,-0.12301276190604656,-0.41557054941409993,0.6634691057888517,-1.0127704409972849,-0.6103417435003993,0.25765498473438514,-0.8072488273025274,-0.10388710279223376,-1.0484920494774739,-1.4198601890786269,0.11797887964556943,-0.042808929986743655,1.211152713505133,1.0222041303505087,-0.42339309550968157,-0.06650523287493337,0.7332744987631132
-0.7068337739856307,0.9896237490705893,2.611331886830576,0.7882238339466112,0.7591748008752955,-0.7285789518078738,0.6740921587766213,-0.804010119275093,-1.6106422371466727,0.40054878810386196,-0.14657803947867964,0.8908306484097762,-0.7478498728178813,0.5408280768823412,0.7231431877802681,0.36122828409088314,0.3798086004812381,0.13948189673004954,0.7770954013321144
-0.22100486415522208,2.12851969140354,-0.7454013388658604,0.6701968874370053,-0.2860243197857787,-0.40289204429399894,0.3660530126893607,1.783947712117609,0.6406556685128699,-0.11227685492377837,0.8162580272442478,-0.777595699626338,0.5345057214856046,-0.25392179334998805,1.0879589645502925,-0.24804557021487722,-0.8316811194313307,0.34819807841532513,-0.02454468903690276
-0.5528027640721315,-0.5494297171310599,-0.54802733649715,1.4723617486799778,1.4319376468264198,-1.0484106669916202,-1.3477562939806562,0.07955815746059555,0.43363585927962894,-0.38338507697658314,-0.6948186276402999,-0.05833874636292834,0.4764045115368585,-1.0630058473100972,0.9540338957040183,0.4227711899911607,0.6979564614392247,-0.20214732652236034,-0.39600266139093004
-0.6180002259689072,-1.021883154209174,0.19628748562448495,0.07172560673411228,-1.9422483695208237,-0.8128716215772238,0.43248328520474666,-0.5265752189083427,-0.9794389936944472,0.4260954099554757,0.7276174402939309,0.4117706790880909,-0.05989770831581433,-0.625852155041641,0.38013226682292367,0.7473958873590681,0.3932731838803802,-0.27271018480676373,-0.7554685568119138
-0.6211418330656866,0.3895134561129505,-0.5104547566321352,-0.8788075037168808,1.2722456457528717,-0.21600349334526756,-0.3761094795692818,-0.3871731188967226,1.0356540110316619,1.358884803812683,0.616731244961335,0.5602675034005423,-0.6720389954910809,-0.5778641868201525,1.6732026276642178,0.029454603239610074,-0.1097924006096108,0.0025948326461875783,0.13946641247957467
-0.5513239626409776,-1.3710407384483538,-0.1216976386513583,0.39472766221058125,-0.050196826811489785,-0.34473373939029067,1.0105846499865045,-0.8639048810672508,0.08136094847509667,-0.36210373498634907,1.5174120576082544,0.5113899903242723,-0.8350685069500492,-0.45227045189857645,0.2802344574835323,-0.7995082035216224,0.25973361809138046,0.26613548024300243,0.21417562978893478
-0.5023693943735958,-0.8218136474804809,0.10626530582090954,0.7436405033586028,0.5140231674674138,-0.7701362672362114,0.45741286439179263,-0.6746415973895465,0.6189651190087799,-0.6523220880841246,0.3696526845305053,-0.1621286514939608,-0.8705634356522608,-0.3534516054647487,0.663490391755405,-0.7276585126279879,0.4086568828234481,0.5375528661430516,1.7496515817135367
-0.13891229103315209,1.142216113109107,-1.1945131904463313,-0.603995854215172,0.9513779726551085,-0.5661681970602215,-0.03651089455693238,-0.4028710437243281,2.1489501029809595,-0.6707217834077106,-0.8739466464356568,-0.1603167709855395,-0.32537819791167544,0.599469077522905,-0.2094026526529618,0.21897943274293746,0.6921851633559847,0.8180540299679461,1.0093226549074537
-0.3140423972436957,-0.6857367341173938,-1.8329577646318542,-0.17417725355922276,0.4152347261502727,0.017194170592557925,-0.6468615651533041,-0.45155697114761123,0.6620738523607931,0.4947837629473123,-0.3118667875339019,-0.6660363393884429,-0.257642106078985,0.3098343612674307,-0.39198057813243703,-0.16006652557572118,0.9430425803105049,0.7439128878133182,-0.24992262086133596
-0.33726928615250246,0.8391962280862084,-0.3798140307029985,-0.13607363232146327,-0.9709285992069587,-1.112464145852048,1.0277084166258352,-0.3389755619404265,0.6565241362834852,0.27182290476393167,-0.1616458245456528,0.42229675736238353,0.8008117705848999,0.047368128222241394,0.13340234229111442,0.8242881294156187,0.4387573639479293,-0.8152909112454402,-0.34479319425573446
-0.5860404104353607,-1.344587240510121,-0.4994022394383393,-1.1823062212863997,3.6607250913671727,-1.116566704788941,-0.8351000397183833,0.19898248467997148,-0.6516415669832321,-0.050296474061626,1.1328736094015792,-0.665644264629955,0.35084089915306643,1.468232489156509,0.5890470052102446,-0.30845949372682907,0.04848758265686371,-0.30374868472000577,-0.3530574398100212
0.1141987701229136,2.2610182734301176,0.5790183543870576,-0.7262365445342555,0.3253372032648159,-0.10363968505742528,-1.5856600581022302,-0.7378257773335812,-0.46951777215175877,-0.10271177808692722,-0.2815520030176713,-0.3918060749162314,0.5297644912478392,0.068209951956425,-0.3488246456061102,0.3888389046804117,-0.6060817645774107,-0.8951779700593621,0.4805571484022126
0.10841133126391818,-1.1349035677459671,-0.1858397833658117,1.5202564389352893,1.271875870243336,0.5938520688549961,1.819622442549206,-1.1418553580588588,0.04179199204939545,0.5485601110538836,0.3266545221423696,0.48272779237605906,0.007309417246297894,-1.3118062747769539,-0.1427593528849905,-0.2636853188944099,0.33808994515484836,0.5132048454864465,-0.3578251193213094
0.027010910774751054,-0.3767394271752975,-0.7576915395556402,-1.243010635056555,0.26071375029999927,-0.5388966674848709,1.3651016518253878,-0.08680996719614113,0.5050430373105795,0.08427750844381235,-0.33529754156725966,0.9875576599093607,-0.5877491874505123,-0.8823889047857809,-0.3377525753419566,-1.2653616312522402,-0.7431380869479113,0.22749021402345893,-0.09414323943200982
0.14750608295185497,-1.358413252781633,1.6961079983042118,-0.4269083511535365,-0.9603220329655279,2.3600786582379243,-0.6168331805269996,-0.3163803203069381,0.844914236507186,-0.3329636068859695,0.9446974188482417,0.11130061062069967,-0.005291348809222261,-0.5663274032367456,-0.6297393338085665,-0.957363799264269,-1.7648414936467518,0.27928734431237323,1.3450431315048572
-0.2981074844850266,-3.033676690951116,0.7692269980933455,-0.5461830114974883,-0.11320692650279776,-0.1600497740651789,-0.634243265675938,0.9250172192522593,0.8220244000397666,-0.3466848464802573,1.4885765990256452,0.14296601034497422,0.49768706250821854,1.1249436236494166,-0.13909416127362673,-0.9702318064320306,-0.20208687667316658,-0.3399850667921773,-0.2539652551871293
0.25650002706856134,-0.3956068374956569,0.4050696804100923,-0.5022117587640929,-0.14980435017271143,-1.1098899730802994,-0.606668655480043,-0.1535339490739008,-1.858557509793187,0.8619973553100132,0.016323670330632277,1.9112959336525408,-0.031588888323958966,1.3865655428312957,-0.2893411009618161,0.2988439363578157,0.25595620372789935,0.5042550389133932,-0.2545133947919568
0.6125355599940234,2.6098261047152285,0.0024683514168325218,-0.28757092301403997,0.20429160363225382,-0.821847706913831,-0.2894808572081349,-0.6075074674325522,0.10995133281642581,0.05970924543460712,0.3678330389221867,0.024564674490037693,1.9318710161007777,0.07454490732456513,-0.2649878408773251,-1.0824428901564243,-0.04807082283752005,0.07902034023775223,-0.8803441774287777
0.6801802219405637,1.6598496107155665,-1.4730865497852321,1.1194573232738865,-2.0242146034215693,0.5569985901977204,-1.755612233512775,1.414151849008234,-0.08002433534634575,-0.8740892298936832,0.3403702292619133,0.5970012568646703,-0.49903202607330716,-0.15803223743918823,-1.0504698320947592,0.7261497936224236,0.018750968177588666,-0.19064984166471152,0.5450715914868903
0.3864434888864826,0.11587412117572485,-1.0396511930681318,0.6737055537664853,1.750574829302317,0.43837241761733253,-0.45716076914641796,-0.3571890458618105,1.4646866755079269,-0.5264328201022367,-0.847164322205925,-0.27497162390203145,-0.21150305034664973,-0.38692642772820257,-1.2401183877537216,0.22113920189986594,-0.20714855127773915,-0.1974688279563492,-0.5162534111664364
0.10417484567425311,-0.18601749680832252,-1.2598930227818361,-1.1140180356261626,2.080421681513099,0.02574071015524288,1.124289484363765,2.568078048021306,0.7363548774934533,-1.3057458078141224,-0.06265046900758936,-1.796817807595525,-0.18623521566768603,-0.2572012952938463,-0.5620696492158477,-0.03940458797523653,0.14497601219016523,0.1228711877025154,-0.3185399038861285
0.5072996686715547,0.276710044087562,-2.048571986220999,1.9076936049120217,-1.5446294165641978,-0.299994458794318,0.17310872833558402,-1.3745139903345824,0.8516107148092641,0.5760112752255028,0.25571979671086564,0.5722032154746975,0.5621130890873072,0.2915482072283453,-0.6018075901791566,-1.045512658262814,0.31437634580450835,-0.6334344914783238,1.2599660082028565
0.10253739685333617,-1.0413275671512177,0.5007969566119544,1.462697198991695,0.3801393572244032,-0.6469912491428536,-0.9256757600425961,0.13621494646440938,-0.21774196650086344,0.7567660647888429,-0.08785549786533675,0.9321628383956916,-0.7090439205047332,-0.9448231202792212,-0.579399713679858,-0.19995200978208047,0.3382638396236478,0.8064402448899332,-0.2664977654940225
0.1314247060141328,-1.6719933909258422,-1.4979784084191177,0.48657004187096,0.6755490746871418,-0.7801316900823015,0.5985593196579816,-0.5591430731068051,-0.05750889519642689,-0.09141188449699932,0.2653414293784904,1.1348784593714063,0.5928552735379097,-0.9217820787683833,0.264386903537412,0.2263179440459733,-0.23387433005359118,0.6844097391388326,0.5446726130215241
0.002179358679278248,-1.5025635023943842,1.4789208294703697,0.2110485286087218,-0.5549316571510825,0.4376055962870724,-0.8694555227950876,0.8531180879536137,0.5995515683216308,1.945963185891795,-0.2184475769611494,0.9122058483581605,0.9545041250606092,-0.1688680020991083,0.1498757478378123,-0.7883072863438019,0.44059227329992806,-1.199484597352397,0.013900406644723638
0.34820388510541783,0.9634419408691256,-0.6046464054679074,1.6754621910914178,-0.36702469386236175,-0.994347283757121,0.8927093700852798,1.6728076159302108,0.5165103441676085,-0.6307066534526253,1.1976912541292255,0.3405360533020669,1.0635946025495113,-0.9419715193837025,0.2838288578818582,-0.2200762257925244,0.7683741617346577,-0.41531737970417276,0.1930794689575685
0.24523055110578787,0.06489910425289416,-0.7595261650115624,0.29890238665503516,-0.040494080234625,-0.9991696981657098,1.0539109540237284,-0.5611754626965942,1.1955346793140644,-0.10111629108777768,0.40079326412161875,1.6824792215433304,0.40351684602428384,-0.757993540710385,0.2375203312114954,-0.7990718536474787,0.26383038027877076,0.3904477863855451,-0.17476830016145037
0.3503190909601955,-0.1877506033228954,1.6123439914096145,-0.21455985448876722,0.9858073817516698,-1.5311994484822757,-0.5202060315066834,-0.17700804950867088,-1.115805559302387,-1.5439774491402114,0.6057659633658093,0.6140093086896273,0.9275917068465328,-0.7867394191268746,-0.11754055657876186,-0.44957553450069904,0.09314234263326397,0.326317964744214,0.4584368340764738
-0.1696605419058179,-3.034479950072102,1.281212257310234,-0.4643639478982816,-1.218403445687013,-0.29556325648078324,-1.5852562843288829,1.1306367579148748,-0.3074570467268103,0.17166638652910013,0.3446407510765048,0.5451292322593182,1.0570707192539937,-0.46381142489663946,0.02372267060932887,-1.2217847281308847,0.5623772581651834,-0.40747372166530677,-0.013684651309507393
-0.07551045543268305,-0.4932822837073129,2.0542484135923247,1.1253431068301973,0.902858464003726,-1.8332713166605694,0.4601381713225189,0.769147639812416,0.49282659247966715,0.9303662529255973,-0.26604037121904534,-1.3793100471065876,-0.7052864057272842,-0.29174473522035255,-0.5708895895454054,0.033539803493943456,1.103876415107237,-0.18267353737070974,0.26466936956507137
0.1209328056199542,-0.8243085148163404,0.32394972452702764,-0.8068544994219148,-1.3588246976832652,-0.9566588584416252,-0.09317211408597835,-0.10191721889720491,-0.5282504641741372,-0.15428000061590236,-0.5505888910619228,-1.2872028972117986,-0.3476443389399476,-0.7050031766270674,-0.5793610789782148,-0.11244998480291503,-0.14959444739390002,-0.7780089672126247,0.8174732352709595
0.5007061984261262,0.09596517961779932,-2.3487753085841314,-1.9251792622483008,-0.6076788768808999,0.2204200937820054,-0.34879466965118,-0.883551000534773,0.8011185579063257,-0.5271719505602596,-1.1413273392837597,0.5282518477760432,0.5424950951074359,-0.6387122024746306,0.1549675686290822,-0.0005375414888490885,0.6600254852099893,0.6645767690210042,-0.29340514117425553
0.4207109759870125,1.098575918626428,-0.6972410400512853,0.18774879039804085,1.0944187217912682,-0.56517768098931,0.11741016736651277,-0.18599572202362252,2.0251060618668104,-0.07457072981370633,-0.34095001825182436,0.8788124269926039,0.45121623034189695,-0.570774547260272,-0.11956911772282709,-0.7956584188849333,-0.6129104022020296,-0.8888689021545748,-0.1649875054224809
0.06916592663567539,-2.4258835014685687,-0.7897727415014895,-0.05065008511563453,0.7691069816715156,-0.2630581781122965,-1.53469946043118,-0.3977771352805259,-0.2791288899089862,-1.6048529373851552,0.5240797555070207,-0.3764836398086921,-0.24664584905806786,-1.4632172021326058,0.03386811008898214,0.007107709365751977,0.18487132951497168,-0.9254912479535877,-0.20371670216041765
0.3574701781540829,0.21446406041901928,-1.1221472147234903,-1.099831585735601,-0.2660950004233539,-0.7281506377521,-2.668515982076638,-0.0009877562075125358,1.213524674879917,-0.19355894506738439,1.1705312931853997,0.7247961867334781,-0.6763725113385867,-0.3681604948946373,-0.1532237867080252,-0.07053934406050828,-0.8392096720977953,0.5862518745404681,0.3619559009539543
0.4565276769783062,1.3715776653900127,0.5944680309334515,-0.24967317530675456,0.04300553662547996,-0.4073554118235062,-0.9376407264384443,-0.40805120268439826,1.1616771066955507,0.99834614437191,0.4119641457169337,0.1714177356065716,-0.38247761891196785,-1.3241035352204082,0.21346491419587685,0.4171403825045015,0.19019367720802044,-0.35335050795611084,0.635992052645325
0.30925743657966653,-0.04969801751412868,-1.6344322993407456,-1.6920844772754497,0.39441600149874645,-0.03828337834802705,0.03484433591495546,-0.747743350692057,0.8159296702403449,0.5001711973573818,0.09404522696968196,0.5623881288181084,0.0755843366195924,-0.6833040838364335,0.44395952885267204,1.0629130157777813,0.5526523630237954,-0.5434601254989722,-0.1554650071007288
0.37902036052567484,-0.8220896231974231,0.3795369080663122,0.8277574890331008,-0.76711499295516,-1.5804920023704552,-0.559829364991565,-0.11825092498742938,0.23887240765565385,-1.9566978369423862,0.16394544970406882,0.3730527787511517,0.294712869194249,-1.1677583895949892,-0.0751541195957011,0.4283635555897378,0.2491771902329911,-0.42689807594233425,-0.19524888914980268
0.39955719857038924,-0.6432664632830106,3.135535699387951,0.06201431347172247,-0.38893694497156445,1.536040455423652,0.40399055005760964,0.5308904858820819,0.6185533318512811,0.9854238228233886,-0.7217207044119649,-0.2416367404572973,0.2885920607205694,-1.2007858382628058,-0.8248281178786855,-0.2578669607878677,0.051066930045956735,-0.6380764598688277,-0.22194284942859388
0.5883506316943942,0.45743576864484065,2.003899464252591,-0.26157203967264847,1.7825495142543373,-1.138798019594777,1.30888083774782,0.3601133788664805,-1.221431512689783,-0.32292199123201115,-0.46305838647323955,0.014616813893631588,0.7169349196844226,-0.24364539306353042,-1.5693998562464724,-0.307069645101286,-0.9770406125771485,-0.23640314709983065,0.778845075884239
0.6009013359914014,0.8103442859299793,-0.3228350611063268,-0.6920316714171727,-1.4002109569244323,-0.6194302082588672,-1.020489397270058,-0.12697538165605007,0.8729305165905069,-0.799254508978001,0.3753494876229265,-0.3275958034173266,0.14486164839919477,-0.5187353362767725,-1.356525960758305,0.9209732162111945,0.12824472622231287,-0.47404541154403157,-0.7761508409291886
0.9874126319196981,-1.233778338110181,-0.3150837468565258,-0.5032689375312533,1.1695604058344562,-0.009706246426838436,1.7221954619946773,-1.10154739726136,-2.0923581528397777,-0.5477143200476994,0.3295209163037599,-0.367451823912676,0.6128009069763062,0.20636287281019902,-1.1722742603384122,0.20610296774833228,0.3580714157928153,-0.6063305726089452,-0.16911407724592398
1.3023575090336574,0.2322216145250103,0.4589837475024824,2.3193801475412332,1.5676263043055059,0.1964178003803275,1.4790958602876092,-0.6074777723110899,0.5836992292882742,0.5706881902827854,-1.3191067431658112,-0.8660085185366095,0.435721158103116,-0.9546067061088087,-0.7673836924237035,0.7211721562949802,-0.6887751506482122,-0.21731849286554794,0.31601273719702944
0.9629059135303317,-1.653499895846854,-0.8646607579139004,1.0001175577852692,1.0245286413573556,-0.4130279171611004,0.46787707412479307,-0.3335703453542232,0.3928718698801487,1.304741604416965,1.0296864235444865,0.6288762110511751,-0.5909074721072455,0.6495280145509987,-0.6562947653784256,-0.6206587505520396,0.015703218688957642,-0.15425849509923906,-0.09912401598485647
1.2360304579421468,-2.840665409639401,-0.030854551710656618,-0.32368848392006266,-0.8531703111533983,2.241104370246294,-0.9135478128121701,-0.4671494324516657,0.32422559466799766,-1.8211137608511534,-1.6092515025298775,-0.062125258814050975,0.7215094094174175,0.18782900562148827,-0.14686737179859502,-0.6052562068157268,0.2602874655478056,0.11537250654959776,-0.08706997368730575
1.445321097535869,1.511288255111067,1.5857013009799383,-0.9801032057403175,0.9406890230563668,0.7888206306814611,-0.6836198594253455,-0.9243233688616925,-1.0917472602685516,1.543837951833968,0.056614836206681875,0.10580017844553756,-0.49567250622563563,-0.9640372772206494,0.24941377260839478,0.18751651038292388,-0.17826887883114073,0.23550032589390993,-0.3006919597480976
1.7850632266863162,1.2766332231642445,0.40536986716089307,-0.4524381094036563,0.24790895329032908,-0.12087609723356638,-1.8910903966195074,0.4108441513733453,1.01674759242409,0.6710042511496169,-1.6786047382024847,0.19572870449779575,-1.6101507036819787,-0.12653476127660937,-0.885487116647558,1.056060087903306,-1.2233543071722277,-0.2331010442558338,0.06738452980222397
2.2130582054313046,1.9459689598079075,-1.8309035513495031,-0.05296226979670325,0.11848261789527413,1.124396273078291,0.5231819194140702,0.41593964734742167,-1.3744607044280066,0.6038039179196196,-0.9957766144932513,0.3279270010133605,0.8668094653249001,0.9318860575764293,0.4519922993198924,0.10590511041452293,1.8405510633344,-0.11365514431802937,0.0906993562768228
1.5811045672451205,-1.6032968493184308,-1.2085104973667737,2.4802726610353854,-0.48091569879155704,-0.4239952076149171,0.0013177852984515598,-0.8884714805968579,-1.1092725451718868,2.0081198059879246,0.13904952360487602,0.47533736836435997,0.8818569279389207,0.37058642105860484,0.827185650602317,0.7439548112295883,-0.6670201491189942,-0.2244702776724924,-0.10825055543452479
1.8982181313155526,0.849882039541494,0.5808220188611297,1.1985351444749093,-0.6352504424246105,0.37430639359518064,2.1051287322740273,1.1425411297866797,-0.17881260882669514,0.11350505423259412,0.44163168116690166,0.3267189778278617,-0.7339640464746686,-0.6132015431531015,0.8908944545369775,0.6843760290331045,0.21045555241431976,0.3450535650572752,-0.6012393736194367
2.21969087773719,0.9819103309306663,-1.3359725693335096,1.3583843751675904,-1.9936287138778805,1.7837964910122885,0.30375197387048297,-2.5020483465901746,0.4675596647076747,0.280818275396242,0.6786030823292923,0.5051220321429569,-0.2756949286033815,0.018037517542117132,0.16645156667456026,-0.00044876622409171086,-0.1372204235917082,-0.20600334009125157,-1.1382232021339902
1.7178807703563779,-2.040018244342716,-1.5988178523574,-0.06499100603282439,0.5791941234440593,-0.4055441111061107,-0.3445492815822729,0.08060119787115126,-0.10296848651443737,-0.6204083708877468,-0.4319556427862073,-0.6441828419739498,0.35756415304294886,0.5432385449648284,-0.42994397111043753,-0.3200756350131546,-1.424718155887375,0.7830882858925398,-1.394992983831939
1.851512108196322,-0.18960368304017025,-0.976326162482382,-0.4911061364797449,-0.7227441015934768,1.7600305199203932,0.25275071578487823,-1.80267853883923,-0.289348940204978,0.5616769092882138,-0.3634799998441961,-1.3847059954095056,-1.417336478663569,-0.5648309308049458,0.6507052860831134,0.08412528506192918,-0.2343602670206119,0.5882563827612505,-0.007747441173881962
1.868519168387729,-1.7056319518854373,2.495916779060975,0.9991195372842954,-0.9145873162976021,1.4736455171145912,-0.3319792062830637,-0.29140157972479935,0.404172069881883,0.3639893350464794,-1.5981072481753136,0.6048498372136086,-0.6588456148236583,1.072684729965062,1.6417060637369376,0.16247288101618337,-0.5187471185163739,-0.14044243025574246,0.5836238636009481
2.874302874247638,0.6939352289503788,1.675875711193546,-1.5795580068914292,1.1458496907409754,3.0984789795212526,-0.5337055574009807,-0.9831778212367789,1.0107502272781939,-0.9875802971406575,-1.9419744465567652,0.44125088838256427,0.8652555527379407,0.67402591949921,-0.22988472337699292,-0.16094739606745118,0.2550662811858642,-0.7294066920780075,-0.045167979683215294
2.730381643518551,-0.030431270367397255,-2.735971842534967,1.4340981097354493,0.1674809759056283,0.6773332638735033,-0.18861379159257932,1.3174646632521072,0.3646040024591128,-0.6361808233975115,0.49828845986570913,-0.12080022721998443,0.34624717383679027,0.7801379865087207,0.09605117880424575,0.5492304624269471,-0.9407010892729599,0.18715638193713363,-0.026551760895983153
2.0112813542092387,-2.3531245525111246,-0.19216625719048924,-0.6275263316459647,0.7991805143408729,-1.5879026876513525,1.1174167350685429,0.2690543238511324,0.3073250032974466,0.08021150931566076,0.9862945898618323,-0.858379091233097,-0.5727309350048545,0.5489524024912134,-0.5663864883002805,0.1753760725874477,0.403790546219804,0.08600082266900838,0.9044969276932016
2.9121183027221638,1.7925032543928545,0.07964486771197052,-0.9398549207382548,0.0968742452208925,1.07312581140478,-0.7539291649895137,-1.7327860615318298,-0.32465140869583015,0.11534165424794553,0.05998311598927953,0.5626384211197517,-0.4888732520447604,0.3635076261810511,-0.1829295806155012,-0.10119472663254611,-0.7127104868346409,-0.8372422187206877,0.831601957501905
2.178139631324582,-3.1635780947534387,1.0044028797049396,-0.12487422497612685,0.5919894673094601,1.0692963372335829,0.43295113589429873,0.20221131293706576,0.4845806972906534,0.5269536380149872,0.17687352413600138,0.32879934738492644,0.7452688631948561,-0.07620938392341028,0.3281203258273392,0.2191287794762209,-0.536010334736142,-0.9406113021468088,0.7493512897639295
2.3451443220440167,-3.484570292629729,0.39891523186836997,0.5389212588705168,-1.4865302456956422,2.343348786105502,1.786618765115712,-1.0628404316446598,-0.46527100156881457,0.06316903936971194,0.3766310709595738,-1.33274360010557,1.094771239907098,0.976123543596211,0.027571905982989062,-0.6219252512129485,-0.5806040924136877,0.501606366965991,-0.051707680395375856
2.6758062240393428,0.895178427546843,-1.5319997498044615,-0.9680162260090387,-1.004964882153104,-0.725555158942926,0.7602815138978355,-0.4863756511828075,1.9052430891097103,-0.1607564104172172,-0.054424990012893776,0.14839283791425018,-0.08537971399932248,0.5114458608012167,-0.4554503008710058,-0.4662662951912459,0.6875288915859137,1.3508607239728638,-0.21492661366164062
2.272616406576055,-0.669454317782338,-0.5464348663973264,-1.5862963438418085,-1.7639222475366032,-0.9735788780984794,-1.6572960369449306,0.44369713459929544,-0.3881493470796771,0.9297848225614811,-0.009105375740202117,-0.7301374976412359,-0.8352341739186826,0.5664554488120747,-0.22452516145011528,0.07353545916997112,-0.19107337959659668,-0.32141107643573547,-1.550287037533492
2.5010362515627445,0.2682045725757973,-0.21626915900937718,-0.7325600007721043,0.46710475440377086,-0.44674536028746653,-1.0428708651649694,-0.3756311420001953,-1.8137679634794988,1.1988222299698439,-0.1053411679176317,-0.867488472133904,0.6494176203764089,0.1461845199807034,0.40994073635717837,-0.9734505558936497,-0.24168983404702699,0.18835368446837797,-0.7815072093005758
2.613426408730906,0.7046393943485761,-0.34663338868530397,-0.34065258155575695,-1.0132081343530663,-0.7061301308311293,-0.012223225807900973,-0.22173156594934326,0.20008828454025393,2.448177455971834,0.2936511452973497,-0.3847708763435582,-0.10211140169432557,-0.5378120162166743,-0.4789659643964338,0.24753647141842341,-0.24679946044838688,-1.0007623527981304,0.8790950712742399
2.9899489939300596,1.6012766192663919,-1.185470484144593,0.5650947812554911,-1.5274409618267681,0.32543290590812707,0.6160693732318626,0.9603853273286918,0.34163791670663834,-0.5745121166957975,0.005751563886231999,-1.0819776625263,-0.2898408809314775,0.24135526194607215,0.8689249124948635,-0.13183571082167736,-0.2517245353461821,-0.22294657724405548,0.6833366841831313
2.876776864173199,-0.6919967775004656,-3.477417080758437,-0.3456518212559691,-1.2650210179109131,0.7889228693255593,0.7841462350778124,1.333263608339395,-1.2923440209966044,1.8471059449002813,0.6215180593057325,0.8789257088721101,0.5047612976713054,0.18833450646408054,0.06786742634710835,0.30878347124037586,-0.16947304802561586,-0.4920730749333149,-0.24379849574202603
3.029674864802674,-0.2533080243611252,-2.2625280589125456,-1.1827728004065978,-1.4286941229637617,0.3637434720092684,0.6259582349024093,1.3760270860622532,-0.41239287377406525,-0.7651635235929167,-0.6780974733048569,0.21240018353352147,-0.5729310513306662,0.4128163066614429,0.770184543776765,-0.25094853017094,-0.10172607486507632,0.3164004276568853,0.2686573104288361
2.6271220242355695,-2.1776777676305863,-0.5021870098034001,-0.5577116356610351,-0.886905915776896,-1.353824572821153,0.4326473997533559,-0.0794572324271504,-0.8063248844482418,0.22474401917730338,-0.5018033866360347,1.233117253480629,-0.468728785350412,-0.27561030704001777,0.7576189021469755,0.5584102101592675,0.3803208769203804,-0.024216048938865038,-0.6630432566521827
3.1766244869703097,-0.5484853488756666,-1.8181126172100737,-0.8696015829942894,-0.2217556469536094,1.4817128375265414,0.4814093539698353,1.165024334125438,-0.5630033844038771,-0.14824153998605927,-0.43898399789035925,-0.6303940404816191,-1.3273341814015427,-0.03545820236216395,0.1985251487373519,-0.346976796108502,0.30375975318083587,-0.47852502432816535,0.26240000081162407
3.3107862733771793,0.9381961609995828,-0.14324208925481,1.293097903507957,-2.348255953093782,-1.9126704820568547,0.1430895453082183,-0.2206093185806876,0.38164424973490374,0.6613313355938885,-1.237454438562845,-0.7304786967088507,1.2670376309501943,-0.41298002011931123,-0.5142489881561124,0.6521848774650337,0.7864720952408263,-0.31436087934359963,0.9067196172071359
3.2826259494015844,0.7714909673287548,0.9234010226148991,0.16599547774515402,-1.4607927649513712,0.10285259290866218,3.2464496495273765,1.0803183359829818,0.28193055864312333,-1.4144080274534248,0.9620527195038042,-0.0768436118780882,-1.1624837800040522,0.25686983160162796,0.6038330201729953,0.27060545714248224,-1.2816871089816162,-1.065463499004452,-0.8699682534741202
3.6333642433378364,-0.8357976506240541,-1.6898396655352492,0.5065667836152878,-0.415707816501267,-0.5460846375657186,-0.5903320221463901,-0.320713308063017,-0.03781567402983726,0.31717519526139737,-0.6819096044230645,-0.7802115817736054,1.753479676443943,-0.9070106355118418,-0.08526147918668574,0.8519529980550187,-0.7438627657369544,0.259352467347804,0.17460638802839357
4.090445831547177,0.324673448988795,3.7336733897925116,0.993034869634396,0.9854241484434735,1.4095476897627475,-0.7090193030308731,2.2339998585252974,-0.2470300144599379,-1.2146036809123422,-0.3546970702940719,0.7539977749004003,0.5494474197952215,-0.061057590018710715,0.8444947459132461,-1.037325662418015,0.3747073541450338,-0.4559293033919708,-0.02816745529040471
4.52486192229408,1.1289007439424301,-2.288289816692771,-1.3452700678251854,0.21031156186692604,0.6192655110457892,0.3411885486378059,1.0161095971469871,-0.8987262393987622,-0.7633170617181528,0.2520430477796652,1.0977885928393163,0.7323952662727167,0.8964414992443106,-1.0599317680545837,1.6240577724881087,-0.5309223580233978,0.542201875548643,0.3173683132248544
3.8003489355061295,-2.51589395105112,-1.2395246532720257,0.5003757231494018,-0.2044916267094781,-0.48781205034823444,0.22143012927047406,-0.9311210239501733,-0.04214534631373056,-0.9836655787610179,0.03619044054132734,-0.6446939010359883,0.4430821120361424,0.2663895013571861,0.9379010900809615,0.37000313912125815,-0.7618464094449442,-0.040110990363255015,0.2572621039331539
4.2979885861097245,-0.6409080677934109,-0.8672570552729355,0.4051425012223862,1.0876292331757826,0.3848626511372939,-0.5931841910414543,-1.1823052721139073,-0.8962123238285529,0.11211919808947371,0.9297206201022551,-0.18596345356095279,0.7135133834218528,0.7203793579660371,-1.3073292311392046,0.10446316018416148,-0.35931332743130584,-0.2315703773936576,0.45019372625988974
4.568054277201302,2.566081260273586,0.9230137498931331,-0.1952352273449112,-0.16616431824377323,0.35629849790711604,-0.5718461976538937,-1.3380258113289438,-0.11824273642897408,0.3619644001049445,-0.4936087180472835,1.058199824960574,-0.1013153256081023,-0.5889863497417265,-0.4059084493623289,-0.4935960578554432,0.6494214037789651,0.4641584670748067,-0.22297000212704293
4.301358056752767,0.6316417993345814,-0.40797512374764344,0.037459363442658045,0.2610700432714512,-0.024730309935411345,-1.511175111342489,-0.6925260567341162,2.1825984348439893,0.5278718551491488,0.6142550710347416,-0.46240437035048165,-1.3448987462855986,0.501645053790447,0.6500234140292046,-0.7413389827349253,0.7579977608930185,-0.16720656270046969,-0.6226867724876418
4.204955856361125,-1.0414846339676824,-0.13020726474727196,-0.030333648710611096,0.22106935351439883,-1.4532574446401585,-0.6129392073750453,0.7710464629680954,0.7679820786153526,-0.07006503291368542,-2.0424888701005104,0.2491471607135438,-1.4334132956098744,0.7635587139421739,-0.613521553696797,-0.5185885903436298,-0.002021823270946812,0.26670547350680446,-0.35063610347596197
4.127478097010023,-1.1614854045734548,2.7080948705753145,-1.411046281625336,-1.554202789176203,0.45838853460160517,1.1909388818262454,0.7590818211968412,1.4998155844680032,0.7968184465010085,0.693239763727822,-1.3118485710626504,0.014241558964934462,0.10878686531864837,-1.258164568943426,-0.530525172164814,0.5258555334532032,1.1136440017543423,0.0955667302383621
4.511848819345076,1.3001991634741499,3.975944120943326,0.048631751630213126,1.5168293712040188,-2.9664211641884495,0.5118664653328043,0.9499403819150775,0.17595813248927836,0.2989003926541599,-0.8124721882502349,1.4763670944079494,-1.1912341168461533,0.8092248306085905,-0.2824664226934225,0.02267095695698335,-0.46734512611766515,0.23945563717657775,0.28617093464995397
4.3007460874898245,-1.710262132667337,-1.1581581359027935,-0.7436442216436687,-0.9253261597908319,-0.33005788089549637,-0.43113329793721544,2.399411560055039,-1.8344823768166527,-0.5073413003644918,-0.9722684331430899,1.2053676693309232,-1.4155143504921845,-0.9128716260422876,0.5813175617103168,-0.37620388074123723,-0.3432235539454752,0.19803796101001492,-0.19996422621125465
5.073987517338422,2.7237046125307196,1.303018958064469,0.20557155636738753,1.228894381918767,-0.12487604313909004,0.34623675720275204,1.0200089388239417,0.5396782161923391,-0.6673125642337502,2.123819616717413,-0.8578853823543492,0.4975161551200873,0.25618337560095567,0.3980047566515478,0.747298701752917,0.2333169615861976,0.22587941563709266,-0.050171568981717714
5.152596888521463,0.29513488069305693,-1.0788232589583744,0.7042327215670428,0.07203938701052504,-0.7895720662513532,-0.7018570293677847,-1.1169126072117208,-0.8794469588618133,-0.311182613243049,-1.373064837533828,-0.7379368341373798,1.5070560123158872,1.1649203324631903,0.21198481972203834,0.20232362658363506,0.12715121480208585,-0.23921550230315472,0.34323123759234103
5.692734973313009,1.9755080447520303,-0.33609786847893147,-0.9239106765350795,-0.34170531755187816,0.2561991869384067,-0.8451642863344717,1.0457227861995533,-0.7813961567171661,-0.9891821484935974,0.7466340239196944,0.6768182428243668,-0.26995597117950976,0.49692250350559025,-0.5412279413007762,0.6392314846519086,0.48658479817506106,0.3162725101645094,0.5891676096255083
5.967404566428504,2.690989154322137,0.5937668188753283,1.4168360049082394,-0.5610909849253091,1.2836445296574213,0.04609127575791727,0.22701973022072242,-1.0358132690233317,-0.3112530332166426,0.8862135130807579,0.1751580043195249,-0.2170619276359909,-1.1035656553148203,-0.09211511873998537,-0.7324185577190826,0.783823995445676,1.0281811700735985,0.19006375233162623
5.577923389910244,-0.6961420483424183,0.5877042254031113,0.8803355078886558,2.7019692555222354,0.4475329148389167,-0.10837898710076226,-1.2416808610988972,-0.6122328186369755,-0.6918178924250711,-0.3962896385388557,0.6607001327328687,0.05532512890640674,-0.6303732464226288,0.40776424862193844,-0.31267316180389665,0.18407032267576087,0.1398246325035438,-0.6818535641383232
5.381424590888446,0.02820240561589348,1.1703939564467385,-2.2086218697332383,0.38255631289855174,-1.7035963075462242,0.44399639735473595,0.10644965972881068,-0.9071369322909566,0.6962587652255571,0.3637198502253252,-1.7076149292958112,0.5572320474707855,0.0257416392368925,0.3559485448297086,-1.4883907802238943,0.10663971196105239,0.4878922115164926,-0.5440376577145519
